[2026-04-06T22:29:30.676Z] [INFO] ━━━━━━━━━━━━━━━━━━━━━━━━━━━━━━━━━━━━━━━━━━━━━━━━━━━━━━━━━━━━
[2026-04-06T22:29:30.677Z] [INFO] NightShift Daemon Starting
[2026-04-06T22:29:30.677Z] [INFO] ━━━━━━━━━━━━━━━━━━━━━━━━━━━━━━━━━━━━━━━━━━━━━━━━━━━━━━━━━━━━
[2026-04-06T22:29:30.677Z] [INFO] Mode: TEST
[2026-04-06T22:29:30.677Z] [INFO] Refresh interval: 30s
[2026-04-06T22:29:30.677Z] [INFO] Log file: C:\Users\royce\Desktop\nightshift-ai\data\logs\daemon-2026-04-06.log
[2026-04-06T22:29:30.678Z] [INFO] ━━━━━━━━━━━━━━━━━━━━━━━━━━━━━━━━━━━━━━━━━━━━━━━━━━━━━━━━━━━━
[2026-04-06T22:29:30.929Z] [INFO] Test mode schedule:
[2026-04-06T22:29:30.952Z] [INFO]   Next overnight run: 6:31:30 PM (in 120s)
[2026-04-06T22:29:30.953Z] [INFO]   Next brief: 6:32:30 PM (in 180s)
[2026-04-06T22:29:30.954Z] [INFO] Starting refresh cycle...
[2026-04-06T22:29:30.955Z] [INFO]   → Scraping Canvas for new assignments...
[2026-04-06T22:29:31.088Z] [ERROR]   ⚠️  Canvas scrape failed: Command failed: node orchestration/scrape-canvas.mjs
❌ Missing --user-id parameter
Usage: node scrape-canvas.mjs --user-id=USER_ID

[2026-04-06T22:29:31.091Z] [ERROR] Error: Command failed: node orchestration/scrape-canvas.mjs
❌ Missing --user-id parameter
Usage: node scrape-canvas.mjs --user-id=USER_ID

    at genericNodeError (node:internal/errors:985:15)
    at wrappedFn (node:internal/errors:539:14)
    at ChildProcess.exithandler (node:child_process:417:12)
    at ChildProcess.emit (node:events:508:28)
    at maybeClose (node:internal/child_process:1100:16)
    at ChildProcess._handle.onexit (node:internal/child_process:305:5)
[2026-04-06T22:29:31.091Z] [INFO]   → Embedding new messages...
[2026-04-06T22:29:33.337Z] [INFO]   ✅ Embedded 0 new messages
[2026-04-06T22:29:33.337Z] [INFO]   → Running project detection...
[2026-04-06T22:29:34.400Z] [INFO]   ✅ Detected 0 projects
[2026-04-06T22:29:34.400Z] [INFO] Refresh cycle complete in 3.4s
[2026-04-06T22:29:34.401Z] [INFO] Daemon main loop started
[2026-04-06T22:30:04.417Z] [INFO] Starting refresh cycle...
[2026-04-06T22:30:04.417Z] [INFO]   → Scraping Canvas for new assignments...
[2026-04-06T22:30:04.555Z] [ERROR]   ⚠️  Canvas scrape failed: Command failed: node orchestration/scrape-canvas.mjs
❌ Missing --user-id parameter
Usage: node scrape-canvas.mjs --user-id=USER_ID

[2026-04-06T22:30:04.555Z] [ERROR] Error: Command failed: node orchestration/scrape-canvas.mjs
❌ Missing --user-id parameter
Usage: node scrape-canvas.mjs --user-id=USER_ID

    at genericNodeError (node:internal/errors:985:15)
    at wrappedFn (node:internal/errors:539:14)
    at ChildProcess.exithandler (node:child_process:417:12)
    at ChildProcess.emit (node:events:508:28)
    at maybeClose (node:internal/child_process:1100:16)
    at ChildProcess._handle.onexit (node:internal/child_process:305:5)
[2026-04-06T22:30:04.555Z] [INFO]   → Embedding new messages...
[2026-04-06T22:30:06.765Z] [INFO]   ✅ Embedded 0 new messages
[2026-04-06T22:30:06.765Z] [INFO]   → Running project detection...
[2026-04-06T22:30:07.843Z] [INFO]   ✅ Detected 0 projects
[2026-04-06T22:30:07.844Z] [INFO] Refresh cycle complete in 3.4s
[2026-04-06T22:30:34.423Z] [INFO] Starting refresh cycle...
[2026-04-06T22:30:34.424Z] [INFO]   → Scraping Canvas for new assignments...
[2026-04-06T22:30:34.550Z] [ERROR]   ⚠️  Canvas scrape failed: Command failed: node orchestration/scrape-canvas.mjs
❌ Missing --user-id parameter
Usage: node scrape-canvas.mjs --user-id=USER_ID

[2026-04-06T22:30:34.551Z] [ERROR] Error: Command failed: node orchestration/scrape-canvas.mjs
❌ Missing --user-id parameter
Usage: node scrape-canvas.mjs --user-id=USER_ID

    at genericNodeError (node:internal/errors:985:15)
    at wrappedFn (node:internal/errors:539:14)
    at ChildProcess.exithandler (node:child_process:417:12)
    at ChildProcess.emit (node:events:508:28)
    at maybeClose (node:internal/child_process:1100:16)
    at ChildProcess._handle.onexit (node:internal/child_process:305:5)
[2026-04-06T22:30:34.551Z] [INFO]   → Embedding new messages...
[2026-04-06T22:30:36.697Z] [INFO]   ✅ Embedded 0 new messages
[2026-04-06T22:30:36.697Z] [INFO]   → Running project detection...
[2026-04-06T22:30:37.748Z] [INFO]   ✅ Detected 0 projects
[2026-04-06T22:30:37.748Z] [INFO] Refresh cycle complete in 3.3s
[2026-04-06T22:31:04.427Z] [INFO] Starting refresh cycle...
[2026-04-06T22:31:04.427Z] [INFO]   → Scraping Canvas for new assignments...
[2026-04-06T22:31:04.550Z] [ERROR]   ⚠️  Canvas scrape failed: Command failed: node orchestration/scrape-canvas.mjs
❌ Missing --user-id parameter
Usage: node scrape-canvas.mjs --user-id=USER_ID

[2026-04-06T22:31:04.551Z] [ERROR] Error: Command failed: node orchestration/scrape-canvas.mjs
❌ Missing --user-id parameter
Usage: node scrape-canvas.mjs --user-id=USER_ID

    at genericNodeError (node:internal/errors:985:15)
    at wrappedFn (node:internal/errors:539:14)
    at ChildProcess.exithandler (node:child_process:417:12)
    at ChildProcess.emit (node:events:508:28)
    at maybeClose (node:internal/child_process:1100:16)
    at ChildProcess._handle.onexit (node:internal/child_process:305:5)
[2026-04-06T22:31:04.551Z] [INFO]   → Embedding new messages...
[2026-04-06T22:31:06.641Z] [INFO]   ✅ Embedded 0 new messages
[2026-04-06T22:31:06.641Z] [INFO]   → Running project detection...
[2026-04-06T22:31:07.759Z] [INFO]   ✅ Detected 0 projects
[2026-04-06T22:31:07.759Z] [INFO] Refresh cycle complete in 3.3s
[2026-04-06T22:31:34.434Z] [INFO] Starting refresh cycle...
[2026-04-06T22:31:34.434Z] [INFO]   → Scraping Canvas for new assignments...
[2026-04-06T22:31:34.521Z] [INFO] ━━━━━━━━━━━━━━━━━━━━━━━━━━━━━━━━━━━━━━━━━━━━━━━━━━━━━━━━━━━━
[2026-04-06T22:31:34.521Z] [INFO] Starting overnight loop...
[2026-04-06T22:31:34.521Z] [INFO] ━━━━━━━━━━━━━━━━━━━━━━━━━━━━━━━━━━━━━━━━━━━━━━━━━━━━━━━━━━━━
[2026-04-06T22:31:34.521Z] [INFO]   → Fetching handoff queue...
[2026-04-06T22:31:34.558Z] [ERROR]   ⚠️  Canvas scrape failed: Command failed: node orchestration/scrape-canvas.mjs
❌ Missing --user-id parameter
Usage: node scrape-canvas.mjs --user-id=USER_ID

[2026-04-06T22:31:34.558Z] [ERROR] Error: Command failed: node orchestration/scrape-canvas.mjs
❌ Missing --user-id parameter
Usage: node scrape-canvas.mjs --user-id=USER_ID

    at genericNodeError (node:internal/errors:985:15)
    at wrappedFn (node:internal/errors:539:14)
    at ChildProcess.exithandler (node:child_process:417:12)
    at ChildProcess.emit (node:events:508:28)
    at maybeClose (node:internal/child_process:1100:16)
    at ChildProcess._handle.onexit (node:internal/child_process:305:5)
[2026-04-06T22:31:34.558Z] [INFO]   → Embedding new messages...
[2026-04-06T22:31:34.629Z] [ERROR] Overnight loop failed: Failed to fetch projects
[2026-04-06T22:31:34.629Z] [ERROR] Error: Failed to fetch projects
    at runOvernightLoop (file:///C:/Users/royce/Desktop/nightshift-ai/orchestration/nightshift-daemon.mjs:241:13)
    at process.processTicksAndRejections (node:internal/process/task_queues:104:5)
    at async Timeout._onTimeout (file:///C:/Users/royce/Desktop/nightshift-ai/orchestration/nightshift-daemon.mjs:545:7)
[2026-04-06T22:31:34.688Z] [INFO] Test mode schedule:
[2026-04-06T22:31:34.688Z] [INFO]   Next overnight run: 6:31:30 PM (in -4s)
[2026-04-06T22:31:34.688Z] [INFO]   Next brief: 6:32:30 PM (in 56s)
[2026-04-06T22:31:36.734Z] [INFO]   ✅ Embedded 0 new messages
[2026-04-06T22:31:36.734Z] [INFO]   → Running project detection...
[2026-04-06T22:31:37.783Z] [INFO]   ✅ Detected 0 projects
[2026-04-06T22:31:37.784Z] [INFO] Refresh cycle complete in 3.3s
[2026-04-06T22:31:44.534Z] [INFO] ━━━━━━━━━━━━━━━━━━━━━━━━━━━━━━━━━━━━━━━━━━━━━━━━━━━━━━━━━━━━
[2026-04-06T22:31:44.534Z] [INFO] Starting overnight loop...
[2026-04-06T22:31:44.534Z] [INFO] ━━━━━━━━━━━━━━━━━━━━━━━━━━━━━━━━━━━━━━━━━━━━━━━━━━━━━━━━━━━━
[2026-04-06T22:31:44.534Z] [INFO]   → Fetching handoff queue...
[2026-04-06T22:31:44.569Z] [ERROR] Overnight loop failed: Failed to fetch projects
[2026-04-06T22:31:44.570Z] [ERROR] Error: Failed to fetch projects
    at runOvernightLoop (file:///C:/Users/royce/Desktop/nightshift-ai/orchestration/nightshift-daemon.mjs:241:13)
    at process.processTicksAndRejections (node:internal/process/task_queues:104:5)
    at async Timeout._onTimeout (file:///C:/Users/royce/Desktop/nightshift-ai/orchestration/nightshift-daemon.mjs:545:7)
[2026-04-06T22:31:44.626Z] [INFO] Test mode schedule:
[2026-04-06T22:31:44.626Z] [INFO]   Next overnight run: 6:31:30 PM (in -14s)
[2026-04-06T22:31:44.626Z] [INFO]   Next brief: 6:32:30 PM (in 46s)
[2026-04-06T22:31:54.544Z] [INFO] ━━━━━━━━━━━━━━━━━━━━━━━━━━━━━━━━━━━━━━━━━━━━━━━━━━━━━━━━━━━━
[2026-04-06T22:31:54.544Z] [INFO] Starting overnight loop...
[2026-04-06T22:31:54.544Z] [INFO] ━━━━━━━━━━━━━━━━━━━━━━━━━━━━━━━━━━━━━━━━━━━━━━━━━━━━━━━━━━━━
[2026-04-06T22:31:54.544Z] [INFO]   → Fetching handoff queue...
[2026-04-06T22:31:54.578Z] [ERROR] Overnight loop failed: Failed to fetch projects
[2026-04-06T22:31:54.579Z] [ERROR] Error: Failed to fetch projects
    at runOvernightLoop (file:///C:/Users/royce/Desktop/nightshift-ai/orchestration/nightshift-daemon.mjs:241:13)
    at process.processTicksAndRejections (node:internal/process/task_queues:104:5)
    at async Timeout._onTimeout (file:///C:/Users/royce/Desktop/nightshift-ai/orchestration/nightshift-daemon.mjs:545:7)
[2026-04-06T22:31:54.636Z] [INFO] Test mode schedule:
[2026-04-06T22:31:54.637Z] [INFO]   Next overnight run: 6:31:30 PM (in -24s)
[2026-04-06T22:31:54.637Z] [INFO]   Next brief: 6:32:30 PM (in 36s)
[2026-04-06T22:32:04.437Z] [INFO] Starting refresh cycle...
[2026-04-06T22:32:04.437Z] [INFO]   → Scraping Canvas for new assignments...
[2026-04-06T22:32:04.548Z] [INFO] ━━━━━━━━━━━━━━━━━━━━━━━━━━━━━━━━━━━━━━━━━━━━━━━━━━━━━━━━━━━━
[2026-04-06T22:32:04.548Z] [INFO] Starting overnight loop...
[2026-04-06T22:32:04.548Z] [INFO] ━━━━━━━━━━━━━━━━━━━━━━━━━━━━━━━━━━━━━━━━━━━━━━━━━━━━━━━━━━━━
[2026-04-06T22:32:04.548Z] [INFO]   → Fetching handoff queue...
[2026-04-06T22:32:04.560Z] [ERROR]   ⚠️  Canvas scrape failed: Command failed: node orchestration/scrape-canvas.mjs
❌ Missing --user-id parameter
Usage: node scrape-canvas.mjs --user-id=USER_ID

[2026-04-06T22:32:04.560Z] [ERROR] Error: Command failed: node orchestration/scrape-canvas.mjs
❌ Missing --user-id parameter
Usage: node scrape-canvas.mjs --user-id=USER_ID

    at genericNodeError (node:internal/errors:985:15)
    at wrappedFn (node:internal/errors:539:14)
    at ChildProcess.exithandler (node:child_process:417:12)
    at ChildProcess.emit (node:events:508:28)
    at maybeClose (node:internal/child_process:1100:16)
    at ChildProcess._handle.onexit (node:internal/child_process:305:5)
[2026-04-06T22:32:04.560Z] [INFO]   → Embedding new messages...
[2026-04-06T22:32:04.591Z] [ERROR] Overnight loop failed: Failed to fetch projects
[2026-04-06T22:32:04.591Z] [ERROR] Error: Failed to fetch projects
    at runOvernightLoop (file:///C:/Users/royce/Desktop/nightshift-ai/orchestration/nightshift-daemon.mjs:241:13)
    at process.processTicksAndRejections (node:internal/process/task_queues:104:5)
    at async Timeout._onTimeout (file:///C:/Users/royce/Desktop/nightshift-ai/orchestration/nightshift-daemon.mjs:545:7)
[2026-04-06T22:32:04.657Z] [INFO] Test mode schedule:
[2026-04-06T22:32:04.657Z] [INFO]   Next overnight run: 6:31:30 PM (in -34s)
[2026-04-06T22:32:04.657Z] [INFO]   Next brief: 6:32:30 PM (in 26s)
[2026-04-06T22:32:06.680Z] [INFO]   ✅ Embedded 0 new messages
[2026-04-06T22:32:06.680Z] [INFO]   → Running project detection...
[2026-04-06T22:32:07.737Z] [INFO]   ✅ Detected 0 projects
[2026-04-06T22:32:07.738Z] [INFO] Refresh cycle complete in 3.3s
[2026-04-06T22:32:14.563Z] [INFO] ━━━━━━━━━━━━━━━━━━━━━━━━━━━━━━━━━━━━━━━━━━━━━━━━━━━━━━━━━━━━
[2026-04-06T22:32:14.563Z] [INFO] Starting overnight loop...
[2026-04-06T22:32:14.563Z] [INFO] ━━━━━━━━━━━━━━━━━━━━━━━━━━━━━━━━━━━━━━━━━━━━━━━━━━━━━━━━━━━━
[2026-04-06T22:32:14.563Z] [INFO]   → Fetching handoff queue...
[2026-04-06T22:32:14.599Z] [ERROR] Overnight loop failed: Failed to fetch projects
[2026-04-06T22:32:14.599Z] [ERROR] Error: Failed to fetch projects
    at runOvernightLoop (file:///C:/Users/royce/Desktop/nightshift-ai/orchestration/nightshift-daemon.mjs:241:13)
    at process.processTicksAndRejections (node:internal/process/task_queues:104:5)
    at async Timeout._onTimeout (file:///C:/Users/royce/Desktop/nightshift-ai/orchestration/nightshift-daemon.mjs:545:7)
[2026-04-06T22:32:14.656Z] [INFO] Test mode schedule:
[2026-04-06T22:32:14.656Z] [INFO]   Next overnight run: 6:31:30 PM (in -44s)
[2026-04-06T22:32:14.656Z] [INFO]   Next brief: 6:32:30 PM (in 16s)
[2026-04-06T22:32:24.572Z] [INFO] ━━━━━━━━━━━━━━━━━━━━━━━━━━━━━━━━━━━━━━━━━━━━━━━━━━━━━━━━━━━━
[2026-04-06T22:32:24.572Z] [INFO] Starting overnight loop...
[2026-04-06T22:32:24.572Z] [INFO] ━━━━━━━━━━━━━━━━━━━━━━━━━━━━━━━━━━━━━━━━━━━━━━━━━━━━━━━━━━━━
[2026-04-06T22:32:24.572Z] [INFO]   → Fetching handoff queue...
[2026-04-06T22:32:24.611Z] [ERROR] Overnight loop failed: Failed to fetch projects
[2026-04-06T22:32:24.611Z] [ERROR] Error: Failed to fetch projects
    at runOvernightLoop (file:///C:/Users/royce/Desktop/nightshift-ai/orchestration/nightshift-daemon.mjs:241:13)
    at process.processTicksAndRejections (node:internal/process/task_queues:104:5)
    at async Timeout._onTimeout (file:///C:/Users/royce/Desktop/nightshift-ai/orchestration/nightshift-daemon.mjs:545:7)
[2026-04-06T22:32:24.687Z] [INFO] Test mode schedule:
[2026-04-06T22:32:24.687Z] [INFO]   Next overnight run: 6:31:30 PM (in -54s)
[2026-04-06T22:32:24.687Z] [INFO]   Next brief: 6:32:30 PM (in 6s)
[2026-04-06T22:32:34.437Z] [INFO] Starting refresh cycle...
[2026-04-06T22:32:34.437Z] [INFO]   → Scraping Canvas for new assignments...
[2026-04-06T22:32:34.572Z] [INFO] ━━━━━━━━━━━━━━━━━━━━━━━━━━━━━━━━━━━━━━━━━━━━━━━━━━━━━━━━━━━━
[2026-04-06T22:32:34.572Z] [INFO] Starting overnight loop...
[2026-04-06T22:32:34.572Z] [INFO] ━━━━━━━━━━━━━━━━━━━━━━━━━━━━━━━━━━━━━━━━━━━━━━━━━━━━━━━━━━━━
[2026-04-06T22:32:34.573Z] [INFO]   → Fetching handoff queue...
[2026-04-06T22:32:34.573Z] [ERROR]   ⚠️  Canvas scrape failed: Command failed: node orchestration/scrape-canvas.mjs
❌ Missing --user-id parameter
Usage: node scrape-canvas.mjs --user-id=USER_ID

[2026-04-06T22:32:34.573Z] [ERROR] Error: Command failed: node orchestration/scrape-canvas.mjs
❌ Missing --user-id parameter
Usage: node scrape-canvas.mjs --user-id=USER_ID

    at genericNodeError (node:internal/errors:985:15)
    at wrappedFn (node:internal/errors:539:14)
    at ChildProcess.exithandler (node:child_process:417:12)
    at ChildProcess.emit (node:events:508:28)
    at maybeClose (node:internal/child_process:1100:16)
    at ChildProcess._handle.onexit (node:internal/child_process:305:5)
[2026-04-06T22:32:34.574Z] [INFO]   → Embedding new messages...
[2026-04-06T22:32:34.620Z] [ERROR] Overnight loop failed: Failed to fetch projects
[2026-04-06T22:32:34.620Z] [ERROR] Error: Failed to fetch projects
    at runOvernightLoop (file:///C:/Users/royce/Desktop/nightshift-ai/orchestration/nightshift-daemon.mjs:241:13)
    at process.processTicksAndRejections (node:internal/process/task_queues:104:5)
    at async Timeout._onTimeout (file:///C:/Users/royce/Desktop/nightshift-ai/orchestration/nightshift-daemon.mjs:545:7)
[2026-04-06T22:32:34.688Z] [INFO] Test mode schedule:
[2026-04-06T22:32:34.688Z] [INFO]   Next overnight run: 6:31:30 PM (in -64s)
[2026-04-06T22:32:34.688Z] [INFO]   Next brief: 6:32:30 PM (in -4s)
[2026-04-06T22:32:34.689Z] [INFO] ━━━━━━━━━━━━━━━━━━━━━━━━━━━━━━━━━━━━━━━━━━━━━━━━━━━━━━━━━━━━
[2026-04-06T22:32:34.690Z] [INFO] Generating morning brief...
[2026-04-06T22:32:34.690Z] [INFO] ━━━━━━━━━━━━━━━━━━━━━━━━━━━━━━━━━━━━━━━━━━━━━━━━━━━━━━━━━━━━
[2026-04-06T22:32:34.690Z] [INFO]   → Calling /api/brief...
[2026-04-06T22:32:34.784Z] [ERROR] Morning brief generation failed: Failed to generate brief
[2026-04-06T22:32:34.785Z] [ERROR] Error: Failed to generate brief
    at generateMorningBrief (file:///C:/Users/royce/Desktop/nightshift-ai/orchestration/nightshift-daemon.mjs:365:13)
    at process.processTicksAndRejections (node:internal/process/task_queues:104:5)
    at async Timeout._onTimeout (file:///C:/Users/royce/Desktop/nightshift-ai/orchestration/nightshift-daemon.mjs:554:7)
[2026-04-06T22:32:34.846Z] [INFO] Test mode schedule:
[2026-04-06T22:32:34.846Z] [INFO]   Next overnight run: 6:31:30 PM (in -64s)
[2026-04-06T22:32:34.846Z] [INFO]   Next brief: 6:32:30 PM (in -4s)
[2026-04-06T22:32:36.781Z] [INFO]   ✅ Embedded 0 new messages
[2026-04-06T22:32:36.781Z] [INFO]   → Running project detection...
[2026-04-06T22:32:37.832Z] [INFO]   ✅ Detected 0 projects
[2026-04-06T22:32:37.832Z] [INFO] Refresh cycle complete in 3.4s
[2026-04-06T22:32:44.577Z] [INFO] ━━━━━━━━━━━━━━━━━━━━━━━━━━━━━━━━━━━━━━━━━━━━━━━━━━━━━━━━━━━━
[2026-04-06T22:32:44.577Z] [INFO] Starting overnight loop...
[2026-04-06T22:32:44.577Z] [INFO] ━━━━━━━━━━━━━━━━━━━━━━━━━━━━━━━━━━━━━━━━━━━━━━━━━━━━━━━━━━━━
[2026-04-06T22:32:44.577Z] [INFO]   → Fetching handoff queue...
[2026-04-06T22:32:44.612Z] [ERROR] Overnight loop failed: Failed to fetch projects
[2026-04-06T22:32:44.613Z] [ERROR] Error: Failed to fetch projects
    at runOvernightLoop (file:///C:/Users/royce/Desktop/nightshift-ai/orchestration/nightshift-daemon.mjs:241:13)
    at process.processTicksAndRejections (node:internal/process/task_queues:104:5)
    at async Timeout._onTimeout (file:///C:/Users/royce/Desktop/nightshift-ai/orchestration/nightshift-daemon.mjs:545:7)
[2026-04-06T22:32:44.671Z] [INFO] Test mode schedule:
[2026-04-06T22:32:44.671Z] [INFO]   Next overnight run: 6:31:30 PM (in -74s)
[2026-04-06T22:32:44.671Z] [INFO]   Next brief: 6:32:30 PM (in -14s)
[2026-04-06T22:32:44.672Z] [INFO] ━━━━━━━━━━━━━━━━━━━━━━━━━━━━━━━━━━━━━━━━━━━━━━━━━━━━━━━━━━━━
[2026-04-06T22:32:44.673Z] [INFO] Generating morning brief...
[2026-04-06T22:32:44.673Z] [INFO] ━━━━━━━━━━━━━━━━━━━━━━━━━━━━━━━━━━━━━━━━━━━━━━━━━━━━━━━━━━━━
[2026-04-06T22:32:44.673Z] [INFO]   → Calling /api/brief...
[2026-04-06T22:32:44.693Z] [ERROR] Morning brief generation failed: Failed to generate brief
[2026-04-06T22:32:44.694Z] [ERROR] Error: Failed to generate brief
    at generateMorningBrief (file:///C:/Users/royce/Desktop/nightshift-ai/orchestration/nightshift-daemon.mjs:365:13)
    at process.processTicksAndRejections (node:internal/process/task_queues:104:5)
    at async Timeout._onTimeout (file:///C:/Users/royce/Desktop/nightshift-ai/orchestration/nightshift-daemon.mjs:554:7)
[2026-04-06T22:32:44.749Z] [INFO] Test mode schedule:
[2026-04-06T22:32:44.750Z] [INFO]   Next overnight run: 6:31:30 PM (in -74s)
[2026-04-06T22:32:44.750Z] [INFO]   Next brief: 6:32:30 PM (in -14s)
[2026-04-06T22:32:54.585Z] [INFO] ━━━━━━━━━━━━━━━━━━━━━━━━━━━━━━━━━━━━━━━━━━━━━━━━━━━━━━━━━━━━
[2026-04-06T22:32:54.585Z] [INFO] Starting overnight loop...
[2026-04-06T22:32:54.585Z] [INFO] ━━━━━━━━━━━━━━━━━━━━━━━━━━━━━━━━━━━━━━━━━━━━━━━━━━━━━━━━━━━━
[2026-04-06T22:32:54.586Z] [INFO]   → Fetching handoff queue...
[2026-04-06T22:32:54.622Z] [ERROR] Overnight loop failed: Failed to fetch projects
[2026-04-06T22:32:54.622Z] [ERROR] Error: Failed to fetch projects
    at runOvernightLoop (file:///C:/Users/royce/Desktop/nightshift-ai/orchestration/nightshift-daemon.mjs:241:13)
    at process.processTicksAndRejections (node:internal/process/task_queues:104:5)
    at async Timeout._onTimeout (file:///C:/Users/royce/Desktop/nightshift-ai/orchestration/nightshift-daemon.mjs:545:7)
[2026-04-06T22:32:54.678Z] [INFO] Test mode schedule:
[2026-04-06T22:32:54.679Z] [INFO]   Next overnight run: 6:31:30 PM (in -84s)
[2026-04-06T22:32:54.679Z] [INFO]   Next brief: 6:32:30 PM (in -24s)
[2026-04-06T22:32:54.679Z] [INFO] ━━━━━━━━━━━━━━━━━━━━━━━━━━━━━━━━━━━━━━━━━━━━━━━━━━━━━━━━━━━━
[2026-04-06T22:32:54.680Z] [INFO] Generating morning brief...
[2026-04-06T22:32:54.680Z] [INFO] ━━━━━━━━━━━━━━━━━━━━━━━━━━━━━━━━━━━━━━━━━━━━━━━━━━━━━━━━━━━━
[2026-04-06T22:32:54.680Z] [INFO]   → Calling /api/brief...
[2026-04-06T22:32:54.705Z] [ERROR] Morning brief generation failed: Failed to generate brief
[2026-04-06T22:32:54.706Z] [ERROR] Error: Failed to generate brief
    at generateMorningBrief (file:///C:/Users/royce/Desktop/nightshift-ai/orchestration/nightshift-daemon.mjs:365:13)
    at process.processTicksAndRejections (node:internal/process/task_queues:104:5)
    at async Timeout._onTimeout (file:///C:/Users/royce/Desktop/nightshift-ai/orchestration/nightshift-daemon.mjs:554:7)
[2026-04-06T22:32:54.755Z] [INFO] Test mode schedule:
[2026-04-06T22:32:54.756Z] [INFO]   Next overnight run: 6:31:30 PM (in -84s)
[2026-04-06T22:32:54.756Z] [INFO]   Next brief: 6:32:30 PM (in -24s)
[2026-04-06T22:33:04.447Z] [INFO] Starting refresh cycle...
[2026-04-06T22:33:04.447Z] [INFO]   → Scraping Canvas for new assignments...
[2026-04-06T22:33:04.572Z] [ERROR]   ⚠️  Canvas scrape failed: Command failed: node orchestration/scrape-canvas.mjs
❌ Missing --user-id parameter
Usage: node scrape-canvas.mjs --user-id=USER_ID

[2026-04-06T22:33:04.572Z] [ERROR] Error: Command failed: node orchestration/scrape-canvas.mjs
❌ Missing --user-id parameter
Usage: node scrape-canvas.mjs --user-id=USER_ID

    at genericNodeError (node:internal/errors:985:15)
    at wrappedFn (node:internal/errors:539:14)
    at ChildProcess.exithandler (node:child_process:417:12)
    at ChildProcess.emit (node:events:508:28)
    at maybeClose (node:internal/child_process:1100:16)
    at ChildProcess._handle.onexit (node:internal/child_process:305:5)
[2026-04-06T22:33:04.572Z] [INFO]   → Embedding new messages...
[2026-04-06T22:33:04.597Z] [INFO] ━━━━━━━━━━━━━━━━━━━━━━━━━━━━━━━━━━━━━━━━━━━━━━━━━━━━━━━━━━━━
[2026-04-06T22:33:04.597Z] [INFO] Starting overnight loop...
[2026-04-06T22:33:04.597Z] [INFO] ━━━━━━━━━━━━━━━━━━━━━━━━━━━━━━━━━━━━━━━━━━━━━━━━━━━━━━━━━━━━
[2026-04-06T22:33:04.597Z] [INFO]   → Fetching handoff queue...
[2026-04-06T22:33:04.624Z] [ERROR] Overnight loop failed: Failed to fetch projects
[2026-04-06T22:33:04.624Z] [ERROR] Error: Failed to fetch projects
    at runOvernightLoop (file:///C:/Users/royce/Desktop/nightshift-ai/orchestration/nightshift-daemon.mjs:241:13)
    at process.processTicksAndRejections (node:internal/process/task_queues:104:5)
    at async Timeout._onTimeout (file:///C:/Users/royce/Desktop/nightshift-ai/orchestration/nightshift-daemon.mjs:545:7)
[2026-04-06T22:33:04.678Z] [INFO] Test mode schedule:
[2026-04-06T22:33:04.678Z] [INFO]   Next overnight run: 6:31:30 PM (in -94s)
[2026-04-06T22:33:04.678Z] [INFO]   Next brief: 6:32:30 PM (in -34s)
[2026-04-06T22:33:04.679Z] [INFO] ━━━━━━━━━━━━━━━━━━━━━━━━━━━━━━━━━━━━━━━━━━━━━━━━━━━━━━━━━━━━
[2026-04-06T22:33:04.680Z] [INFO] Generating morning brief...
[2026-04-06T22:33:04.680Z] [INFO] ━━━━━━━━━━━━━━━━━━━━━━━━━━━━━━━━━━━━━━━━━━━━━━━━━━━━━━━━━━━━
[2026-04-06T22:33:04.680Z] [INFO]   → Calling /api/brief...
[2026-04-06T22:33:04.700Z] [ERROR] Morning brief generation failed: Failed to generate brief
[2026-04-06T22:33:04.701Z] [ERROR] Error: Failed to generate brief
    at generateMorningBrief (file:///C:/Users/royce/Desktop/nightshift-ai/orchestration/nightshift-daemon.mjs:365:13)
    at process.processTicksAndRejections (node:internal/process/task_queues:104:5)
    at async Timeout._onTimeout (file:///C:/Users/royce/Desktop/nightshift-ai/orchestration/nightshift-daemon.mjs:554:7)
[2026-04-06T22:33:04.758Z] [INFO] Test mode schedule:
[2026-04-06T22:33:04.758Z] [INFO]   Next overnight run: 6:31:30 PM (in -94s)
[2026-04-06T22:33:04.758Z] [INFO]   Next brief: 6:32:30 PM (in -34s)
[2026-04-06T22:33:06.770Z] [INFO]   ✅ Embedded 0 new messages
[2026-04-06T22:33:06.770Z] [INFO]   → Running project detection...
[2026-04-06T22:33:07.813Z] [INFO]   ✅ Detected 0 projects
[2026-04-06T22:33:07.813Z] [INFO] Refresh cycle complete in 3.4s
[2026-04-06T22:33:14.606Z] [INFO] ━━━━━━━━━━━━━━━━━━━━━━━━━━━━━━━━━━━━━━━━━━━━━━━━━━━━━━━━━━━━
[2026-04-06T22:33:14.607Z] [INFO] Starting overnight loop...
[2026-04-06T22:33:14.607Z] [INFO] ━━━━━━━━━━━━━━━━━━━━━━━━━━━━━━━━━━━━━━━━━━━━━━━━━━━━━━━━━━━━
[2026-04-06T22:33:14.607Z] [INFO]   → Fetching handoff queue...
[2026-04-06T22:33:14.642Z] [ERROR] Overnight loop failed: Failed to fetch projects
[2026-04-06T22:33:14.643Z] [ERROR] Error: Failed to fetch projects
    at runOvernightLoop (file:///C:/Users/royce/Desktop/nightshift-ai/orchestration/nightshift-daemon.mjs:241:13)
    at process.processTicksAndRejections (node:internal/process/task_queues:104:5)
    at async Timeout._onTimeout (file:///C:/Users/royce/Desktop/nightshift-ai/orchestration/nightshift-daemon.mjs:545:7)
[2026-04-06T22:33:14.699Z] [INFO] Test mode schedule:
[2026-04-06T22:33:14.699Z] [INFO]   Next overnight run: 6:31:30 PM (in -104s)
[2026-04-06T22:33:14.699Z] [INFO]   Next brief: 6:32:30 PM (in -44s)
[2026-04-06T22:33:14.700Z] [INFO] ━━━━━━━━━━━━━━━━━━━━━━━━━━━━━━━━━━━━━━━━━━━━━━━━━━━━━━━━━━━━
[2026-04-06T22:33:14.700Z] [INFO] Generating morning brief...
[2026-04-06T22:33:14.700Z] [INFO] ━━━━━━━━━━━━━━━━━━━━━━━━━━━━━━━━━━━━━━━━━━━━━━━━━━━━━━━━━━━━
[2026-04-06T22:33:14.700Z] [INFO]   → Calling /api/brief...
[2026-04-06T22:33:14.724Z] [ERROR] Morning brief generation failed: Failed to generate brief
[2026-04-06T22:33:14.725Z] [ERROR] Error: Failed to generate brief
    at generateMorningBrief (file:///C:/Users/royce/Desktop/nightshift-ai/orchestration/nightshift-daemon.mjs:365:13)
    at process.processTicksAndRejections (node:internal/process/task_queues:104:5)
    at async Timeout._onTimeout (file:///C:/Users/royce/Desktop/nightshift-ai/orchestration/nightshift-daemon.mjs:554:7)
[2026-04-06T22:33:14.784Z] [INFO] Test mode schedule:
[2026-04-06T22:33:14.784Z] [INFO]   Next overnight run: 6:31:30 PM (in -104s)
[2026-04-06T22:33:14.784Z] [INFO]   Next brief: 6:32:30 PM (in -44s)
[2026-04-06T22:33:24.617Z] [INFO] ━━━━━━━━━━━━━━━━━━━━━━━━━━━━━━━━━━━━━━━━━━━━━━━━━━━━━━━━━━━━
[2026-04-06T22:33:24.617Z] [INFO] Starting overnight loop...
[2026-04-06T22:33:24.617Z] [INFO] ━━━━━━━━━━━━━━━━━━━━━━━━━━━━━━━━━━━━━━━━━━━━━━━━━━━━━━━━━━━━
[2026-04-06T22:33:24.617Z] [INFO]   → Fetching handoff queue...
[2026-04-06T22:33:24.653Z] [ERROR] Overnight loop failed: Failed to fetch projects
[2026-04-06T22:33:24.653Z] [ERROR] Error: Failed to fetch projects
    at runOvernightLoop (file:///C:/Users/royce/Desktop/nightshift-ai/orchestration/nightshift-daemon.mjs:241:13)
    at process.processTicksAndRejections (node:internal/process/task_queues:104:5)
    at async Timeout._onTimeout (file:///C:/Users/royce/Desktop/nightshift-ai/orchestration/nightshift-daemon.mjs:545:7)
[2026-04-06T22:33:24.718Z] [INFO] Test mode schedule:
[2026-04-06T22:33:24.719Z] [INFO]   Next overnight run: 6:31:30 PM (in -114s)
[2026-04-06T22:33:24.719Z] [INFO]   Next brief: 6:32:30 PM (in -54s)
[2026-04-06T22:33:24.720Z] [INFO] ━━━━━━━━━━━━━━━━━━━━━━━━━━━━━━━━━━━━━━━━━━━━━━━━━━━━━━━━━━━━
[2026-04-06T22:33:24.720Z] [INFO] Generating morning brief...
[2026-04-06T22:33:24.720Z] [INFO] ━━━━━━━━━━━━━━━━━━━━━━━━━━━━━━━━━━━━━━━━━━━━━━━━━━━━━━━━━━━━
[2026-04-06T22:33:24.720Z] [INFO]   → Calling /api/brief...
[2026-04-06T22:33:24.735Z] [ERROR] Morning brief generation failed: Failed to generate brief
[2026-04-06T22:33:24.735Z] [ERROR] Error: Failed to generate brief
    at generateMorningBrief (file:///C:/Users/royce/Desktop/nightshift-ai/orchestration/nightshift-daemon.mjs:365:13)
    at process.processTicksAndRejections (node:internal/process/task_queues:104:5)
    at async Timeout._onTimeout (file:///C:/Users/royce/Desktop/nightshift-ai/orchestration/nightshift-daemon.mjs:554:7)
[2026-04-06T22:33:24.795Z] [INFO] Test mode schedule:
[2026-04-06T22:33:24.795Z] [INFO]   Next overnight run: 6:31:30 PM (in -114s)
[2026-04-06T22:33:24.795Z] [INFO]   Next brief: 6:32:30 PM (in -54s)
[2026-04-06T22:33:34.460Z] [INFO] Starting refresh cycle...
[2026-04-06T22:33:34.460Z] [INFO]   → Scraping Canvas for new assignments...
[2026-04-06T22:33:34.598Z] [ERROR]   ⚠️  Canvas scrape failed: Command failed: node orchestration/scrape-canvas.mjs
❌ Missing --user-id parameter
Usage: node scrape-canvas.mjs --user-id=USER_ID

[2026-04-06T22:33:34.599Z] [ERROR] Error: Command failed: node orchestration/scrape-canvas.mjs
❌ Missing --user-id parameter
Usage: node scrape-canvas.mjs --user-id=USER_ID

    at genericNodeError (node:internal/errors:985:15)
    at wrappedFn (node:internal/errors:539:14)
    at ChildProcess.exithandler (node:child_process:417:12)
    at ChildProcess.emit (node:events:508:28)
    at maybeClose (node:internal/child_process:1100:16)
    at ChildProcess._handle.onexit (node:internal/child_process:305:5)
[2026-04-06T22:33:34.599Z] [INFO]   → Embedding new messages...
[2026-04-06T22:33:34.628Z] [INFO] ━━━━━━━━━━━━━━━━━━━━━━━━━━━━━━━━━━━━━━━━━━━━━━━━━━━━━━━━━━━━
[2026-04-06T22:33:34.628Z] [INFO] Starting overnight loop...
[2026-04-06T22:33:34.628Z] [INFO] ━━━━━━━━━━━━━━━━━━━━━━━━━━━━━━━━━━━━━━━━━━━━━━━━━━━━━━━━━━━━
[2026-04-06T22:33:34.628Z] [INFO]   → Fetching handoff queue...
[2026-04-06T22:33:34.647Z] [ERROR] Overnight loop failed: Failed to fetch projects
[2026-04-06T22:33:34.647Z] [ERROR] Error: Failed to fetch projects
    at runOvernightLoop (file:///C:/Users/royce/Desktop/nightshift-ai/orchestration/nightshift-daemon.mjs:241:13)
    at process.processTicksAndRejections (node:internal/process/task_queues:104:5)
    at async Timeout._onTimeout (file:///C:/Users/royce/Desktop/nightshift-ai/orchestration/nightshift-daemon.mjs:545:7)
[2026-04-06T22:33:34.706Z] [INFO] Test mode schedule:
[2026-04-06T22:33:34.706Z] [INFO]   Next overnight run: 6:31:30 PM (in -124s)
[2026-04-06T22:33:34.707Z] [INFO]   Next brief: 6:32:30 PM (in -64s)
[2026-04-06T22:33:34.708Z] [INFO] ━━━━━━━━━━━━━━━━━━━━━━━━━━━━━━━━━━━━━━━━━━━━━━━━━━━━━━━━━━━━
[2026-04-06T22:33:34.708Z] [INFO] Generating morning brief...
[2026-04-06T22:33:34.708Z] [INFO] ━━━━━━━━━━━━━━━━━━━━━━━━━━━━━━━━━━━━━━━━━━━━━━━━━━━━━━━━━━━━
[2026-04-06T22:33:34.708Z] [INFO]   → Calling /api/brief...
[2026-04-06T22:33:34.724Z] [ERROR] Morning brief generation failed: Failed to generate brief
[2026-04-06T22:33:34.724Z] [ERROR] Error: Failed to generate brief
    at generateMorningBrief (file:///C:/Users/royce/Desktop/nightshift-ai/orchestration/nightshift-daemon.mjs:365:13)
    at process.processTicksAndRejections (node:internal/process/task_queues:104:5)
    at async Timeout._onTimeout (file:///C:/Users/royce/Desktop/nightshift-ai/orchestration/nightshift-daemon.mjs:554:7)
[2026-04-06T22:33:34.790Z] [INFO] Test mode schedule:
[2026-04-06T22:33:34.790Z] [INFO]   Next overnight run: 6:31:30 PM (in -124s)
[2026-04-06T22:33:34.790Z] [INFO]   Next brief: 6:32:30 PM (in -64s)
[2026-04-06T22:33:36.888Z] [INFO]   ✅ Embedded 0 new messages
[2026-04-06T22:33:36.888Z] [INFO]   → Running project detection...
[2026-04-06T22:33:37.935Z] [INFO]   ✅ Detected 0 projects
[2026-04-06T22:33:37.935Z] [INFO] Refresh cycle complete in 3.5s
[2026-04-06T22:33:44.632Z] [INFO] ━━━━━━━━━━━━━━━━━━━━━━━━━━━━━━━━━━━━━━━━━━━━━━━━━━━━━━━━━━━━
[2026-04-06T22:33:44.632Z] [INFO] Starting overnight loop...
[2026-04-06T22:33:44.632Z] [INFO] ━━━━━━━━━━━━━━━━━━━━━━━━━━━━━━━━━━━━━━━━━━━━━━━━━━━━━━━━━━━━
[2026-04-06T22:33:44.632Z] [INFO]   → Fetching handoff queue...
[2026-04-06T22:33:44.660Z] [ERROR] Overnight loop failed: Failed to fetch projects
[2026-04-06T22:33:44.660Z] [ERROR] Error: Failed to fetch projects
    at runOvernightLoop (file:///C:/Users/royce/Desktop/nightshift-ai/orchestration/nightshift-daemon.mjs:241:13)
    at process.processTicksAndRejections (node:internal/process/task_queues:104:5)
    at async Timeout._onTimeout (file:///C:/Users/royce/Desktop/nightshift-ai/orchestration/nightshift-daemon.mjs:545:7)
[2026-04-06T22:33:44.718Z] [INFO] Test mode schedule:
[2026-04-06T22:33:44.718Z] [INFO]   Next overnight run: 6:31:30 PM (in -134s)
[2026-04-06T22:33:44.718Z] [INFO]   Next brief: 6:32:30 PM (in -74s)
[2026-04-06T22:33:44.719Z] [INFO] ━━━━━━━━━━━━━━━━━━━━━━━━━━━━━━━━━━━━━━━━━━━━━━━━━━━━━━━━━━━━
[2026-04-06T22:33:44.719Z] [INFO] Generating morning brief...
[2026-04-06T22:33:44.720Z] [INFO] ━━━━━━━━━━━━━━━━━━━━━━━━━━━━━━━━━━━━━━━━━━━━━━━━━━━━━━━━━━━━
[2026-04-06T22:33:44.720Z] [INFO]   → Calling /api/brief...
[2026-04-06T22:33:44.742Z] [ERROR] Morning brief generation failed: Failed to generate brief
[2026-04-06T22:33:44.742Z] [ERROR] Error: Failed to generate brief
    at generateMorningBrief (file:///C:/Users/royce/Desktop/nightshift-ai/orchestration/nightshift-daemon.mjs:365:13)
    at process.processTicksAndRejections (node:internal/process/task_queues:104:5)
    at async Timeout._onTimeout (file:///C:/Users/royce/Desktop/nightshift-ai/orchestration/nightshift-daemon.mjs:554:7)
[2026-04-06T22:33:44.809Z] [INFO] Test mode schedule:
[2026-04-06T22:33:44.809Z] [INFO]   Next overnight run: 6:31:30 PM (in -134s)
[2026-04-06T22:33:44.810Z] [INFO]   Next brief: 6:32:30 PM (in -74s)
[2026-04-06T22:33:54.645Z] [INFO] ━━━━━━━━━━━━━━━━━━━━━━━━━━━━━━━━━━━━━━━━━━━━━━━━━━━━━━━━━━━━
[2026-04-06T22:33:54.645Z] [INFO] Starting overnight loop...
[2026-04-06T22:33:54.645Z] [INFO] ━━━━━━━━━━━━━━━━━━━━━━━━━━━━━━━━━━━━━━━━━━━━━━━━━━━━━━━━━━━━
[2026-04-06T22:33:54.645Z] [INFO]   → Fetching handoff queue...
[2026-04-06T22:33:54.684Z] [ERROR] Overnight loop failed: Failed to fetch projects
[2026-04-06T22:33:54.684Z] [ERROR] Error: Failed to fetch projects
    at runOvernightLoop (file:///C:/Users/royce/Desktop/nightshift-ai/orchestration/nightshift-daemon.mjs:241:13)
    at process.processTicksAndRejections (node:internal/process/task_queues:104:5)
    at async Timeout._onTimeout (file:///C:/Users/royce/Desktop/nightshift-ai/orchestration/nightshift-daemon.mjs:545:7)
[2026-04-06T22:33:54.739Z] [INFO] Test mode schedule:
[2026-04-06T22:33:54.740Z] [INFO]   Next overnight run: 6:31:30 PM (in -144s)
[2026-04-06T22:33:54.740Z] [INFO]   Next brief: 6:32:30 PM (in -84s)
[2026-04-06T22:33:54.741Z] [INFO] ━━━━━━━━━━━━━━━━━━━━━━━━━━━━━━━━━━━━━━━━━━━━━━━━━━━━━━━━━━━━
[2026-04-06T22:33:54.741Z] [INFO] Generating morning brief...
[2026-04-06T22:33:54.741Z] [INFO] ━━━━━━━━━━━━━━━━━━━━━━━━━━━━━━━━━━━━━━━━━━━━━━━━━━━━━━━━━━━━
[2026-04-06T22:33:54.741Z] [INFO]   → Calling /api/brief...
[2026-04-06T22:33:54.766Z] [ERROR] Morning brief generation failed: Failed to generate brief
[2026-04-06T22:33:54.766Z] [ERROR] Error: Failed to generate brief
    at generateMorningBrief (file:///C:/Users/royce/Desktop/nightshift-ai/orchestration/nightshift-daemon.mjs:365:13)
    at process.processTicksAndRejections (node:internal/process/task_queues:104:5)
    at async Timeout._onTimeout (file:///C:/Users/royce/Desktop/nightshift-ai/orchestration/nightshift-daemon.mjs:554:7)
[2026-04-06T22:33:54.827Z] [INFO] Test mode schedule:
[2026-04-06T22:33:54.827Z] [INFO]   Next overnight run: 6:31:30 PM (in -144s)
[2026-04-06T22:33:54.827Z] [INFO]   Next brief: 6:32:30 PM (in -84s)
[2026-04-06T22:34:04.474Z] [INFO] Starting refresh cycle...
[2026-04-06T22:34:04.474Z] [INFO]   → Scraping Canvas for new assignments...
[2026-04-06T22:34:04.610Z] [ERROR]   ⚠️  Canvas scrape failed: Command failed: node orchestration/scrape-canvas.mjs
❌ Missing --user-id parameter
Usage: node scrape-canvas.mjs --user-id=USER_ID

[2026-04-06T22:34:04.610Z] [ERROR] Error: Command failed: node orchestration/scrape-canvas.mjs
❌ Missing --user-id parameter
Usage: node scrape-canvas.mjs --user-id=USER_ID

    at genericNodeError (node:internal/errors:985:15)
    at wrappedFn (node:internal/errors:539:14)
    at ChildProcess.exithandler (node:child_process:417:12)
    at ChildProcess.emit (node:events:508:28)
    at maybeClose (node:internal/child_process:1100:16)
    at ChildProcess._handle.onexit (node:internal/child_process:305:5)
[2026-04-06T22:34:04.611Z] [INFO]   → Embedding new messages...
[2026-04-06T22:34:04.656Z] [INFO] ━━━━━━━━━━━━━━━━━━━━━━━━━━━━━━━━━━━━━━━━━━━━━━━━━━━━━━━━━━━━
[2026-04-06T22:34:04.657Z] [INFO] Starting overnight loop...
[2026-04-06T22:34:04.657Z] [INFO] ━━━━━━━━━━━━━━━━━━━━━━━━━━━━━━━━━━━━━━━━━━━━━━━━━━━━━━━━━━━━
[2026-04-06T22:34:04.657Z] [INFO]   → Fetching handoff queue...
[2026-04-06T22:34:04.694Z] [ERROR] Overnight loop failed: Failed to fetch projects
[2026-04-06T22:34:04.694Z] [ERROR] Error: Failed to fetch projects
    at runOvernightLoop (file:///C:/Users/royce/Desktop/nightshift-ai/orchestration/nightshift-daemon.mjs:241:13)
    at process.processTicksAndRejections (node:internal/process/task_queues:104:5)
    at async Timeout._onTimeout (file:///C:/Users/royce/Desktop/nightshift-ai/orchestration/nightshift-daemon.mjs:545:7)
[2026-04-06T22:34:04.751Z] [INFO] Test mode schedule:
[2026-04-06T22:34:04.751Z] [INFO]   Next overnight run: 6:31:30 PM (in -154s)
[2026-04-06T22:34:04.752Z] [INFO]   Next brief: 6:32:30 PM (in -94s)
[2026-04-06T22:34:04.753Z] [INFO] ━━━━━━━━━━━━━━━━━━━━━━━━━━━━━━━━━━━━━━━━━━━━━━━━━━━━━━━━━━━━
[2026-04-06T22:34:04.753Z] [INFO] Generating morning brief...
[2026-04-06T22:34:04.753Z] [INFO] ━━━━━━━━━━━━━━━━━━━━━━━━━━━━━━━━━━━━━━━━━━━━━━━━━━━━━━━━━━━━
[2026-04-06T22:34:04.753Z] [INFO]   → Calling /api/brief...
[2026-04-06T22:34:04.772Z] [ERROR] Morning brief generation failed: Failed to generate brief
[2026-04-06T22:34:04.772Z] [ERROR] Error: Failed to generate brief
    at generateMorningBrief (file:///C:/Users/royce/Desktop/nightshift-ai/orchestration/nightshift-daemon.mjs:365:13)
    at process.processTicksAndRejections (node:internal/process/task_queues:104:5)
    at async Timeout._onTimeout (file:///C:/Users/royce/Desktop/nightshift-ai/orchestration/nightshift-daemon.mjs:554:7)
[2026-04-06T22:34:04.838Z] [INFO] Test mode schedule:
[2026-04-06T22:34:04.838Z] [INFO]   Next overnight run: 6:31:30 PM (in -154s)
[2026-04-06T22:34:04.838Z] [INFO]   Next brief: 6:32:30 PM (in -94s)
[2026-04-06T22:34:06.988Z] [INFO]   ✅ Embedded 0 new messages
[2026-04-06T22:34:06.989Z] [INFO]   → Running project detection...
[2026-04-06T22:34:08.059Z] [INFO]   ✅ Detected 0 projects
[2026-04-06T22:34:08.059Z] [INFO] Refresh cycle complete in 3.6s
[2026-04-06T22:34:14.669Z] [INFO] ━━━━━━━━━━━━━━━━━━━━━━━━━━━━━━━━━━━━━━━━━━━━━━━━━━━━━━━━━━━━
[2026-04-06T22:34:14.669Z] [INFO] Starting overnight loop...
[2026-04-06T22:34:14.669Z] [INFO] ━━━━━━━━━━━━━━━━━━━━━━━━━━━━━━━━━━━━━━━━━━━━━━━━━━━━━━━━━━━━
[2026-04-06T22:34:14.670Z] [INFO]   → Fetching handoff queue...
[2026-04-06T22:34:14.703Z] [ERROR] Overnight loop failed: Failed to fetch projects
[2026-04-06T22:34:14.704Z] [ERROR] Error: Failed to fetch projects
    at runOvernightLoop (file:///C:/Users/royce/Desktop/nightshift-ai/orchestration/nightshift-daemon.mjs:241:13)
    at process.processTicksAndRejections (node:internal/process/task_queues:104:5)
    at async Timeout._onTimeout (file:///C:/Users/royce/Desktop/nightshift-ai/orchestration/nightshift-daemon.mjs:545:7)
[2026-04-06T22:34:14.762Z] [INFO] Test mode schedule:
[2026-04-06T22:34:14.763Z] [INFO]   Next overnight run: 6:31:30 PM (in -164s)
[2026-04-06T22:34:14.763Z] [INFO]   Next brief: 6:32:30 PM (in -104s)
[2026-04-06T22:34:14.763Z] [INFO] ━━━━━━━━━━━━━━━━━━━━━━━━━━━━━━━━━━━━━━━━━━━━━━━━━━━━━━━━━━━━
[2026-04-06T22:34:14.764Z] [INFO] Generating morning brief...
[2026-04-06T22:34:14.764Z] [INFO] ━━━━━━━━━━━━━━━━━━━━━━━━━━━━━━━━━━━━━━━━━━━━━━━━━━━━━━━━━━━━
[2026-04-06T22:34:14.764Z] [INFO]   → Calling /api/brief...
[2026-04-06T22:34:14.778Z] [ERROR] Morning brief generation failed: Failed to generate brief
[2026-04-06T22:34:14.778Z] [ERROR] Error: Failed to generate brief
    at generateMorningBrief (file:///C:/Users/royce/Desktop/nightshift-ai/orchestration/nightshift-daemon.mjs:365:13)
    at process.processTicksAndRejections (node:internal/process/task_queues:104:5)
    at async Timeout._onTimeout (file:///C:/Users/royce/Desktop/nightshift-ai/orchestration/nightshift-daemon.mjs:554:7)
[2026-04-06T22:34:14.845Z] [INFO] Test mode schedule:
[2026-04-06T22:34:14.845Z] [INFO]   Next overnight run: 6:31:30 PM (in -164s)
[2026-04-06T22:34:14.845Z] [INFO]   Next brief: 6:32:30 PM (in -104s)
[2026-04-06T22:34:24.677Z] [INFO] ━━━━━━━━━━━━━━━━━━━━━━━━━━━━━━━━━━━━━━━━━━━━━━━━━━━━━━━━━━━━
[2026-04-06T22:34:24.677Z] [INFO] Starting overnight loop...
[2026-04-06T22:34:24.677Z] [INFO] ━━━━━━━━━━━━━━━━━━━━━━━━━━━━━━━━━━━━━━━━━━━━━━━━━━━━━━━━━━━━
[2026-04-06T22:34:24.677Z] [INFO]   → Fetching handoff queue...
[2026-04-06T22:34:24.714Z] [ERROR] Overnight loop failed: Failed to fetch projects
[2026-04-06T22:34:24.714Z] [ERROR] Error: Failed to fetch projects
    at runOvernightLoop (file:///C:/Users/royce/Desktop/nightshift-ai/orchestration/nightshift-daemon.mjs:241:13)
    at process.processTicksAndRejections (node:internal/process/task_queues:104:5)
    at async Timeout._onTimeout (file:///C:/Users/royce/Desktop/nightshift-ai/orchestration/nightshift-daemon.mjs:545:7)
[2026-04-06T22:34:24.773Z] [INFO] Test mode schedule:
[2026-04-06T22:34:24.773Z] [INFO]   Next overnight run: 6:31:30 PM (in -174s)
[2026-04-06T22:34:24.773Z] [INFO]   Next brief: 6:32:30 PM (in -114s)
[2026-04-06T22:34:24.774Z] [INFO] ━━━━━━━━━━━━━━━━━━━━━━━━━━━━━━━━━━━━━━━━━━━━━━━━━━━━━━━━━━━━
[2026-04-06T22:34:24.774Z] [INFO] Generating morning brief...
[2026-04-06T22:34:24.774Z] [INFO] ━━━━━━━━━━━━━━━━━━━━━━━━━━━━━━━━━━━━━━━━━━━━━━━━━━━━━━━━━━━━
[2026-04-06T22:34:24.774Z] [INFO]   → Calling /api/brief...
[2026-04-06T22:34:24.793Z] [ERROR] Morning brief generation failed: Failed to generate brief
[2026-04-06T22:34:24.793Z] [ERROR] Error: Failed to generate brief
    at generateMorningBrief (file:///C:/Users/royce/Desktop/nightshift-ai/orchestration/nightshift-daemon.mjs:365:13)
    at process.processTicksAndRejections (node:internal/process/task_queues:104:5)
    at async Timeout._onTimeout (file:///C:/Users/royce/Desktop/nightshift-ai/orchestration/nightshift-daemon.mjs:554:7)
[2026-04-06T22:34:24.847Z] [INFO] Test mode schedule:
[2026-04-06T22:34:24.848Z] [INFO]   Next overnight run: 6:31:30 PM (in -174s)
[2026-04-06T22:34:24.848Z] [INFO]   Next brief: 6:32:30 PM (in -114s)
[2026-04-06T22:34:34.486Z] [INFO] Starting refresh cycle...
[2026-04-06T22:34:34.486Z] [INFO]   → Scraping Canvas for new assignments...
[2026-04-06T22:34:34.609Z] [ERROR]   ⚠️  Canvas scrape failed: Command failed: node orchestration/scrape-canvas.mjs
❌ Missing --user-id parameter
Usage: node scrape-canvas.mjs --user-id=USER_ID

[2026-04-06T22:34:34.610Z] [ERROR] Error: Command failed: node orchestration/scrape-canvas.mjs
❌ Missing --user-id parameter
Usage: node scrape-canvas.mjs --user-id=USER_ID

    at genericNodeError (node:internal/errors:985:15)
    at wrappedFn (node:internal/errors:539:14)
    at ChildProcess.exithandler (node:child_process:417:12)
    at ChildProcess.emit (node:events:508:28)
    at maybeClose (node:internal/child_process:1100:16)
    at ChildProcess._handle.onexit (node:internal/child_process:305:5)
[2026-04-06T22:34:34.610Z] [INFO]   → Embedding new messages...
[2026-04-06T22:34:34.688Z] [INFO] ━━━━━━━━━━━━━━━━━━━━━━━━━━━━━━━━━━━━━━━━━━━━━━━━━━━━━━━━━━━━
[2026-04-06T22:34:34.688Z] [INFO] Starting overnight loop...
[2026-04-06T22:34:34.688Z] [INFO] ━━━━━━━━━━━━━━━━━━━━━━━━━━━━━━━━━━━━━━━━━━━━━━━━━━━━━━━━━━━━
[2026-04-06T22:34:34.689Z] [INFO]   → Fetching handoff queue...
[2026-04-06T22:34:34.723Z] [ERROR] Overnight loop failed: Failed to fetch projects
[2026-04-06T22:34:34.724Z] [ERROR] Error: Failed to fetch projects
    at runOvernightLoop (file:///C:/Users/royce/Desktop/nightshift-ai/orchestration/nightshift-daemon.mjs:241:13)
    at process.processTicksAndRejections (node:internal/process/task_queues:104:5)
    at async Timeout._onTimeout (file:///C:/Users/royce/Desktop/nightshift-ai/orchestration/nightshift-daemon.mjs:545:7)
[2026-04-06T22:34:34.781Z] [INFO] Test mode schedule:
[2026-04-06T22:34:34.782Z] [INFO]   Next overnight run: 6:31:30 PM (in -184s)
[2026-04-06T22:34:34.782Z] [INFO]   Next brief: 6:32:30 PM (in -124s)
[2026-04-06T22:34:34.783Z] [INFO] ━━━━━━━━━━━━━━━━━━━━━━━━━━━━━━━━━━━━━━━━━━━━━━━━━━━━━━━━━━━━
[2026-04-06T22:34:34.783Z] [INFO] Generating morning brief...
[2026-04-06T22:34:34.783Z] [INFO] ━━━━━━━━━━━━━━━━━━━━━━━━━━━━━━━━━━━━━━━━━━━━━━━━━━━━━━━━━━━━
[2026-04-06T22:34:34.783Z] [INFO]   → Calling /api/brief...
[2026-04-06T22:34:34.799Z] [ERROR] Morning brief generation failed: Failed to generate brief
[2026-04-06T22:34:34.799Z] [ERROR] Error: Failed to generate brief
    at generateMorningBrief (file:///C:/Users/royce/Desktop/nightshift-ai/orchestration/nightshift-daemon.mjs:365:13)
    at process.processTicksAndRejections (node:internal/process/task_queues:104:5)
    at async Timeout._onTimeout (file:///C:/Users/royce/Desktop/nightshift-ai/orchestration/nightshift-daemon.mjs:554:7)
[2026-04-06T22:34:34.848Z] [INFO] Test mode schedule:
[2026-04-06T22:34:34.849Z] [INFO]   Next overnight run: 6:31:30 PM (in -184s)
[2026-04-06T22:34:34.849Z] [INFO]   Next brief: 6:32:30 PM (in -124s)
[2026-04-06T22:34:36.770Z] [INFO]   ✅ Embedded 0 new messages
[2026-04-06T22:34:36.770Z] [INFO]   → Running project detection...
[2026-04-06T22:34:37.823Z] [INFO]   ✅ Detected 0 projects
[2026-04-06T22:34:37.823Z] [INFO] Refresh cycle complete in 3.3s
[2026-04-06T22:34:44.696Z] [INFO] ━━━━━━━━━━━━━━━━━━━━━━━━━━━━━━━━━━━━━━━━━━━━━━━━━━━━━━━━━━━━
[2026-04-06T22:34:44.696Z] [INFO] Starting overnight loop...
[2026-04-06T22:34:44.696Z] [INFO] ━━━━━━━━━━━━━━━━━━━━━━━━━━━━━━━━━━━━━━━━━━━━━━━━━━━━━━━━━━━━
[2026-04-06T22:34:44.697Z] [INFO]   → Fetching handoff queue...
[2026-04-06T22:34:44.732Z] [ERROR] Overnight loop failed: Failed to fetch projects
[2026-04-06T22:34:44.733Z] [ERROR] Error: Failed to fetch projects
    at runOvernightLoop (file:///C:/Users/royce/Desktop/nightshift-ai/orchestration/nightshift-daemon.mjs:241:13)
    at process.processTicksAndRejections (node:internal/process/task_queues:104:5)
    at async Timeout._onTimeout (file:///C:/Users/royce/Desktop/nightshift-ai/orchestration/nightshift-daemon.mjs:545:7)
[2026-04-06T22:34:44.788Z] [INFO] Test mode schedule:
[2026-04-06T22:34:44.789Z] [INFO]   Next overnight run: 6:31:30 PM (in -194s)
[2026-04-06T22:34:44.789Z] [INFO]   Next brief: 6:32:30 PM (in -134s)
[2026-04-06T22:34:44.790Z] [INFO] ━━━━━━━━━━━━━━━━━━━━━━━━━━━━━━━━━━━━━━━━━━━━━━━━━━━━━━━━━━━━
[2026-04-06T22:34:44.790Z] [INFO] Generating morning brief...
[2026-04-06T22:34:44.790Z] [INFO] ━━━━━━━━━━━━━━━━━━━━━━━━━━━━━━━━━━━━━━━━━━━━━━━━━━━━━━━━━━━━
[2026-04-06T22:34:44.790Z] [INFO]   → Calling /api/brief...
[2026-04-06T22:34:44.815Z] [ERROR] Morning brief generation failed: Failed to generate brief
[2026-04-06T22:34:44.816Z] [ERROR] Error: Failed to generate brief
    at generateMorningBrief (file:///C:/Users/royce/Desktop/nightshift-ai/orchestration/nightshift-daemon.mjs:365:13)
    at process.processTicksAndRejections (node:internal/process/task_queues:104:5)
    at async Timeout._onTimeout (file:///C:/Users/royce/Desktop/nightshift-ai/orchestration/nightshift-daemon.mjs:554:7)
[2026-04-06T22:34:44.872Z] [INFO] Test mode schedule:
[2026-04-06T22:34:44.872Z] [INFO]   Next overnight run: 6:31:30 PM (in -194s)
[2026-04-06T22:34:44.872Z] [INFO]   Next brief: 6:32:30 PM (in -134s)
[2026-04-06T22:34:54.707Z] [INFO] ━━━━━━━━━━━━━━━━━━━━━━━━━━━━━━━━━━━━━━━━━━━━━━━━━━━━━━━━━━━━
[2026-04-06T22:34:54.707Z] [INFO] Starting overnight loop...
[2026-04-06T22:34:54.707Z] [INFO] ━━━━━━━━━━━━━━━━━━━━━━━━━━━━━━━━━━━━━━━━━━━━━━━━━━━━━━━━━━━━
[2026-04-06T22:34:54.707Z] [INFO]   → Fetching handoff queue...
[2026-04-06T22:34:54.742Z] [ERROR] Overnight loop failed: Failed to fetch projects
[2026-04-06T22:34:54.742Z] [ERROR] Error: Failed to fetch projects
    at runOvernightLoop (file:///C:/Users/royce/Desktop/nightshift-ai/orchestration/nightshift-daemon.mjs:241:13)
    at process.processTicksAndRejections (node:internal/process/task_queues:104:5)
    at async Timeout._onTimeout (file:///C:/Users/royce/Desktop/nightshift-ai/orchestration/nightshift-daemon.mjs:545:7)
[2026-04-06T22:34:54.798Z] [INFO] Test mode schedule:
[2026-04-06T22:34:54.798Z] [INFO]   Next overnight run: 6:31:30 PM (in -204s)
[2026-04-06T22:34:54.798Z] [INFO]   Next brief: 6:32:30 PM (in -144s)
[2026-04-06T22:34:54.799Z] [INFO] ━━━━━━━━━━━━━━━━━━━━━━━━━━━━━━━━━━━━━━━━━━━━━━━━━━━━━━━━━━━━
[2026-04-06T22:34:54.799Z] [INFO] Generating morning brief...
[2026-04-06T22:34:54.799Z] [INFO] ━━━━━━━━━━━━━━━━━━━━━━━━━━━━━━━━━━━━━━━━━━━━━━━━━━━━━━━━━━━━
[2026-04-06T22:34:54.799Z] [INFO]   → Calling /api/brief...
[2026-04-06T22:34:54.812Z] [ERROR] Morning brief generation failed: Failed to generate brief
[2026-04-06T22:34:54.813Z] [ERROR] Error: Failed to generate brief
    at generateMorningBrief (file:///C:/Users/royce/Desktop/nightshift-ai/orchestration/nightshift-daemon.mjs:365:13)
    at process.processTicksAndRejections (node:internal/process/task_queues:104:5)
    at async Timeout._onTimeout (file:///C:/Users/royce/Desktop/nightshift-ai/orchestration/nightshift-daemon.mjs:554:7)
[2026-04-06T22:34:54.863Z] [INFO] Test mode schedule:
[2026-04-06T22:34:54.863Z] [INFO]   Next overnight run: 6:31:30 PM (in -204s)
[2026-04-06T22:34:54.863Z] [INFO]   Next brief: 6:32:30 PM (in -144s)
[2026-04-06T22:35:04.500Z] [INFO] Starting refresh cycle...
[2026-04-06T22:35:04.500Z] [INFO]   → Scraping Canvas for new assignments...
[2026-04-06T22:35:04.626Z] [ERROR]   ⚠️  Canvas scrape failed: Command failed: node orchestration/scrape-canvas.mjs
❌ Missing --user-id parameter
Usage: node scrape-canvas.mjs --user-id=USER_ID

[2026-04-06T22:35:04.626Z] [ERROR] Error: Command failed: node orchestration/scrape-canvas.mjs
❌ Missing --user-id parameter
Usage: node scrape-canvas.mjs --user-id=USER_ID

    at genericNodeError (node:internal/errors:985:15)
    at wrappedFn (node:internal/errors:539:14)
    at ChildProcess.exithandler (node:child_process:417:12)
    at ChildProcess.emit (node:events:508:28)
    at maybeClose (node:internal/child_process:1100:16)
    at ChildProcess._handle.onexit (node:internal/child_process:305:5)
[2026-04-06T22:35:04.626Z] [INFO]   → Embedding new messages...
[2026-04-06T22:35:04.721Z] [INFO] ━━━━━━━━━━━━━━━━━━━━━━━━━━━━━━━━━━━━━━━━━━━━━━━━━━━━━━━━━━━━
[2026-04-06T22:35:04.721Z] [INFO] Starting overnight loop...
[2026-04-06T22:35:04.721Z] [INFO] ━━━━━━━━━━━━━━━━━━━━━━━━━━━━━━━━━━━━━━━━━━━━━━━━━━━━━━━━━━━━
[2026-04-06T22:35:04.721Z] [INFO]   → Fetching handoff queue...
[2026-04-06T22:35:04.754Z] [ERROR] Overnight loop failed: Failed to fetch projects
[2026-04-06T22:35:04.755Z] [ERROR] Error: Failed to fetch projects
    at runOvernightLoop (file:///C:/Users/royce/Desktop/nightshift-ai/orchestration/nightshift-daemon.mjs:241:13)
    at process.processTicksAndRejections (node:internal/process/task_queues:104:5)
    at async Timeout._onTimeout (file:///C:/Users/royce/Desktop/nightshift-ai/orchestration/nightshift-daemon.mjs:545:7)
[2026-04-06T22:35:04.822Z] [INFO] Test mode schedule:
[2026-04-06T22:35:04.822Z] [INFO]   Next overnight run: 6:31:30 PM (in -214s)
[2026-04-06T22:35:04.823Z] [INFO]   Next brief: 6:32:30 PM (in -154s)
[2026-04-06T22:35:04.824Z] [INFO] ━━━━━━━━━━━━━━━━━━━━━━━━━━━━━━━━━━━━━━━━━━━━━━━━━━━━━━━━━━━━
[2026-04-06T22:35:04.824Z] [INFO] Generating morning brief...
[2026-04-06T22:35:04.824Z] [INFO] ━━━━━━━━━━━━━━━━━━━━━━━━━━━━━━━━━━━━━━━━━━━━━━━━━━━━━━━━━━━━
[2026-04-06T22:35:04.824Z] [INFO]   → Calling /api/brief...
[2026-04-06T22:35:04.854Z] [ERROR] Morning brief generation failed: Failed to generate brief
[2026-04-06T22:35:04.854Z] [ERROR] Error: Failed to generate brief
    at generateMorningBrief (file:///C:/Users/royce/Desktop/nightshift-ai/orchestration/nightshift-daemon.mjs:365:13)
    at process.processTicksAndRejections (node:internal/process/task_queues:104:5)
    at async Timeout._onTimeout (file:///C:/Users/royce/Desktop/nightshift-ai/orchestration/nightshift-daemon.mjs:554:7)
[2026-04-06T22:35:04.905Z] [INFO] Test mode schedule:
[2026-04-06T22:35:04.905Z] [INFO]   Next overnight run: 6:31:30 PM (in -214s)
[2026-04-06T22:35:04.905Z] [INFO]   Next brief: 6:32:30 PM (in -154s)
[2026-04-06T22:35:06.778Z] [INFO]   ✅ Embedded 0 new messages
[2026-04-06T22:35:06.778Z] [INFO]   → Running project detection...
[2026-04-06T22:35:07.833Z] [INFO]   ✅ Detected 0 projects
[2026-04-06T22:35:07.833Z] [INFO] Refresh cycle complete in 3.3s
[2026-04-06T22:35:14.727Z] [INFO] ━━━━━━━━━━━━━━━━━━━━━━━━━━━━━━━━━━━━━━━━━━━━━━━━━━━━━━━━━━━━
[2026-04-06T22:35:14.727Z] [INFO] Starting overnight loop...
[2026-04-06T22:35:14.727Z] [INFO] ━━━━━━━━━━━━━━━━━━━━━━━━━━━━━━━━━━━━━━━━━━━━━━━━━━━━━━━━━━━━
[2026-04-06T22:35:14.727Z] [INFO]   → Fetching handoff queue...
[2026-04-06T22:35:14.763Z] [ERROR] Overnight loop failed: Failed to fetch projects
[2026-04-06T22:35:14.763Z] [ERROR] Error: Failed to fetch projects
    at runOvernightLoop (file:///C:/Users/royce/Desktop/nightshift-ai/orchestration/nightshift-daemon.mjs:241:13)
    at process.processTicksAndRejections (node:internal/process/task_queues:104:5)
    at async Timeout._onTimeout (file:///C:/Users/royce/Desktop/nightshift-ai/orchestration/nightshift-daemon.mjs:545:7)
[2026-04-06T22:35:14.816Z] [INFO] Test mode schedule:
[2026-04-06T22:35:14.816Z] [INFO]   Next overnight run: 6:31:30 PM (in -224s)
[2026-04-06T22:35:14.816Z] [INFO]   Next brief: 6:32:30 PM (in -164s)
[2026-04-06T22:35:14.817Z] [INFO] ━━━━━━━━━━━━━━━━━━━━━━━━━━━━━━━━━━━━━━━━━━━━━━━━━━━━━━━━━━━━
[2026-04-06T22:35:14.817Z] [INFO] Generating morning brief...
[2026-04-06T22:35:14.817Z] [INFO] ━━━━━━━━━━━━━━━━━━━━━━━━━━━━━━━━━━━━━━━━━━━━━━━━━━━━━━━━━━━━
[2026-04-06T22:35:14.817Z] [INFO]   → Calling /api/brief...
[2026-04-06T22:35:14.845Z] [ERROR] Morning brief generation failed: Failed to generate brief
[2026-04-06T22:35:14.845Z] [ERROR] Error: Failed to generate brief
    at generateMorningBrief (file:///C:/Users/royce/Desktop/nightshift-ai/orchestration/nightshift-daemon.mjs:365:13)
    at process.processTicksAndRejections (node:internal/process/task_queues:104:5)
    at async Timeout._onTimeout (file:///C:/Users/royce/Desktop/nightshift-ai/orchestration/nightshift-daemon.mjs:554:7)
[2026-04-06T22:35:14.905Z] [INFO] Test mode schedule:
[2026-04-06T22:35:14.906Z] [INFO]   Next overnight run: 6:31:30 PM (in -224s)
[2026-04-06T22:35:14.906Z] [INFO]   Next brief: 6:32:30 PM (in -164s)
[2026-04-06T22:35:24.737Z] [INFO] ━━━━━━━━━━━━━━━━━━━━━━━━━━━━━━━━━━━━━━━━━━━━━━━━━━━━━━━━━━━━
[2026-04-06T22:35:24.737Z] [INFO] Starting overnight loop...
[2026-04-06T22:35:24.737Z] [INFO] ━━━━━━━━━━━━━━━━━━━━━━━━━━━━━━━━━━━━━━━━━━━━━━━━━━━━━━━━━━━━
[2026-04-06T22:35:24.737Z] [INFO]   → Fetching handoff queue...
[2026-04-06T22:35:24.772Z] [ERROR] Overnight loop failed: Failed to fetch projects
[2026-04-06T22:35:24.772Z] [ERROR] Error: Failed to fetch projects
    at runOvernightLoop (file:///C:/Users/royce/Desktop/nightshift-ai/orchestration/nightshift-daemon.mjs:241:13)
    at process.processTicksAndRejections (node:internal/process/task_queues:104:5)
    at async Timeout._onTimeout (file:///C:/Users/royce/Desktop/nightshift-ai/orchestration/nightshift-daemon.mjs:545:7)
[2026-04-06T22:35:24.834Z] [INFO] Test mode schedule:
[2026-04-06T22:35:24.834Z] [INFO]   Next overnight run: 6:31:30 PM (in -234s)
[2026-04-06T22:35:24.835Z] [INFO]   Next brief: 6:32:30 PM (in -174s)
[2026-04-06T22:35:24.836Z] [INFO] ━━━━━━━━━━━━━━━━━━━━━━━━━━━━━━━━━━━━━━━━━━━━━━━━━━━━━━━━━━━━
[2026-04-06T22:35:24.836Z] [INFO] Generating morning brief...
[2026-04-06T22:35:24.836Z] [INFO] ━━━━━━━━━━━━━━━━━━━━━━━━━━━━━━━━━━━━━━━━━━━━━━━━━━━━━━━━━━━━
[2026-04-06T22:35:24.836Z] [INFO]   → Calling /api/brief...
[2026-04-06T22:35:24.853Z] [ERROR] Morning brief generation failed: Failed to generate brief
[2026-04-06T22:35:24.853Z] [ERROR] Error: Failed to generate brief
    at generateMorningBrief (file:///C:/Users/royce/Desktop/nightshift-ai/orchestration/nightshift-daemon.mjs:365:13)
    at process.processTicksAndRejections (node:internal/process/task_queues:104:5)
    at async Timeout._onTimeout (file:///C:/Users/royce/Desktop/nightshift-ai/orchestration/nightshift-daemon.mjs:554:7)
[2026-04-06T22:35:24.915Z] [INFO] Test mode schedule:
[2026-04-06T22:35:24.916Z] [INFO]   Next overnight run: 6:31:30 PM (in -234s)
[2026-04-06T22:35:24.916Z] [INFO]   Next brief: 6:32:30 PM (in -174s)
[2026-04-06T22:35:34.513Z] [INFO] Starting refresh cycle...
[2026-04-06T22:35:34.514Z] [INFO]   → Scraping Canvas for new assignments...
[2026-04-06T22:35:34.662Z] [ERROR]   ⚠️  Canvas scrape failed: Command failed: node orchestration/scrape-canvas.mjs
❌ Missing --user-id parameter
Usage: node scrape-canvas.mjs --user-id=USER_ID

[2026-04-06T22:35:34.663Z] [ERROR] Error: Command failed: node orchestration/scrape-canvas.mjs
❌ Missing --user-id parameter
Usage: node scrape-canvas.mjs --user-id=USER_ID

    at genericNodeError (node:internal/errors:985:15)
    at wrappedFn (node:internal/errors:539:14)
    at ChildProcess.exithandler (node:child_process:417:12)
    at ChildProcess.emit (node:events:508:28)
    at maybeClose (node:internal/child_process:1100:16)
    at ChildProcess._handle.onexit (node:internal/child_process:305:5)
[2026-04-06T22:35:34.663Z] [INFO]   → Embedding new messages...
[2026-04-06T22:35:34.737Z] [INFO] ━━━━━━━━━━━━━━━━━━━━━━━━━━━━━━━━━━━━━━━━━━━━━━━━━━━━━━━━━━━━
[2026-04-06T22:35:34.737Z] [INFO] Starting overnight loop...
[2026-04-06T22:35:34.737Z] [INFO] ━━━━━━━━━━━━━━━━━━━━━━━━━━━━━━━━━━━━━━━━━━━━━━━━━━━━━━━━━━━━
[2026-04-06T22:35:34.737Z] [INFO]   → Fetching handoff queue...
[2026-04-06T22:35:34.768Z] [ERROR] Overnight loop failed: Failed to fetch projects
[2026-04-06T22:35:34.768Z] [ERROR] Error: Failed to fetch projects
    at runOvernightLoop (file:///C:/Users/royce/Desktop/nightshift-ai/orchestration/nightshift-daemon.mjs:241:13)
    at process.processTicksAndRejections (node:internal/process/task_queues:104:5)
    at async Timeout._onTimeout (file:///C:/Users/royce/Desktop/nightshift-ai/orchestration/nightshift-daemon.mjs:545:7)
[2026-04-06T22:35:34.843Z] [INFO] Test mode schedule:
[2026-04-06T22:35:34.843Z] [INFO]   Next overnight run: 6:31:30 PM (in -244s)
[2026-04-06T22:35:34.843Z] [INFO]   Next brief: 6:32:30 PM (in -184s)
[2026-04-06T22:35:34.844Z] [INFO] ━━━━━━━━━━━━━━━━━━━━━━━━━━━━━━━━━━━━━━━━━━━━━━━━━━━━━━━━━━━━
[2026-04-06T22:35:34.844Z] [INFO] Generating morning brief...
[2026-04-06T22:35:34.845Z] [INFO] ━━━━━━━━━━━━━━━━━━━━━━━━━━━━━━━━━━━━━━━━━━━━━━━━━━━━━━━━━━━━
[2026-04-06T22:35:34.845Z] [INFO]   → Calling /api/brief...
[2026-04-06T22:35:34.861Z] [ERROR] Morning brief generation failed: Failed to generate brief
[2026-04-06T22:35:34.862Z] [ERROR] Error: Failed to generate brief
    at generateMorningBrief (file:///C:/Users/royce/Desktop/nightshift-ai/orchestration/nightshift-daemon.mjs:365:13)
    at process.processTicksAndRejections (node:internal/process/task_queues:104:5)
    at async Timeout._onTimeout (file:///C:/Users/royce/Desktop/nightshift-ai/orchestration/nightshift-daemon.mjs:554:7)
[2026-04-06T22:35:34.956Z] [INFO] Test mode schedule:
[2026-04-06T22:35:34.957Z] [INFO]   Next overnight run: 6:31:30 PM (in -244s)
[2026-04-06T22:35:34.957Z] [INFO]   Next brief: 6:32:30 PM (in -184s)
[2026-04-06T22:35:37.438Z] [INFO]   ✅ Embedded 0 new messages
[2026-04-06T22:35:37.439Z] [INFO]   → Running project detection...
[2026-04-06T22:35:38.666Z] [INFO]   ✅ Detected 0 projects
[2026-04-06T22:35:38.667Z] [INFO] Refresh cycle complete in 4.2s
[2026-04-06T22:35:44.740Z] [INFO] ━━━━━━━━━━━━━━━━━━━━━━━━━━━━━━━━━━━━━━━━━━━━━━━━━━━━━━━━━━━━
[2026-04-06T22:35:44.740Z] [INFO] Starting overnight loop...
[2026-04-06T22:35:44.740Z] [INFO] ━━━━━━━━━━━━━━━━━━━━━━━━━━━━━━━━━━━━━━━━━━━━━━━━━━━━━━━━━━━━
[2026-04-06T22:35:44.741Z] [INFO]   → Fetching handoff queue...
[2026-04-06T22:35:44.777Z] [ERROR] Overnight loop failed: Failed to fetch projects
[2026-04-06T22:35:44.777Z] [ERROR] Error: Failed to fetch projects
    at runOvernightLoop (file:///C:/Users/royce/Desktop/nightshift-ai/orchestration/nightshift-daemon.mjs:241:13)
    at process.processTicksAndRejections (node:internal/process/task_queues:104:5)
    at async Timeout._onTimeout (file:///C:/Users/royce/Desktop/nightshift-ai/orchestration/nightshift-daemon.mjs:545:7)
[2026-04-06T22:35:44.832Z] [INFO] Test mode schedule:
[2026-04-06T22:35:44.832Z] [INFO]   Next overnight run: 6:31:30 PM (in -254s)
[2026-04-06T22:35:44.833Z] [INFO]   Next brief: 6:32:30 PM (in -194s)
[2026-04-06T22:35:44.833Z] [INFO] ━━━━━━━━━━━━━━━━━━━━━━━━━━━━━━━━━━━━━━━━━━━━━━━━━━━━━━━━━━━━
[2026-04-06T22:35:44.833Z] [INFO] Generating morning brief...
[2026-04-06T22:35:44.833Z] [INFO] ━━━━━━━━━━━━━━━━━━━━━━━━━━━━━━━━━━━━━━━━━━━━━━━━━━━━━━━━━━━━
[2026-04-06T22:35:44.834Z] [INFO]   → Calling /api/brief...
[2026-04-06T22:35:44.850Z] [ERROR] Morning brief generation failed: Failed to generate brief
[2026-04-06T22:35:44.850Z] [ERROR] Error: Failed to generate brief
    at generateMorningBrief (file:///C:/Users/royce/Desktop/nightshift-ai/orchestration/nightshift-daemon.mjs:365:13)
    at process.processTicksAndRejections (node:internal/process/task_queues:104:5)
    at async Timeout._onTimeout (file:///C:/Users/royce/Desktop/nightshift-ai/orchestration/nightshift-daemon.mjs:554:7)
[2026-04-06T22:35:44.902Z] [INFO] Test mode schedule:
[2026-04-06T22:35:44.902Z] [INFO]   Next overnight run: 6:31:30 PM (in -254s)
[2026-04-06T22:35:44.902Z] [INFO]   Next brief: 6:32:30 PM (in -194s)
[2026-04-06T22:35:54.750Z] [INFO] ━━━━━━━━━━━━━━━━━━━━━━━━━━━━━━━━━━━━━━━━━━━━━━━━━━━━━━━━━━━━
[2026-04-06T22:35:54.750Z] [INFO] Starting overnight loop...
[2026-04-06T22:35:54.750Z] [INFO] ━━━━━━━━━━━━━━━━━━━━━━━━━━━━━━━━━━━━━━━━━━━━━━━━━━━━━━━━━━━━
[2026-04-06T22:35:54.750Z] [INFO]   → Fetching handoff queue...
[2026-04-06T22:35:54.786Z] [ERROR] Overnight loop failed: Failed to fetch projects
[2026-04-06T22:35:54.786Z] [ERROR] Error: Failed to fetch projects
    at runOvernightLoop (file:///C:/Users/royce/Desktop/nightshift-ai/orchestration/nightshift-daemon.mjs:241:13)
    at process.processTicksAndRejections (node:internal/process/task_queues:104:5)
    at async Timeout._onTimeout (file:///C:/Users/royce/Desktop/nightshift-ai/orchestration/nightshift-daemon.mjs:545:7)
[2026-04-06T22:35:54.843Z] [INFO] Test mode schedule:
[2026-04-06T22:35:54.843Z] [INFO]   Next overnight run: 6:31:30 PM (in -264s)
[2026-04-06T22:35:54.843Z] [INFO]   Next brief: 6:32:30 PM (in -204s)
[2026-04-06T22:35:54.844Z] [INFO] ━━━━━━━━━━━━━━━━━━━━━━━━━━━━━━━━━━━━━━━━━━━━━━━━━━━━━━━━━━━━
[2026-04-06T22:35:54.844Z] [INFO] Generating morning brief...
[2026-04-06T22:35:54.844Z] [INFO] ━━━━━━━━━━━━━━━━━━━━━━━━━━━━━━━━━━━━━━━━━━━━━━━━━━━━━━━━━━━━
[2026-04-06T22:35:54.844Z] [INFO]   → Calling /api/brief...
[2026-04-06T22:35:54.870Z] [ERROR] Morning brief generation failed: Failed to generate brief
[2026-04-06T22:35:54.870Z] [ERROR] Error: Failed to generate brief
    at generateMorningBrief (file:///C:/Users/royce/Desktop/nightshift-ai/orchestration/nightshift-daemon.mjs:365:13)
    at process.processTicksAndRejections (node:internal/process/task_queues:104:5)
    at async Timeout._onTimeout (file:///C:/Users/royce/Desktop/nightshift-ai/orchestration/nightshift-daemon.mjs:554:7)
[2026-04-06T22:35:54.931Z] [INFO] Test mode schedule:
[2026-04-06T22:35:54.931Z] [INFO]   Next overnight run: 6:31:30 PM (in -264s)
[2026-04-06T22:35:54.931Z] [INFO]   Next brief: 6:32:30 PM (in -204s)
[2026-04-06T22:36:04.527Z] [INFO] Starting refresh cycle...
[2026-04-06T22:36:04.527Z] [INFO]   → Scraping Canvas for new assignments...
[2026-04-06T22:36:04.667Z] [ERROR]   ⚠️  Canvas scrape failed: Command failed: node orchestration/scrape-canvas.mjs
❌ Missing --user-id parameter
Usage: node scrape-canvas.mjs --user-id=USER_ID

[2026-04-06T22:36:04.667Z] [ERROR] Error: Command failed: node orchestration/scrape-canvas.mjs
❌ Missing --user-id parameter
Usage: node scrape-canvas.mjs --user-id=USER_ID

    at genericNodeError (node:internal/errors:985:15)
    at wrappedFn (node:internal/errors:539:14)
    at ChildProcess.exithandler (node:child_process:417:12)
    at ChildProcess.emit (node:events:508:28)
    at maybeClose (node:internal/child_process:1100:16)
    at ChildProcess._handle.onexit (node:internal/child_process:305:5)
[2026-04-06T22:36:04.667Z] [INFO]   → Embedding new messages...
[2026-04-06T22:36:04.751Z] [INFO] ━━━━━━━━━━━━━━━━━━━━━━━━━━━━━━━━━━━━━━━━━━━━━━━━━━━━━━━━━━━━
[2026-04-06T22:36:04.752Z] [INFO] Starting overnight loop...
[2026-04-06T22:36:04.752Z] [INFO] ━━━━━━━━━━━━━━━━━━━━━━━━━━━━━━━━━━━━━━━━━━━━━━━━━━━━━━━━━━━━
[2026-04-06T22:36:04.752Z] [INFO]   → Fetching handoff queue...
[2026-04-06T22:36:04.784Z] [ERROR] Overnight loop failed: Failed to fetch projects
[2026-04-06T22:36:04.784Z] [ERROR] Error: Failed to fetch projects
    at runOvernightLoop (file:///C:/Users/royce/Desktop/nightshift-ai/orchestration/nightshift-daemon.mjs:241:13)
    at process.processTicksAndRejections (node:internal/process/task_queues:104:5)
    at async Timeout._onTimeout (file:///C:/Users/royce/Desktop/nightshift-ai/orchestration/nightshift-daemon.mjs:545:7)
[2026-04-06T22:36:04.834Z] [INFO] Test mode schedule:
[2026-04-06T22:36:04.834Z] [INFO]   Next overnight run: 6:31:30 PM (in -274s)
[2026-04-06T22:36:04.834Z] [INFO]   Next brief: 6:32:30 PM (in -214s)
[2026-04-06T22:36:04.835Z] [INFO] ━━━━━━━━━━━━━━━━━━━━━━━━━━━━━━━━━━━━━━━━━━━━━━━━━━━━━━━━━━━━
[2026-04-06T22:36:04.835Z] [INFO] Generating morning brief...
[2026-04-06T22:36:04.835Z] [INFO] ━━━━━━━━━━━━━━━━━━━━━━━━━━━━━━━━━━━━━━━━━━━━━━━━━━━━━━━━━━━━
[2026-04-06T22:36:04.835Z] [INFO]   → Calling /api/brief...
[2026-04-06T22:36:04.864Z] [ERROR] Morning brief generation failed: Failed to generate brief
[2026-04-06T22:36:04.864Z] [ERROR] Error: Failed to generate brief
    at generateMorningBrief (file:///C:/Users/royce/Desktop/nightshift-ai/orchestration/nightshift-daemon.mjs:365:13)
    at process.processTicksAndRejections (node:internal/process/task_queues:104:5)
    at async Timeout._onTimeout (file:///C:/Users/royce/Desktop/nightshift-ai/orchestration/nightshift-daemon.mjs:554:7)
[2026-04-06T22:36:04.925Z] [INFO] Test mode schedule:
[2026-04-06T22:36:04.925Z] [INFO]   Next overnight run: 6:31:30 PM (in -274s)
[2026-04-06T22:36:04.925Z] [INFO]   Next brief: 6:32:30 PM (in -214s)
[2026-04-06T22:36:06.939Z] [INFO]   ✅ Embedded 0 new messages
[2026-04-06T22:36:06.939Z] [INFO]   → Running project detection...
[2026-04-06T22:36:08.077Z] [INFO]   ✅ Detected 0 projects
[2026-04-06T22:36:08.077Z] [INFO] Refresh cycle complete in 3.5s
[2026-04-06T22:36:14.764Z] [INFO] ━━━━━━━━━━━━━━━━━━━━━━━━━━━━━━━━━━━━━━━━━━━━━━━━━━━━━━━━━━━━
[2026-04-06T22:36:14.764Z] [INFO] Starting overnight loop...
[2026-04-06T22:36:14.764Z] [INFO] ━━━━━━━━━━━━━━━━━━━━━━━━━━━━━━━━━━━━━━━━━━━━━━━━━━━━━━━━━━━━
[2026-04-06T22:36:14.764Z] [INFO]   → Fetching handoff queue...
[2026-04-06T22:36:14.787Z] [ERROR] Overnight loop failed: Failed to fetch projects
[2026-04-06T22:36:14.787Z] [ERROR] Error: Failed to fetch projects
    at runOvernightLoop (file:///C:/Users/royce/Desktop/nightshift-ai/orchestration/nightshift-daemon.mjs:241:13)
    at process.processTicksAndRejections (node:internal/process/task_queues:104:5)
    at async Timeout._onTimeout (file:///C:/Users/royce/Desktop/nightshift-ai/orchestration/nightshift-daemon.mjs:545:7)
[2026-04-06T22:36:14.835Z] [INFO] Test mode schedule:
[2026-04-06T22:36:14.835Z] [INFO]   Next overnight run: 6:31:30 PM (in -284s)
[2026-04-06T22:36:14.835Z] [INFO]   Next brief: 6:32:30 PM (in -224s)
[2026-04-06T22:36:14.836Z] [INFO] ━━━━━━━━━━━━━━━━━━━━━━━━━━━━━━━━━━━━━━━━━━━━━━━━━━━━━━━━━━━━
[2026-04-06T22:36:14.836Z] [INFO] Generating morning brief...
[2026-04-06T22:36:14.836Z] [INFO] ━━━━━━━━━━━━━━━━━━━━━━━━━━━━━━━━━━━━━━━━━━━━━━━━━━━━━━━━━━━━
[2026-04-06T22:36:14.836Z] [INFO]   → Calling /api/brief...
[2026-04-06T22:36:14.869Z] [ERROR] Morning brief generation failed: Failed to generate brief
[2026-04-06T22:36:14.869Z] [ERROR] Error: Failed to generate brief
    at generateMorningBrief (file:///C:/Users/royce/Desktop/nightshift-ai/orchestration/nightshift-daemon.mjs:365:13)
    at process.processTicksAndRejections (node:internal/process/task_queues:104:5)
    at async Timeout._onTimeout (file:///C:/Users/royce/Desktop/nightshift-ai/orchestration/nightshift-daemon.mjs:554:7)
[2026-04-06T22:36:14.928Z] [INFO] Test mode schedule:
[2026-04-06T22:36:14.928Z] [INFO]   Next overnight run: 6:31:30 PM (in -284s)
[2026-04-06T22:36:14.928Z] [INFO]   Next brief: 6:32:30 PM (in -224s)
[2026-04-06T22:36:24.769Z] [INFO] ━━━━━━━━━━━━━━━━━━━━━━━━━━━━━━━━━━━━━━━━━━━━━━━━━━━━━━━━━━━━
[2026-04-06T22:36:24.769Z] [INFO] Starting overnight loop...
[2026-04-06T22:36:24.769Z] [INFO] ━━━━━━━━━━━━━━━━━━━━━━━━━━━━━━━━━━━━━━━━━━━━━━━━━━━━━━━━━━━━
[2026-04-06T22:36:24.769Z] [INFO]   → Fetching handoff queue...
[2026-04-06T22:36:24.802Z] [ERROR] Overnight loop failed: Failed to fetch projects
[2026-04-06T22:36:24.802Z] [ERROR] Error: Failed to fetch projects
    at runOvernightLoop (file:///C:/Users/royce/Desktop/nightshift-ai/orchestration/nightshift-daemon.mjs:241:13)
    at process.processTicksAndRejections (node:internal/process/task_queues:104:5)
    at async Timeout._onTimeout (file:///C:/Users/royce/Desktop/nightshift-ai/orchestration/nightshift-daemon.mjs:545:7)
[2026-04-06T22:36:24.856Z] [INFO] Test mode schedule:
[2026-04-06T22:36:24.856Z] [INFO]   Next overnight run: 6:31:30 PM (in -294s)
[2026-04-06T22:36:24.856Z] [INFO]   Next brief: 6:32:30 PM (in -234s)
[2026-04-06T22:36:24.857Z] [INFO] ━━━━━━━━━━━━━━━━━━━━━━━━━━━━━━━━━━━━━━━━━━━━━━━━━━━━━━━━━━━━
[2026-04-06T22:36:24.857Z] [INFO] Generating morning brief...
[2026-04-06T22:36:24.857Z] [INFO] ━━━━━━━━━━━━━━━━━━━━━━━━━━━━━━━━━━━━━━━━━━━━━━━━━━━━━━━━━━━━
[2026-04-06T22:36:24.857Z] [INFO]   → Calling /api/brief...
[2026-04-06T22:36:24.871Z] [ERROR] Morning brief generation failed: Failed to generate brief
[2026-04-06T22:36:24.871Z] [ERROR] Error: Failed to generate brief
    at generateMorningBrief (file:///C:/Users/royce/Desktop/nightshift-ai/orchestration/nightshift-daemon.mjs:365:13)
    at process.processTicksAndRejections (node:internal/process/task_queues:104:5)
    at async Timeout._onTimeout (file:///C:/Users/royce/Desktop/nightshift-ai/orchestration/nightshift-daemon.mjs:554:7)
[2026-04-06T22:36:24.935Z] [INFO] Test mode schedule:
[2026-04-06T22:36:24.935Z] [INFO]   Next overnight run: 6:31:30 PM (in -294s)
[2026-04-06T22:36:24.935Z] [INFO]   Next brief: 6:32:30 PM (in -234s)
[2026-04-06T22:36:34.527Z] [INFO] Starting refresh cycle...
[2026-04-06T22:36:34.528Z] [INFO]   → Scraping Canvas for new assignments...
[2026-04-06T22:36:34.660Z] [ERROR]   ⚠️  Canvas scrape failed: Command failed: node orchestration/scrape-canvas.mjs
❌ Missing --user-id parameter
Usage: node scrape-canvas.mjs --user-id=USER_ID

[2026-04-06T22:36:34.661Z] [ERROR] Error: Command failed: node orchestration/scrape-canvas.mjs
❌ Missing --user-id parameter
Usage: node scrape-canvas.mjs --user-id=USER_ID

    at genericNodeError (node:internal/errors:985:15)
    at wrappedFn (node:internal/errors:539:14)
    at ChildProcess.exithandler (node:child_process:417:12)
    at ChildProcess.emit (node:events:508:28)
    at maybeClose (node:internal/child_process:1100:16)
    at ChildProcess._handle.onexit (node:internal/child_process:305:5)
[2026-04-06T22:36:34.661Z] [INFO]   → Embedding new messages...
[2026-04-06T22:36:34.776Z] [INFO] ━━━━━━━━━━━━━━━━━━━━━━━━━━━━━━━━━━━━━━━━━━━━━━━━━━━━━━━━━━━━
[2026-04-06T22:36:34.776Z] [INFO] Starting overnight loop...
[2026-04-06T22:36:34.777Z] [INFO] ━━━━━━━━━━━━━━━━━━━━━━━━━━━━━━━━━━━━━━━━━━━━━━━━━━━━━━━━━━━━
[2026-04-06T22:36:34.777Z] [INFO]   → Fetching handoff queue...
[2026-04-06T22:36:34.808Z] [ERROR] Overnight loop failed: Failed to fetch projects
[2026-04-06T22:36:34.808Z] [ERROR] Error: Failed to fetch projects
    at runOvernightLoop (file:///C:/Users/royce/Desktop/nightshift-ai/orchestration/nightshift-daemon.mjs:241:13)
    at process.processTicksAndRejections (node:internal/process/task_queues:104:5)
    at async Timeout._onTimeout (file:///C:/Users/royce/Desktop/nightshift-ai/orchestration/nightshift-daemon.mjs:545:7)
[2026-04-06T22:36:34.866Z] [INFO] Test mode schedule:
[2026-04-06T22:36:34.866Z] [INFO]   Next overnight run: 6:31:30 PM (in -304s)
[2026-04-06T22:36:34.866Z] [INFO]   Next brief: 6:32:30 PM (in -244s)
[2026-04-06T22:36:34.867Z] [INFO] ━━━━━━━━━━━━━━━━━━━━━━━━━━━━━━━━━━━━━━━━━━━━━━━━━━━━━━━━━━━━
[2026-04-06T22:36:34.867Z] [INFO] Generating morning brief...
[2026-04-06T22:36:34.867Z] [INFO] ━━━━━━━━━━━━━━━━━━━━━━━━━━━━━━━━━━━━━━━━━━━━━━━━━━━━━━━━━━━━
[2026-04-06T22:36:34.867Z] [INFO]   → Calling /api/brief...
[2026-04-06T22:36:34.886Z] [ERROR] Morning brief generation failed: Failed to generate brief
[2026-04-06T22:36:34.886Z] [ERROR] Error: Failed to generate brief
    at generateMorningBrief (file:///C:/Users/royce/Desktop/nightshift-ai/orchestration/nightshift-daemon.mjs:365:13)
    at process.processTicksAndRejections (node:internal/process/task_queues:104:5)
    at async Timeout._onTimeout (file:///C:/Users/royce/Desktop/nightshift-ai/orchestration/nightshift-daemon.mjs:554:7)
[2026-04-06T22:36:34.942Z] [INFO] Test mode schedule:
[2026-04-06T22:36:34.942Z] [INFO]   Next overnight run: 6:31:30 PM (in -304s)
[2026-04-06T22:36:34.942Z] [INFO]   Next brief: 6:32:30 PM (in -244s)
[2026-04-06T22:36:36.814Z] [INFO]   ✅ Embedded 0 new messages
[2026-04-06T22:36:36.814Z] [INFO]   → Running project detection...
[2026-04-06T22:36:37.885Z] [INFO]   ✅ Detected 0 projects
[2026-04-06T22:36:37.885Z] [INFO] Refresh cycle complete in 3.4s
[2026-04-06T22:36:44.781Z] [INFO] ━━━━━━━━━━━━━━━━━━━━━━━━━━━━━━━━━━━━━━━━━━━━━━━━━━━━━━━━━━━━
[2026-04-06T22:36:44.781Z] [INFO] Starting overnight loop...
[2026-04-06T22:36:44.781Z] [INFO] ━━━━━━━━━━━━━━━━━━━━━━━━━━━━━━━━━━━━━━━━━━━━━━━━━━━━━━━━━━━━
[2026-04-06T22:36:44.781Z] [INFO]   → Fetching handoff queue...
[2026-04-06T22:36:44.813Z] [ERROR] Overnight loop failed: Failed to fetch projects
[2026-04-06T22:36:44.813Z] [ERROR] Error: Failed to fetch projects
    at runOvernightLoop (file:///C:/Users/royce/Desktop/nightshift-ai/orchestration/nightshift-daemon.mjs:241:13)
    at process.processTicksAndRejections (node:internal/process/task_queues:104:5)
    at async Timeout._onTimeout (file:///C:/Users/royce/Desktop/nightshift-ai/orchestration/nightshift-daemon.mjs:545:7)
[2026-04-06T22:36:44.867Z] [INFO] Test mode schedule:
[2026-04-06T22:36:44.868Z] [INFO]   Next overnight run: 6:31:30 PM (in -314s)
[2026-04-06T22:36:44.868Z] [INFO]   Next brief: 6:32:30 PM (in -254s)
[2026-04-06T22:36:44.869Z] [INFO] ━━━━━━━━━━━━━━━━━━━━━━━━━━━━━━━━━━━━━━━━━━━━━━━━━━━━━━━━━━━━
[2026-04-06T22:36:44.869Z] [INFO] Generating morning brief...
[2026-04-06T22:36:44.869Z] [INFO] ━━━━━━━━━━━━━━━━━━━━━━━━━━━━━━━━━━━━━━━━━━━━━━━━━━━━━━━━━━━━
[2026-04-06T22:36:44.869Z] [INFO]   → Calling /api/brief...
[2026-04-06T22:36:44.890Z] [ERROR] Morning brief generation failed: Failed to generate brief
[2026-04-06T22:36:44.891Z] [ERROR] Error: Failed to generate brief
    at generateMorningBrief (file:///C:/Users/royce/Desktop/nightshift-ai/orchestration/nightshift-daemon.mjs:365:13)
    at process.processTicksAndRejections (node:internal/process/task_queues:104:5)
    at async Timeout._onTimeout (file:///C:/Users/royce/Desktop/nightshift-ai/orchestration/nightshift-daemon.mjs:554:7)
[2026-04-06T22:36:44.944Z] [INFO] Test mode schedule:
[2026-04-06T22:36:44.944Z] [INFO]   Next overnight run: 6:31:30 PM (in -314s)
[2026-04-06T22:36:44.944Z] [INFO]   Next brief: 6:32:30 PM (in -254s)
[2026-04-06T22:36:54.792Z] [INFO] ━━━━━━━━━━━━━━━━━━━━━━━━━━━━━━━━━━━━━━━━━━━━━━━━━━━━━━━━━━━━
[2026-04-06T22:36:54.792Z] [INFO] Starting overnight loop...
[2026-04-06T22:36:54.792Z] [INFO] ━━━━━━━━━━━━━━━━━━━━━━━━━━━━━━━━━━━━━━━━━━━━━━━━━━━━━━━━━━━━
[2026-04-06T22:36:54.792Z] [INFO]   → Fetching handoff queue...
[2026-04-06T22:36:54.827Z] [ERROR] Overnight loop failed: Failed to fetch projects
[2026-04-06T22:36:54.827Z] [ERROR] Error: Failed to fetch projects
    at runOvernightLoop (file:///C:/Users/royce/Desktop/nightshift-ai/orchestration/nightshift-daemon.mjs:241:13)
    at process.processTicksAndRejections (node:internal/process/task_queues:104:5)
    at async Timeout._onTimeout (file:///C:/Users/royce/Desktop/nightshift-ai/orchestration/nightshift-daemon.mjs:545:7)
[2026-04-06T22:36:54.883Z] [INFO] Test mode schedule:
[2026-04-06T22:36:54.883Z] [INFO]   Next overnight run: 6:31:30 PM (in -324s)
[2026-04-06T22:36:54.883Z] [INFO]   Next brief: 6:32:30 PM (in -264s)
[2026-04-06T22:36:54.884Z] [INFO] ━━━━━━━━━━━━━━━━━━━━━━━━━━━━━━━━━━━━━━━━━━━━━━━━━━━━━━━━━━━━
[2026-04-06T22:36:54.884Z] [INFO] Generating morning brief...
[2026-04-06T22:36:54.884Z] [INFO] ━━━━━━━━━━━━━━━━━━━━━━━━━━━━━━━━━━━━━━━━━━━━━━━━━━━━━━━━━━━━
[2026-04-06T22:36:54.885Z] [INFO]   → Calling /api/brief...
[2026-04-06T22:36:54.904Z] [ERROR] Morning brief generation failed: Failed to generate brief
[2026-04-06T22:36:54.905Z] [ERROR] Error: Failed to generate brief
    at generateMorningBrief (file:///C:/Users/royce/Desktop/nightshift-ai/orchestration/nightshift-daemon.mjs:365:13)
    at process.processTicksAndRejections (node:internal/process/task_queues:104:5)
    at async Timeout._onTimeout (file:///C:/Users/royce/Desktop/nightshift-ai/orchestration/nightshift-daemon.mjs:554:7)
[2026-04-06T22:36:54.967Z] [INFO] Test mode schedule:
[2026-04-06T22:36:54.967Z] [INFO]   Next overnight run: 6:31:30 PM (in -324s)
[2026-04-06T22:36:54.967Z] [INFO]   Next brief: 6:32:30 PM (in -264s)
[2026-04-06T22:37:04.532Z] [INFO] Starting refresh cycle...
[2026-04-06T22:37:04.532Z] [INFO]   → Scraping Canvas for new assignments...
[2026-04-06T22:37:04.663Z] [ERROR]   ⚠️  Canvas scrape failed: Command failed: node orchestration/scrape-canvas.mjs
❌ Missing --user-id parameter
Usage: node scrape-canvas.mjs --user-id=USER_ID

[2026-04-06T22:37:04.664Z] [ERROR] Error: Command failed: node orchestration/scrape-canvas.mjs
❌ Missing --user-id parameter
Usage: node scrape-canvas.mjs --user-id=USER_ID

    at genericNodeError (node:internal/errors:985:15)
    at wrappedFn (node:internal/errors:539:14)
    at ChildProcess.exithandler (node:child_process:417:12)
    at ChildProcess.emit (node:events:508:28)
    at maybeClose (node:internal/child_process:1100:16)
    at ChildProcess._handle.onexit (node:internal/child_process:305:5)
[2026-04-06T22:37:04.664Z] [INFO]   → Embedding new messages...
[2026-04-06T22:37:04.794Z] [INFO] ━━━━━━━━━━━━━━━━━━━━━━━━━━━━━━━━━━━━━━━━━━━━━━━━━━━━━━━━━━━━
[2026-04-06T22:37:04.794Z] [INFO] Starting overnight loop...
[2026-04-06T22:37:04.794Z] [INFO] ━━━━━━━━━━━━━━━━━━━━━━━━━━━━━━━━━━━━━━━━━━━━━━━━━━━━━━━━━━━━
[2026-04-06T22:37:04.794Z] [INFO]   → Fetching handoff queue...
[2026-04-06T22:37:04.827Z] [ERROR] Overnight loop failed: Failed to fetch projects
[2026-04-06T22:37:04.827Z] [ERROR] Error: Failed to fetch projects
    at runOvernightLoop (file:///C:/Users/royce/Desktop/nightshift-ai/orchestration/nightshift-daemon.mjs:241:13)
    at process.processTicksAndRejections (node:internal/process/task_queues:104:5)
    at async Timeout._onTimeout (file:///C:/Users/royce/Desktop/nightshift-ai/orchestration/nightshift-daemon.mjs:545:7)
[2026-04-06T22:37:04.880Z] [INFO] Test mode schedule:
[2026-04-06T22:37:04.880Z] [INFO]   Next overnight run: 6:31:30 PM (in -334s)
[2026-04-06T22:37:04.880Z] [INFO]   Next brief: 6:32:30 PM (in -274s)
[2026-04-06T22:37:04.881Z] [INFO] ━━━━━━━━━━━━━━━━━━━━━━━━━━━━━━━━━━━━━━━━━━━━━━━━━━━━━━━━━━━━
[2026-04-06T22:37:04.881Z] [INFO] Generating morning brief...
[2026-04-06T22:37:04.881Z] [INFO] ━━━━━━━━━━━━━━━━━━━━━━━━━━━━━━━━━━━━━━━━━━━━━━━━━━━━━━━━━━━━
[2026-04-06T22:37:04.882Z] [INFO]   → Calling /api/brief...
[2026-04-06T22:37:04.897Z] [ERROR] Morning brief generation failed: Failed to generate brief
[2026-04-06T22:37:04.897Z] [ERROR] Error: Failed to generate brief
    at generateMorningBrief (file:///C:/Users/royce/Desktop/nightshift-ai/orchestration/nightshift-daemon.mjs:365:13)
    at process.processTicksAndRejections (node:internal/process/task_queues:104:5)
    at async Timeout._onTimeout (file:///C:/Users/royce/Desktop/nightshift-ai/orchestration/nightshift-daemon.mjs:554:7)
[2026-04-06T22:37:04.961Z] [INFO] Test mode schedule:
[2026-04-06T22:37:04.961Z] [INFO]   Next overnight run: 6:31:30 PM (in -334s)
[2026-04-06T22:37:04.961Z] [INFO]   Next brief: 6:32:30 PM (in -274s)
[2026-04-06T22:37:06.951Z] [INFO]   ✅ Embedded 0 new messages
[2026-04-06T22:37:06.951Z] [INFO]   → Running project detection...
[2026-04-06T22:37:07.985Z] [INFO]   ✅ Detected 0 projects
[2026-04-06T22:37:07.985Z] [INFO] Refresh cycle complete in 3.5s
[2026-04-06T22:37:14.803Z] [INFO] ━━━━━━━━━━━━━━━━━━━━━━━━━━━━━━━━━━━━━━━━━━━━━━━━━━━━━━━━━━━━
[2026-04-06T22:37:14.803Z] [INFO] Starting overnight loop...
[2026-04-06T22:37:14.803Z] [INFO] ━━━━━━━━━━━━━━━━━━━━━━━━━━━━━━━━━━━━━━━━━━━━━━━━━━━━━━━━━━━━
[2026-04-06T22:37:14.803Z] [INFO]   → Fetching handoff queue...
[2026-04-06T22:37:14.826Z] [ERROR] Overnight loop failed: Failed to fetch projects
[2026-04-06T22:37:14.826Z] [ERROR] Error: Failed to fetch projects
    at runOvernightLoop (file:///C:/Users/royce/Desktop/nightshift-ai/orchestration/nightshift-daemon.mjs:241:13)
    at process.processTicksAndRejections (node:internal/process/task_queues:104:5)
    at async Timeout._onTimeout (file:///C:/Users/royce/Desktop/nightshift-ai/orchestration/nightshift-daemon.mjs:545:7)
[2026-04-06T22:37:14.873Z] [INFO] Test mode schedule:
[2026-04-06T22:37:14.873Z] [INFO]   Next overnight run: 6:31:30 PM (in -344s)
[2026-04-06T22:37:14.873Z] [INFO]   Next brief: 6:32:30 PM (in -284s)
[2026-04-06T22:37:14.874Z] [INFO] ━━━━━━━━━━━━━━━━━━━━━━━━━━━━━━━━━━━━━━━━━━━━━━━━━━━━━━━━━━━━
[2026-04-06T22:37:14.874Z] [INFO] Generating morning brief...
[2026-04-06T22:37:14.874Z] [INFO] ━━━━━━━━━━━━━━━━━━━━━━━━━━━━━━━━━━━━━━━━━━━━━━━━━━━━━━━━━━━━
[2026-04-06T22:37:14.875Z] [INFO]   → Calling /api/brief...
[2026-04-06T22:37:14.898Z] [ERROR] Morning brief generation failed: Failed to generate brief
[2026-04-06T22:37:14.898Z] [ERROR] Error: Failed to generate brief
    at generateMorningBrief (file:///C:/Users/royce/Desktop/nightshift-ai/orchestration/nightshift-daemon.mjs:365:13)
    at process.processTicksAndRejections (node:internal/process/task_queues:104:5)
    at async Timeout._onTimeout (file:///C:/Users/royce/Desktop/nightshift-ai/orchestration/nightshift-daemon.mjs:554:7)
[2026-04-06T22:37:14.952Z] [INFO] Test mode schedule:
[2026-04-06T22:37:14.952Z] [INFO]   Next overnight run: 6:31:30 PM (in -344s)
[2026-04-06T22:37:14.952Z] [INFO]   Next brief: 6:32:30 PM (in -284s)
[2026-04-06T22:37:24.809Z] [INFO] ━━━━━━━━━━━━━━━━━━━━━━━━━━━━━━━━━━━━━━━━━━━━━━━━━━━━━━━━━━━━
[2026-04-06T22:37:24.809Z] [INFO] Starting overnight loop...
[2026-04-06T22:37:24.809Z] [INFO] ━━━━━━━━━━━━━━━━━━━━━━━━━━━━━━━━━━━━━━━━━━━━━━━━━━━━━━━━━━━━
[2026-04-06T22:37:24.809Z] [INFO]   → Fetching handoff queue...
[2026-04-06T22:37:24.840Z] [ERROR] Overnight loop failed: Failed to fetch projects
[2026-04-06T22:37:24.841Z] [ERROR] Error: Failed to fetch projects
    at runOvernightLoop (file:///C:/Users/royce/Desktop/nightshift-ai/orchestration/nightshift-daemon.mjs:241:13)
    at process.processTicksAndRejections (node:internal/process/task_queues:104:5)
    at async Timeout._onTimeout (file:///C:/Users/royce/Desktop/nightshift-ai/orchestration/nightshift-daemon.mjs:545:7)
[2026-04-06T22:37:24.895Z] [INFO] Test mode schedule:
[2026-04-06T22:37:24.896Z] [INFO]   Next overnight run: 6:31:30 PM (in -354s)
[2026-04-06T22:37:24.896Z] [INFO]   Next brief: 6:32:30 PM (in -294s)
[2026-04-06T22:37:24.897Z] [INFO] ━━━━━━━━━━━━━━━━━━━━━━━━━━━━━━━━━━━━━━━━━━━━━━━━━━━━━━━━━━━━
[2026-04-06T22:37:24.897Z] [INFO] Generating morning brief...
[2026-04-06T22:37:24.897Z] [INFO] ━━━━━━━━━━━━━━━━━━━━━━━━━━━━━━━━━━━━━━━━━━━━━━━━━━━━━━━━━━━━
[2026-04-06T22:37:24.897Z] [INFO]   → Calling /api/brief...
[2026-04-06T22:37:24.919Z] [ERROR] Morning brief generation failed: Failed to generate brief
[2026-04-06T22:37:24.919Z] [ERROR] Error: Failed to generate brief
    at generateMorningBrief (file:///C:/Users/royce/Desktop/nightshift-ai/orchestration/nightshift-daemon.mjs:365:13)
    at process.processTicksAndRejections (node:internal/process/task_queues:104:5)
    at async Timeout._onTimeout (file:///C:/Users/royce/Desktop/nightshift-ai/orchestration/nightshift-daemon.mjs:554:7)
[2026-04-06T22:37:24.974Z] [INFO] Test mode schedule:
[2026-04-06T22:37:24.974Z] [INFO]   Next overnight run: 6:31:30 PM (in -354s)
[2026-04-06T22:37:24.974Z] [INFO]   Next brief: 6:32:30 PM (in -294s)
[2026-04-06T22:37:34.532Z] [INFO] Starting refresh cycle...
[2026-04-06T22:37:34.533Z] [INFO]   → Scraping Canvas for new assignments...
[2026-04-06T22:37:34.653Z] [ERROR]   ⚠️  Canvas scrape failed: Command failed: node orchestration/scrape-canvas.mjs
❌ Missing --user-id parameter
Usage: node scrape-canvas.mjs --user-id=USER_ID

[2026-04-06T22:37:34.653Z] [ERROR] Error: Command failed: node orchestration/scrape-canvas.mjs
❌ Missing --user-id parameter
Usage: node scrape-canvas.mjs --user-id=USER_ID

    at genericNodeError (node:internal/errors:985:15)
    at wrappedFn (node:internal/errors:539:14)
    at ChildProcess.exithandler (node:child_process:417:12)
    at ChildProcess.emit (node:events:508:28)
    at maybeClose (node:internal/child_process:1100:16)
    at ChildProcess._handle.onexit (node:internal/child_process:305:5)
[2026-04-06T22:37:34.653Z] [INFO]   → Embedding new messages...
[2026-04-06T22:37:34.811Z] [INFO] ━━━━━━━━━━━━━━━━━━━━━━━━━━━━━━━━━━━━━━━━━━━━━━━━━━━━━━━━━━━━
[2026-04-06T22:37:34.811Z] [INFO] Starting overnight loop...
[2026-04-06T22:37:34.811Z] [INFO] ━━━━━━━━━━━━━━━━━━━━━━━━━━━━━━━━━━━━━━━━━━━━━━━━━━━━━━━━━━━━
[2026-04-06T22:37:34.811Z] [INFO]   → Fetching handoff queue...
[2026-04-06T22:37:34.843Z] [ERROR] Overnight loop failed: Failed to fetch projects
[2026-04-06T22:37:34.843Z] [ERROR] Error: Failed to fetch projects
    at runOvernightLoop (file:///C:/Users/royce/Desktop/nightshift-ai/orchestration/nightshift-daemon.mjs:241:13)
    at process.processTicksAndRejections (node:internal/process/task_queues:104:5)
    at async Timeout._onTimeout (file:///C:/Users/royce/Desktop/nightshift-ai/orchestration/nightshift-daemon.mjs:545:7)
[2026-04-06T22:37:34.892Z] [INFO] Test mode schedule:
[2026-04-06T22:37:34.892Z] [INFO]   Next overnight run: 6:31:30 PM (in -364s)
[2026-04-06T22:37:34.892Z] [INFO]   Next brief: 6:32:30 PM (in -304s)
[2026-04-06T22:37:34.893Z] [INFO] ━━━━━━━━━━━━━━━━━━━━━━━━━━━━━━━━━━━━━━━━━━━━━━━━━━━━━━━━━━━━
[2026-04-06T22:37:34.893Z] [INFO] Generating morning brief...
[2026-04-06T22:37:34.893Z] [INFO] ━━━━━━━━━━━━━━━━━━━━━━━━━━━━━━━━━━━━━━━━━━━━━━━━━━━━━━━━━━━━
[2026-04-06T22:37:34.893Z] [INFO]   → Calling /api/brief...
[2026-04-06T22:37:34.908Z] [ERROR] Morning brief generation failed: Failed to generate brief
[2026-04-06T22:37:34.908Z] [ERROR] Error: Failed to generate brief
    at generateMorningBrief (file:///C:/Users/royce/Desktop/nightshift-ai/orchestration/nightshift-daemon.mjs:365:13)
    at process.processTicksAndRejections (node:internal/process/task_queues:104:5)
    at async Timeout._onTimeout (file:///C:/Users/royce/Desktop/nightshift-ai/orchestration/nightshift-daemon.mjs:554:7)
[2026-04-06T22:37:34.959Z] [INFO] Test mode schedule:
[2026-04-06T22:37:34.959Z] [INFO]   Next overnight run: 6:31:30 PM (in -364s)
[2026-04-06T22:37:34.959Z] [INFO]   Next brief: 6:32:30 PM (in -304s)
[2026-04-06T22:37:36.805Z] [INFO]   ✅ Embedded 0 new messages
[2026-04-06T22:37:36.805Z] [INFO]   → Running project detection...
[2026-04-06T22:37:37.836Z] [INFO]   ✅ Detected 0 projects
[2026-04-06T22:37:37.836Z] [INFO] Refresh cycle complete in 3.3s
[2026-04-06T22:37:44.822Z] [INFO] ━━━━━━━━━━━━━━━━━━━━━━━━━━━━━━━━━━━━━━━━━━━━━━━━━━━━━━━━━━━━
[2026-04-06T22:37:44.822Z] [INFO] Starting overnight loop...
[2026-04-06T22:37:44.822Z] [INFO] ━━━━━━━━━━━━━━━━━━━━━━━━━━━━━━━━━━━━━━━━━━━━━━━━━━━━━━━━━━━━
[2026-04-06T22:37:44.822Z] [INFO]   → Fetching handoff queue...
[2026-04-06T22:37:44.854Z] [ERROR] Overnight loop failed: Failed to fetch projects
[2026-04-06T22:37:44.854Z] [ERROR] Error: Failed to fetch projects
    at runOvernightLoop (file:///C:/Users/royce/Desktop/nightshift-ai/orchestration/nightshift-daemon.mjs:241:13)
    at process.processTicksAndRejections (node:internal/process/task_queues:104:5)
    at async Timeout._onTimeout (file:///C:/Users/royce/Desktop/nightshift-ai/orchestration/nightshift-daemon.mjs:545:7)
[2026-04-06T22:37:44.920Z] [INFO] Test mode schedule:
[2026-04-06T22:37:44.920Z] [INFO]   Next overnight run: 6:31:30 PM (in -374s)
[2026-04-06T22:37:44.920Z] [INFO]   Next brief: 6:32:30 PM (in -314s)
[2026-04-06T22:37:44.921Z] [INFO] ━━━━━━━━━━━━━━━━━━━━━━━━━━━━━━━━━━━━━━━━━━━━━━━━━━━━━━━━━━━━
[2026-04-06T22:37:44.921Z] [INFO] Generating morning brief...
[2026-04-06T22:37:44.921Z] [INFO] ━━━━━━━━━━━━━━━━━━━━━━━━━━━━━━━━━━━━━━━━━━━━━━━━━━━━━━━━━━━━
[2026-04-06T22:37:44.921Z] [INFO]   → Calling /api/brief...
[2026-04-06T22:37:44.948Z] [ERROR] Morning brief generation failed: Failed to generate brief
[2026-04-06T22:37:44.948Z] [ERROR] Error: Failed to generate brief
    at generateMorningBrief (file:///C:/Users/royce/Desktop/nightshift-ai/orchestration/nightshift-daemon.mjs:365:13)
    at process.processTicksAndRejections (node:internal/process/task_queues:104:5)
    at async Timeout._onTimeout (file:///C:/Users/royce/Desktop/nightshift-ai/orchestration/nightshift-daemon.mjs:554:7)
[2026-04-06T22:37:44.992Z] [INFO] Test mode schedule:
[2026-04-06T22:37:44.992Z] [INFO]   Next overnight run: 6:31:30 PM (in -374s)
[2026-04-06T22:37:44.992Z] [INFO]   Next brief: 6:32:30 PM (in -314s)
[2026-04-06T22:37:54.824Z] [INFO] ━━━━━━━━━━━━━━━━━━━━━━━━━━━━━━━━━━━━━━━━━━━━━━━━━━━━━━━━━━━━
[2026-04-06T22:37:54.824Z] [INFO] Starting overnight loop...
[2026-04-06T22:37:54.824Z] [INFO] ━━━━━━━━━━━━━━━━━━━━━━━━━━━━━━━━━━━━━━━━━━━━━━━━━━━━━━━━━━━━
[2026-04-06T22:37:54.824Z] [INFO]   → Fetching handoff queue...
[2026-04-06T22:37:54.856Z] [ERROR] Overnight loop failed: Failed to fetch projects
[2026-04-06T22:37:54.856Z] [ERROR] Error: Failed to fetch projects
    at runOvernightLoop (file:///C:/Users/royce/Desktop/nightshift-ai/orchestration/nightshift-daemon.mjs:241:13)
    at process.processTicksAndRejections (node:internal/process/task_queues:104:5)
    at async Timeout._onTimeout (file:///C:/Users/royce/Desktop/nightshift-ai/orchestration/nightshift-daemon.mjs:545:7)
[2026-04-06T22:37:54.909Z] [INFO] Test mode schedule:
[2026-04-06T22:37:54.909Z] [INFO]   Next overnight run: 6:31:30 PM (in -384s)
[2026-04-06T22:37:54.909Z] [INFO]   Next brief: 6:32:30 PM (in -324s)
[2026-04-06T22:37:54.910Z] [INFO] ━━━━━━━━━━━━━━━━━━━━━━━━━━━━━━━━━━━━━━━━━━━━━━━━━━━━━━━━━━━━
[2026-04-06T22:37:54.910Z] [INFO] Generating morning brief...
[2026-04-06T22:37:54.910Z] [INFO] ━━━━━━━━━━━━━━━━━━━━━━━━━━━━━━━━━━━━━━━━━━━━━━━━━━━━━━━━━━━━
[2026-04-06T22:37:54.910Z] [INFO]   → Calling /api/brief...
[2026-04-06T22:37:54.926Z] [ERROR] Morning brief generation failed: Failed to generate brief
[2026-04-06T22:37:54.926Z] [ERROR] Error: Failed to generate brief
    at generateMorningBrief (file:///C:/Users/royce/Desktop/nightshift-ai/orchestration/nightshift-daemon.mjs:365:13)
    at process.processTicksAndRejections (node:internal/process/task_queues:104:5)
    at async Timeout._onTimeout (file:///C:/Users/royce/Desktop/nightshift-ai/orchestration/nightshift-daemon.mjs:554:7)
[2026-04-06T22:37:54.987Z] [INFO] Test mode schedule:
[2026-04-06T22:37:54.988Z] [INFO]   Next overnight run: 6:31:30 PM (in -384s)
[2026-04-06T22:37:54.988Z] [INFO]   Next brief: 6:32:30 PM (in -324s)
[2026-04-06T22:38:04.546Z] [INFO] Starting refresh cycle...
[2026-04-06T22:38:04.546Z] [INFO]   → Scraping Canvas for new assignments...
[2026-04-06T22:38:04.667Z] [ERROR]   ⚠️  Canvas scrape failed: Command failed: node orchestration/scrape-canvas.mjs
❌ Missing --user-id parameter
Usage: node scrape-canvas.mjs --user-id=USER_ID

[2026-04-06T22:38:04.667Z] [ERROR] Error: Command failed: node orchestration/scrape-canvas.mjs
❌ Missing --user-id parameter
Usage: node scrape-canvas.mjs --user-id=USER_ID

    at genericNodeError (node:internal/errors:985:15)
    at wrappedFn (node:internal/errors:539:14)
    at ChildProcess.exithandler (node:child_process:417:12)
    at ChildProcess.emit (node:events:508:28)
    at maybeClose (node:internal/child_process:1100:16)
    at ChildProcess._handle.onexit (node:internal/child_process:305:5)
[2026-04-06T22:38:04.667Z] [INFO]   → Embedding new messages...
[2026-04-06T22:38:04.825Z] [INFO] ━━━━━━━━━━━━━━━━━━━━━━━━━━━━━━━━━━━━━━━━━━━━━━━━━━━━━━━━━━━━
[2026-04-06T22:38:04.825Z] [INFO] Starting overnight loop...
[2026-04-06T22:38:04.825Z] [INFO] ━━━━━━━━━━━━━━━━━━━━━━━━━━━━━━━━━━━━━━━━━━━━━━━━━━━━━━━━━━━━
[2026-04-06T22:38:04.825Z] [INFO]   → Fetching handoff queue...
[2026-04-06T22:38:04.857Z] [ERROR] Overnight loop failed: Failed to fetch projects
[2026-04-06T22:38:04.858Z] [ERROR] Error: Failed to fetch projects
    at runOvernightLoop (file:///C:/Users/royce/Desktop/nightshift-ai/orchestration/nightshift-daemon.mjs:241:13)
    at process.processTicksAndRejections (node:internal/process/task_queues:104:5)
    at async Timeout._onTimeout (file:///C:/Users/royce/Desktop/nightshift-ai/orchestration/nightshift-daemon.mjs:545:7)
[2026-04-06T22:38:04.913Z] [INFO] Test mode schedule:
[2026-04-06T22:38:04.913Z] [INFO]   Next overnight run: 6:31:30 PM (in -394s)
[2026-04-06T22:38:04.913Z] [INFO]   Next brief: 6:32:30 PM (in -334s)
[2026-04-06T22:38:04.914Z] [INFO] ━━━━━━━━━━━━━━━━━━━━━━━━━━━━━━━━━━━━━━━━━━━━━━━━━━━━━━━━━━━━
[2026-04-06T22:38:04.914Z] [INFO] Generating morning brief...
[2026-04-06T22:38:04.914Z] [INFO] ━━━━━━━━━━━━━━━━━━━━━━━━━━━━━━━━━━━━━━━━━━━━━━━━━━━━━━━━━━━━
[2026-04-06T22:38:04.914Z] [INFO]   → Calling /api/brief...
[2026-04-06T22:38:04.935Z] [ERROR] Morning brief generation failed: Failed to generate brief
[2026-04-06T22:38:04.935Z] [ERROR] Error: Failed to generate brief
    at generateMorningBrief (file:///C:/Users/royce/Desktop/nightshift-ai/orchestration/nightshift-daemon.mjs:365:13)
    at process.processTicksAndRejections (node:internal/process/task_queues:104:5)
    at async Timeout._onTimeout (file:///C:/Users/royce/Desktop/nightshift-ai/orchestration/nightshift-daemon.mjs:554:7)
[2026-04-06T22:38:04.991Z] [INFO] Test mode schedule:
[2026-04-06T22:38:04.991Z] [INFO]   Next overnight run: 6:31:30 PM (in -394s)
[2026-04-06T22:38:04.991Z] [INFO]   Next brief: 6:32:30 PM (in -334s)
[2026-04-06T22:38:06.827Z] [INFO]   ✅ Embedded 0 new messages
[2026-04-06T22:38:06.827Z] [INFO]   → Running project detection...
[2026-04-06T22:38:07.863Z] [INFO]   ✅ Detected 0 projects
[2026-04-06T22:38:07.863Z] [INFO] Refresh cycle complete in 3.3s
[2026-04-06T22:38:14.839Z] [INFO] ━━━━━━━━━━━━━━━━━━━━━━━━━━━━━━━━━━━━━━━━━━━━━━━━━━━━━━━━━━━━
[2026-04-06T22:38:14.839Z] [INFO] Starting overnight loop...
[2026-04-06T22:38:14.839Z] [INFO] ━━━━━━━━━━━━━━━━━━━━━━━━━━━━━━━━━━━━━━━━━━━━━━━━━━━━━━━━━━━━
[2026-04-06T22:38:14.839Z] [INFO]   → Fetching handoff queue...
[2026-04-06T22:38:14.871Z] [ERROR] Overnight loop failed: Failed to fetch projects
[2026-04-06T22:38:14.871Z] [ERROR] Error: Failed to fetch projects
    at runOvernightLoop (file:///C:/Users/royce/Desktop/nightshift-ai/orchestration/nightshift-daemon.mjs:241:13)
    at process.processTicksAndRejections (node:internal/process/task_queues:104:5)
    at async Timeout._onTimeout (file:///C:/Users/royce/Desktop/nightshift-ai/orchestration/nightshift-daemon.mjs:545:7)
[2026-04-06T22:38:14.925Z] [INFO] Test mode schedule:
[2026-04-06T22:38:14.925Z] [INFO]   Next overnight run: 6:31:30 PM (in -404s)
[2026-04-06T22:38:14.925Z] [INFO]   Next brief: 6:32:30 PM (in -344s)
[2026-04-06T22:38:14.926Z] [INFO] ━━━━━━━━━━━━━━━━━━━━━━━━━━━━━━━━━━━━━━━━━━━━━━━━━━━━━━━━━━━━
[2026-04-06T22:38:14.926Z] [INFO] Generating morning brief...
[2026-04-06T22:38:14.926Z] [INFO] ━━━━━━━━━━━━━━━━━━━━━━━━━━━━━━━━━━━━━━━━━━━━━━━━━━━━━━━━━━━━
[2026-04-06T22:38:14.926Z] [INFO]   → Calling /api/brief...
[2026-04-06T22:38:14.949Z] [ERROR] Morning brief generation failed: Failed to generate brief
[2026-04-06T22:38:14.949Z] [ERROR] Error: Failed to generate brief
    at generateMorningBrief (file:///C:/Users/royce/Desktop/nightshift-ai/orchestration/nightshift-daemon.mjs:365:13)
    at process.processTicksAndRejections (node:internal/process/task_queues:104:5)
    at async Timeout._onTimeout (file:///C:/Users/royce/Desktop/nightshift-ai/orchestration/nightshift-daemon.mjs:554:7)
[2026-04-06T22:38:15.025Z] [INFO] Test mode schedule:
[2026-04-06T22:38:15.026Z] [INFO]   Next overnight run: 6:31:30 PM (in -404s)
[2026-04-06T22:38:15.026Z] [INFO]   Next brief: 6:32:30 PM (in -344s)
[2026-04-06T22:38:24.852Z] [INFO] ━━━━━━━━━━━━━━━━━━━━━━━━━━━━━━━━━━━━━━━━━━━━━━━━━━━━━━━━━━━━
[2026-04-06T22:38:24.852Z] [INFO] Starting overnight loop...
[2026-04-06T22:38:24.853Z] [INFO] ━━━━━━━━━━━━━━━━━━━━━━━━━━━━━━━━━━━━━━━━━━━━━━━━━━━━━━━━━━━━
[2026-04-06T22:38:24.853Z] [INFO]   → Fetching handoff queue...
[2026-04-06T22:38:24.869Z] [ERROR] Overnight loop failed: Failed to fetch projects
[2026-04-06T22:38:24.869Z] [ERROR] Error: Failed to fetch projects
    at runOvernightLoop (file:///C:/Users/royce/Desktop/nightshift-ai/orchestration/nightshift-daemon.mjs:241:13)
    at process.processTicksAndRejections (node:internal/process/task_queues:104:5)
    at async Timeout._onTimeout (file:///C:/Users/royce/Desktop/nightshift-ai/orchestration/nightshift-daemon.mjs:545:7)
[2026-04-06T22:38:24.922Z] [INFO] Test mode schedule:
[2026-04-06T22:38:24.922Z] [INFO]   Next overnight run: 6:31:30 PM (in -414s)
[2026-04-06T22:38:24.922Z] [INFO]   Next brief: 6:32:30 PM (in -354s)
[2026-04-06T22:38:24.923Z] [INFO] ━━━━━━━━━━━━━━━━━━━━━━━━━━━━━━━━━━━━━━━━━━━━━━━━━━━━━━━━━━━━
[2026-04-06T22:38:24.923Z] [INFO] Generating morning brief...
[2026-04-06T22:38:24.923Z] [INFO] ━━━━━━━━━━━━━━━━━━━━━━━━━━━━━━━━━━━━━━━━━━━━━━━━━━━━━━━━━━━━
[2026-04-06T22:38:24.923Z] [INFO]   → Calling /api/brief...
[2026-04-06T22:38:24.948Z] [ERROR] Morning brief generation failed: Failed to generate brief
[2026-04-06T22:38:24.948Z] [ERROR] Error: Failed to generate brief
    at generateMorningBrief (file:///C:/Users/royce/Desktop/nightshift-ai/orchestration/nightshift-daemon.mjs:365:13)
    at process.processTicksAndRejections (node:internal/process/task_queues:104:5)
    at async Timeout._onTimeout (file:///C:/Users/royce/Desktop/nightshift-ai/orchestration/nightshift-daemon.mjs:554:7)
[2026-04-06T22:38:25.001Z] [INFO] Test mode schedule:
[2026-04-06T22:38:25.001Z] [INFO]   Next overnight run: 6:31:30 PM (in -414s)
[2026-04-06T22:38:25.001Z] [INFO]   Next brief: 6:32:30 PM (in -354s)
[2026-04-06T22:38:34.558Z] [INFO] Starting refresh cycle...
[2026-04-06T22:38:34.558Z] [INFO]   → Scraping Canvas for new assignments...
[2026-04-06T22:38:34.681Z] [ERROR]   ⚠️  Canvas scrape failed: Command failed: node orchestration/scrape-canvas.mjs
❌ Missing --user-id parameter
Usage: node scrape-canvas.mjs --user-id=USER_ID

[2026-04-06T22:38:34.681Z] [ERROR] Error: Command failed: node orchestration/scrape-canvas.mjs
❌ Missing --user-id parameter
Usage: node scrape-canvas.mjs --user-id=USER_ID

    at genericNodeError (node:internal/errors:985:15)
    at wrappedFn (node:internal/errors:539:14)
    at ChildProcess.exithandler (node:child_process:417:12)
    at ChildProcess.emit (node:events:508:28)
    at maybeClose (node:internal/child_process:1100:16)
    at ChildProcess._handle.onexit (node:internal/child_process:305:5)
[2026-04-06T22:38:34.682Z] [INFO]   → Embedding new messages...
[2026-04-06T22:38:34.852Z] [INFO] ━━━━━━━━━━━━━━━━━━━━━━━━━━━━━━━━━━━━━━━━━━━━━━━━━━━━━━━━━━━━
[2026-04-06T22:38:34.853Z] [INFO] Starting overnight loop...
[2026-04-06T22:38:34.853Z] [INFO] ━━━━━━━━━━━━━━━━━━━━━━━━━━━━━━━━━━━━━━━━━━━━━━━━━━━━━━━━━━━━
[2026-04-06T22:38:34.853Z] [INFO]   → Fetching handoff queue...
[2026-04-06T22:38:34.885Z] [ERROR] Overnight loop failed: Failed to fetch projects
[2026-04-06T22:38:34.885Z] [ERROR] Error: Failed to fetch projects
    at runOvernightLoop (file:///C:/Users/royce/Desktop/nightshift-ai/orchestration/nightshift-daemon.mjs:241:13)
    at process.processTicksAndRejections (node:internal/process/task_queues:104:5)
    at async Timeout._onTimeout (file:///C:/Users/royce/Desktop/nightshift-ai/orchestration/nightshift-daemon.mjs:545:7)
[2026-04-06T22:38:34.939Z] [INFO] Test mode schedule:
[2026-04-06T22:38:34.939Z] [INFO]   Next overnight run: 6:31:30 PM (in -424s)
[2026-04-06T22:38:34.939Z] [INFO]   Next brief: 6:32:30 PM (in -364s)
[2026-04-06T22:38:34.940Z] [INFO] ━━━━━━━━━━━━━━━━━━━━━━━━━━━━━━━━━━━━━━━━━━━━━━━━━━━━━━━━━━━━
[2026-04-06T22:38:34.940Z] [INFO] Generating morning brief...
[2026-04-06T22:38:34.940Z] [INFO] ━━━━━━━━━━━━━━━━━━━━━━━━━━━━━━━━━━━━━━━━━━━━━━━━━━━━━━━━━━━━
[2026-04-06T22:38:34.940Z] [INFO]   → Calling /api/brief...
[2026-04-06T22:38:34.954Z] [ERROR] Morning brief generation failed: Failed to generate brief
[2026-04-06T22:38:34.955Z] [ERROR] Error: Failed to generate brief
    at generateMorningBrief (file:///C:/Users/royce/Desktop/nightshift-ai/orchestration/nightshift-daemon.mjs:365:13)
    at process.processTicksAndRejections (node:internal/process/task_queues:104:5)
    at async Timeout._onTimeout (file:///C:/Users/royce/Desktop/nightshift-ai/orchestration/nightshift-daemon.mjs:554:7)
[2026-04-06T22:38:35.018Z] [INFO] Test mode schedule:
[2026-04-06T22:38:35.018Z] [INFO]   Next overnight run: 6:31:30 PM (in -424s)
[2026-04-06T22:38:35.018Z] [INFO]   Next brief: 6:32:30 PM (in -364s)
[2026-04-06T22:38:36.804Z] [INFO]   ✅ Embedded 0 new messages
[2026-04-06T22:38:36.805Z] [INFO]   → Running project detection...
[2026-04-06T22:38:37.838Z] [INFO]   ✅ Detected 0 projects
[2026-04-06T22:38:37.838Z] [INFO] Refresh cycle complete in 3.3s
[2026-04-06T22:38:44.863Z] [INFO] ━━━━━━━━━━━━━━━━━━━━━━━━━━━━━━━━━━━━━━━━━━━━━━━━━━━━━━━━━━━━
[2026-04-06T22:38:44.863Z] [INFO] Starting overnight loop...
[2026-04-06T22:38:44.863Z] [INFO] ━━━━━━━━━━━━━━━━━━━━━━━━━━━━━━━━━━━━━━━━━━━━━━━━━━━━━━━━━━━━
[2026-04-06T22:38:44.863Z] [INFO]   → Fetching handoff queue...
[2026-04-06T22:38:44.896Z] [ERROR] Overnight loop failed: Failed to fetch projects
[2026-04-06T22:38:44.896Z] [ERROR] Error: Failed to fetch projects
    at runOvernightLoop (file:///C:/Users/royce/Desktop/nightshift-ai/orchestration/nightshift-daemon.mjs:241:13)
    at process.processTicksAndRejections (node:internal/process/task_queues:104:5)
    at async Timeout._onTimeout (file:///C:/Users/royce/Desktop/nightshift-ai/orchestration/nightshift-daemon.mjs:545:7)
[2026-04-06T22:38:44.950Z] [INFO] Test mode schedule:
[2026-04-06T22:38:44.950Z] [INFO]   Next overnight run: 6:31:30 PM (in -434s)
[2026-04-06T22:38:44.950Z] [INFO]   Next brief: 6:32:30 PM (in -374s)
[2026-04-06T22:38:44.951Z] [INFO] ━━━━━━━━━━━━━━━━━━━━━━━━━━━━━━━━━━━━━━━━━━━━━━━━━━━━━━━━━━━━
[2026-04-06T22:38:44.951Z] [INFO] Generating morning brief...
[2026-04-06T22:38:44.952Z] [INFO] ━━━━━━━━━━━━━━━━━━━━━━━━━━━━━━━━━━━━━━━━━━━━━━━━━━━━━━━━━━━━
[2026-04-06T22:38:44.952Z] [INFO]   → Calling /api/brief...
[2026-04-06T22:38:44.965Z] [ERROR] Morning brief generation failed: Failed to generate brief
[2026-04-06T22:38:44.966Z] [ERROR] Error: Failed to generate brief
    at generateMorningBrief (file:///C:/Users/royce/Desktop/nightshift-ai/orchestration/nightshift-daemon.mjs:365:13)
    at process.processTicksAndRejections (node:internal/process/task_queues:104:5)
    at async Timeout._onTimeout (file:///C:/Users/royce/Desktop/nightshift-ai/orchestration/nightshift-daemon.mjs:554:7)
[2026-04-06T22:38:45.014Z] [INFO] Test mode schedule:
[2026-04-06T22:38:45.014Z] [INFO]   Next overnight run: 6:31:30 PM (in -434s)
[2026-04-06T22:38:45.014Z] [INFO]   Next brief: 6:32:30 PM (in -374s)
[2026-04-06T22:38:54.875Z] [INFO] ━━━━━━━━━━━━━━━━━━━━━━━━━━━━━━━━━━━━━━━━━━━━━━━━━━━━━━━━━━━━
[2026-04-06T22:38:54.875Z] [INFO] Starting overnight loop...
[2026-04-06T22:38:54.875Z] [INFO] ━━━━━━━━━━━━━━━━━━━━━━━━━━━━━━━━━━━━━━━━━━━━━━━━━━━━━━━━━━━━
[2026-04-06T22:38:54.875Z] [INFO]   → Fetching handoff queue...
[2026-04-06T22:38:54.907Z] [ERROR] Overnight loop failed: Failed to fetch projects
[2026-04-06T22:38:54.907Z] [ERROR] Error: Failed to fetch projects
    at runOvernightLoop (file:///C:/Users/royce/Desktop/nightshift-ai/orchestration/nightshift-daemon.mjs:241:13)
    at process.processTicksAndRejections (node:internal/process/task_queues:104:5)
    at async Timeout._onTimeout (file:///C:/Users/royce/Desktop/nightshift-ai/orchestration/nightshift-daemon.mjs:545:7)
[2026-04-06T22:38:54.963Z] [INFO] Test mode schedule:
[2026-04-06T22:38:54.963Z] [INFO]   Next overnight run: 6:31:30 PM (in -444s)
[2026-04-06T22:38:54.963Z] [INFO]   Next brief: 6:32:30 PM (in -384s)
[2026-04-06T22:38:54.964Z] [INFO] ━━━━━━━━━━━━━━━━━━━━━━━━━━━━━━━━━━━━━━━━━━━━━━━━━━━━━━━━━━━━
[2026-04-06T22:38:54.964Z] [INFO] Generating morning brief...
[2026-04-06T22:38:54.964Z] [INFO] ━━━━━━━━━━━━━━━━━━━━━━━━━━━━━━━━━━━━━━━━━━━━━━━━━━━━━━━━━━━━
[2026-04-06T22:38:54.964Z] [INFO]   → Calling /api/brief...
[2026-04-06T22:38:55.000Z] [ERROR] Morning brief generation failed: Failed to generate brief
[2026-04-06T22:38:55.000Z] [ERROR] Error: Failed to generate brief
    at generateMorningBrief (file:///C:/Users/royce/Desktop/nightshift-ai/orchestration/nightshift-daemon.mjs:365:13)
    at process.processTicksAndRejections (node:internal/process/task_queues:104:5)
    at async Timeout._onTimeout (file:///C:/Users/royce/Desktop/nightshift-ai/orchestration/nightshift-daemon.mjs:554:7)
[2026-04-06T22:38:55.064Z] [INFO] Test mode schedule:
[2026-04-06T22:38:55.064Z] [INFO]   Next overnight run: 6:31:30 PM (in -444s)
[2026-04-06T22:38:55.064Z] [INFO]   Next brief: 6:32:30 PM (in -384s)
[2026-04-06T22:39:04.563Z] [INFO] Starting refresh cycle...
[2026-04-06T22:39:04.563Z] [INFO]   → Scraping Canvas for new assignments...
[2026-04-06T22:39:04.685Z] [ERROR]   ⚠️  Canvas scrape failed: Command failed: node orchestration/scrape-canvas.mjs
❌ Missing --user-id parameter
Usage: node scrape-canvas.mjs --user-id=USER_ID

[2026-04-06T22:39:04.685Z] [ERROR] Error: Command failed: node orchestration/scrape-canvas.mjs
❌ Missing --user-id parameter
Usage: node scrape-canvas.mjs --user-id=USER_ID

    at genericNodeError (node:internal/errors:985:15)
    at wrappedFn (node:internal/errors:539:14)
    at ChildProcess.exithandler (node:child_process:417:12)
    at ChildProcess.emit (node:events:508:28)
    at maybeClose (node:internal/child_process:1100:16)
    at ChildProcess._handle.onexit (node:internal/child_process:305:5)
[2026-04-06T22:39:04.686Z] [INFO]   → Embedding new messages...
[2026-04-06T22:39:04.889Z] [INFO] ━━━━━━━━━━━━━━━━━━━━━━━━━━━━━━━━━━━━━━━━━━━━━━━━━━━━━━━━━━━━
[2026-04-06T22:39:04.889Z] [INFO] Starting overnight loop...
[2026-04-06T22:39:04.889Z] [INFO] ━━━━━━━━━━━━━━━━━━━━━━━━━━━━━━━━━━━━━━━━━━━━━━━━━━━━━━━━━━━━
[2026-04-06T22:39:04.889Z] [INFO]   → Fetching handoff queue...
[2026-04-06T22:39:04.923Z] [ERROR] Overnight loop failed: Failed to fetch projects
[2026-04-06T22:39:04.923Z] [ERROR] Error: Failed to fetch projects
    at runOvernightLoop (file:///C:/Users/royce/Desktop/nightshift-ai/orchestration/nightshift-daemon.mjs:241:13)
    at process.processTicksAndRejections (node:internal/process/task_queues:104:5)
    at async Timeout._onTimeout (file:///C:/Users/royce/Desktop/nightshift-ai/orchestration/nightshift-daemon.mjs:545:7)
[2026-04-06T22:39:04.987Z] [INFO] Test mode schedule:
[2026-04-06T22:39:04.987Z] [INFO]   Next overnight run: 6:31:30 PM (in -454s)
[2026-04-06T22:39:04.987Z] [INFO]   Next brief: 6:32:30 PM (in -394s)
[2026-04-06T22:39:04.988Z] [INFO] ━━━━━━━━━━━━━━━━━━━━━━━━━━━━━━━━━━━━━━━━━━━━━━━━━━━━━━━━━━━━
[2026-04-06T22:39:04.988Z] [INFO] Generating morning brief...
[2026-04-06T22:39:04.989Z] [INFO] ━━━━━━━━━━━━━━━━━━━━━━━━━━━━━━━━━━━━━━━━━━━━━━━━━━━━━━━━━━━━
[2026-04-06T22:39:04.989Z] [INFO]   → Calling /api/brief...
[2026-04-06T22:39:05.006Z] [ERROR] Morning brief generation failed: Failed to generate brief
[2026-04-06T22:39:05.006Z] [ERROR] Error: Failed to generate brief
    at generateMorningBrief (file:///C:/Users/royce/Desktop/nightshift-ai/orchestration/nightshift-daemon.mjs:365:13)
    at process.processTicksAndRejections (node:internal/process/task_queues:104:5)
    at async Timeout._onTimeout (file:///C:/Users/royce/Desktop/nightshift-ai/orchestration/nightshift-daemon.mjs:554:7)
[2026-04-06T22:39:05.065Z] [INFO] Test mode schedule:
[2026-04-06T22:39:05.065Z] [INFO]   Next overnight run: 6:31:30 PM (in -454s)
[2026-04-06T22:39:05.065Z] [INFO]   Next brief: 6:32:30 PM (in -394s)
[2026-04-06T22:39:06.890Z] [INFO]   ✅ Embedded 0 new messages
[2026-04-06T22:39:06.891Z] [INFO]   → Running project detection...
[2026-04-06T22:39:07.926Z] [INFO]   ✅ Detected 0 projects
[2026-04-06T22:39:07.926Z] [INFO] Refresh cycle complete in 3.4s
[2026-04-06T22:39:14.890Z] [INFO] ━━━━━━━━━━━━━━━━━━━━━━━━━━━━━━━━━━━━━━━━━━━━━━━━━━━━━━━━━━━━
[2026-04-06T22:39:14.890Z] [INFO] Starting overnight loop...
[2026-04-06T22:39:14.890Z] [INFO] ━━━━━━━━━━━━━━━━━━━━━━━━━━━━━━━━━━━━━━━━━━━━━━━━━━━━━━━━━━━━
[2026-04-06T22:39:14.890Z] [INFO]   → Fetching handoff queue...
[2026-04-06T22:39:14.922Z] [ERROR] Overnight loop failed: Failed to fetch projects
[2026-04-06T22:39:14.922Z] [ERROR] Error: Failed to fetch projects
    at runOvernightLoop (file:///C:/Users/royce/Desktop/nightshift-ai/orchestration/nightshift-daemon.mjs:241:13)
    at process.processTicksAndRejections (node:internal/process/task_queues:104:5)
    at async Timeout._onTimeout (file:///C:/Users/royce/Desktop/nightshift-ai/orchestration/nightshift-daemon.mjs:545:7)
[2026-04-06T22:39:14.977Z] [INFO] Test mode schedule:
[2026-04-06T22:39:14.977Z] [INFO]   Next overnight run: 6:31:30 PM (in -464s)
[2026-04-06T22:39:14.977Z] [INFO]   Next brief: 6:32:30 PM (in -404s)
[2026-04-06T22:39:14.978Z] [INFO] ━━━━━━━━━━━━━━━━━━━━━━━━━━━━━━━━━━━━━━━━━━━━━━━━━━━━━━━━━━━━
[2026-04-06T22:39:14.979Z] [INFO] Generating morning brief...
[2026-04-06T22:39:14.979Z] [INFO] ━━━━━━━━━━━━━━━━━━━━━━━━━━━━━━━━━━━━━━━━━━━━━━━━━━━━━━━━━━━━
[2026-04-06T22:39:14.979Z] [INFO]   → Calling /api/brief...
[2026-04-06T22:39:15.000Z] [ERROR] Morning brief generation failed: Failed to generate brief
[2026-04-06T22:39:15.000Z] [ERROR] Error: Failed to generate brief
    at generateMorningBrief (file:///C:/Users/royce/Desktop/nightshift-ai/orchestration/nightshift-daemon.mjs:365:13)
    at process.processTicksAndRejections (node:internal/process/task_queues:104:5)
    at async Timeout._onTimeout (file:///C:/Users/royce/Desktop/nightshift-ai/orchestration/nightshift-daemon.mjs:554:7)
[2026-04-06T22:39:15.056Z] [INFO] Test mode schedule:
[2026-04-06T22:39:15.056Z] [INFO]   Next overnight run: 6:31:30 PM (in -464s)
[2026-04-06T22:39:15.056Z] [INFO]   Next brief: 6:32:30 PM (in -404s)
[2026-04-06T22:39:24.904Z] [INFO] ━━━━━━━━━━━━━━━━━━━━━━━━━━━━━━━━━━━━━━━━━━━━━━━━━━━━━━━━━━━━
[2026-04-06T22:39:24.904Z] [INFO] Starting overnight loop...
[2026-04-06T22:39:24.904Z] [INFO] ━━━━━━━━━━━━━━━━━━━━━━━━━━━━━━━━━━━━━━━━━━━━━━━━━━━━━━━━━━━━
[2026-04-06T22:39:24.905Z] [INFO]   → Fetching handoff queue...
[2026-04-06T22:39:24.937Z] [ERROR] Overnight loop failed: Failed to fetch projects
[2026-04-06T22:39:24.937Z] [ERROR] Error: Failed to fetch projects
    at runOvernightLoop (file:///C:/Users/royce/Desktop/nightshift-ai/orchestration/nightshift-daemon.mjs:241:13)
    at process.processTicksAndRejections (node:internal/process/task_queues:104:5)
    at async Timeout._onTimeout (file:///C:/Users/royce/Desktop/nightshift-ai/orchestration/nightshift-daemon.mjs:545:7)
[2026-04-06T22:39:24.991Z] [INFO] Test mode schedule:
[2026-04-06T22:39:24.991Z] [INFO]   Next overnight run: 6:31:30 PM (in -474s)
[2026-04-06T22:39:24.991Z] [INFO]   Next brief: 6:32:30 PM (in -414s)
[2026-04-06T22:39:24.992Z] [INFO] ━━━━━━━━━━━━━━━━━━━━━━━━━━━━━━━━━━━━━━━━━━━━━━━━━━━━━━━━━━━━
[2026-04-06T22:39:24.992Z] [INFO] Generating morning brief...
[2026-04-06T22:39:24.992Z] [INFO] ━━━━━━━━━━━━━━━━━━━━━━━━━━━━━━━━━━━━━━━━━━━━━━━━━━━━━━━━━━━━
[2026-04-06T22:39:24.992Z] [INFO]   → Calling /api/brief...
[2026-04-06T22:39:25.014Z] [ERROR] Morning brief generation failed: Failed to generate brief
[2026-04-06T22:39:25.014Z] [ERROR] Error: Failed to generate brief
    at generateMorningBrief (file:///C:/Users/royce/Desktop/nightshift-ai/orchestration/nightshift-daemon.mjs:365:13)
    at process.processTicksAndRejections (node:internal/process/task_queues:104:5)
    at async Timeout._onTimeout (file:///C:/Users/royce/Desktop/nightshift-ai/orchestration/nightshift-daemon.mjs:554:7)
[2026-04-06T22:39:25.068Z] [INFO] Test mode schedule:
[2026-04-06T22:39:25.068Z] [INFO]   Next overnight run: 6:31:30 PM (in -474s)
[2026-04-06T22:39:25.068Z] [INFO]   Next brief: 6:32:30 PM (in -414s)
[2026-04-06T22:39:34.578Z] [INFO] Starting refresh cycle...
[2026-04-06T22:39:34.578Z] [INFO]   → Scraping Canvas for new assignments...
[2026-04-06T22:39:34.700Z] [ERROR]   ⚠️  Canvas scrape failed: Command failed: node orchestration/scrape-canvas.mjs
❌ Missing --user-id parameter
Usage: node scrape-canvas.mjs --user-id=USER_ID

[2026-04-06T22:39:34.700Z] [ERROR] Error: Command failed: node orchestration/scrape-canvas.mjs
❌ Missing --user-id parameter
Usage: node scrape-canvas.mjs --user-id=USER_ID

    at genericNodeError (node:internal/errors:985:15)
    at wrappedFn (node:internal/errors:539:14)
    at ChildProcess.exithandler (node:child_process:417:12)
    at ChildProcess.emit (node:events:508:28)
    at maybeClose (node:internal/child_process:1100:16)
    at ChildProcess._handle.onexit (node:internal/child_process:305:5)
[2026-04-06T22:39:34.701Z] [INFO]   → Embedding new messages...
[2026-04-06T22:39:34.905Z] [INFO] ━━━━━━━━━━━━━━━━━━━━━━━━━━━━━━━━━━━━━━━━━━━━━━━━━━━━━━━━━━━━
[2026-04-06T22:39:34.906Z] [INFO] Starting overnight loop...
[2026-04-06T22:39:34.906Z] [INFO] ━━━━━━━━━━━━━━━━━━━━━━━━━━━━━━━━━━━━━━━━━━━━━━━━━━━━━━━━━━━━
[2026-04-06T22:39:34.906Z] [INFO]   → Fetching handoff queue...
[2026-04-06T22:39:34.939Z] [ERROR] Overnight loop failed: Failed to fetch projects
[2026-04-06T22:39:34.940Z] [ERROR] Error: Failed to fetch projects
    at runOvernightLoop (file:///C:/Users/royce/Desktop/nightshift-ai/orchestration/nightshift-daemon.mjs:241:13)
    at process.processTicksAndRejections (node:internal/process/task_queues:104:5)
    at async Timeout._onTimeout (file:///C:/Users/royce/Desktop/nightshift-ai/orchestration/nightshift-daemon.mjs:545:7)
[2026-04-06T22:39:34.994Z] [INFO] Test mode schedule:
[2026-04-06T22:39:34.994Z] [INFO]   Next overnight run: 6:31:30 PM (in -484s)
[2026-04-06T22:39:34.994Z] [INFO]   Next brief: 6:32:30 PM (in -424s)
[2026-04-06T22:39:34.995Z] [INFO] ━━━━━━━━━━━━━━━━━━━━━━━━━━━━━━━━━━━━━━━━━━━━━━━━━━━━━━━━━━━━
[2026-04-06T22:39:34.995Z] [INFO] Generating morning brief...
[2026-04-06T22:39:34.995Z] [INFO] ━━━━━━━━━━━━━━━━━━━━━━━━━━━━━━━━━━━━━━━━━━━━━━━━━━━━━━━━━━━━
[2026-04-06T22:39:34.995Z] [INFO]   → Calling /api/brief...
[2026-04-06T22:39:35.020Z] [ERROR] Morning brief generation failed: Failed to generate brief
[2026-04-06T22:39:35.020Z] [ERROR] Error: Failed to generate brief
    at generateMorningBrief (file:///C:/Users/royce/Desktop/nightshift-ai/orchestration/nightshift-daemon.mjs:365:13)
    at process.processTicksAndRejections (node:internal/process/task_queues:104:5)
    at async Timeout._onTimeout (file:///C:/Users/royce/Desktop/nightshift-ai/orchestration/nightshift-daemon.mjs:554:7)
[2026-04-06T22:39:35.094Z] [INFO] Test mode schedule:
[2026-04-06T22:39:35.095Z] [INFO]   Next overnight run: 6:31:30 PM (in -484s)
[2026-04-06T22:39:35.095Z] [INFO]   Next brief: 6:32:30 PM (in -424s)
[2026-04-06T22:39:36.881Z] [INFO]   ✅ Embedded 0 new messages
[2026-04-06T22:39:36.881Z] [INFO]   → Running project detection...
[2026-04-06T22:39:37.921Z] [INFO]   ✅ Detected 0 projects
[2026-04-06T22:39:37.921Z] [INFO] Refresh cycle complete in 3.3s
[2026-04-06T22:39:44.911Z] [INFO] ━━━━━━━━━━━━━━━━━━━━━━━━━━━━━━━━━━━━━━━━━━━━━━━━━━━━━━━━━━━━
[2026-04-06T22:39:44.911Z] [INFO] Starting overnight loop...
[2026-04-06T22:39:44.911Z] [INFO] ━━━━━━━━━━━━━━━━━━━━━━━━━━━━━━━━━━━━━━━━━━━━━━━━━━━━━━━━━━━━
[2026-04-06T22:39:44.911Z] [INFO]   → Fetching handoff queue...
[2026-04-06T22:39:44.944Z] [ERROR] Overnight loop failed: Failed to fetch projects
[2026-04-06T22:39:44.944Z] [ERROR] Error: Failed to fetch projects
    at runOvernightLoop (file:///C:/Users/royce/Desktop/nightshift-ai/orchestration/nightshift-daemon.mjs:241:13)
    at process.processTicksAndRejections (node:internal/process/task_queues:104:5)
    at async Timeout._onTimeout (file:///C:/Users/royce/Desktop/nightshift-ai/orchestration/nightshift-daemon.mjs:545:7)
[2026-04-06T22:39:45.003Z] [INFO] Test mode schedule:
[2026-04-06T22:39:45.003Z] [INFO]   Next overnight run: 6:31:30 PM (in -494s)
[2026-04-06T22:39:45.003Z] [INFO]   Next brief: 6:32:30 PM (in -434s)
[2026-04-06T22:39:45.004Z] [INFO] ━━━━━━━━━━━━━━━━━━━━━━━━━━━━━━━━━━━━━━━━━━━━━━━━━━━━━━━━━━━━
[2026-04-06T22:39:45.004Z] [INFO] Generating morning brief...
[2026-04-06T22:39:45.004Z] [INFO] ━━━━━━━━━━━━━━━━━━━━━━━━━━━━━━━━━━━━━━━━━━━━━━━━━━━━━━━━━━━━
[2026-04-06T22:39:45.004Z] [INFO]   → Calling /api/brief...
[2026-04-06T22:39:45.022Z] [ERROR] Morning brief generation failed: Failed to generate brief
[2026-04-06T22:39:45.022Z] [ERROR] Error: Failed to generate brief
    at generateMorningBrief (file:///C:/Users/royce/Desktop/nightshift-ai/orchestration/nightshift-daemon.mjs:365:13)
    at process.processTicksAndRejections (node:internal/process/task_queues:104:5)
    at async Timeout._onTimeout (file:///C:/Users/royce/Desktop/nightshift-ai/orchestration/nightshift-daemon.mjs:554:7)
[2026-04-06T22:39:45.077Z] [INFO] Test mode schedule:
[2026-04-06T22:39:45.077Z] [INFO]   Next overnight run: 6:31:30 PM (in -494s)
[2026-04-06T22:39:45.078Z] [INFO]   Next brief: 6:32:30 PM (in -434s)
[2026-04-06T22:39:54.922Z] [INFO] ━━━━━━━━━━━━━━━━━━━━━━━━━━━━━━━━━━━━━━━━━━━━━━━━━━━━━━━━━━━━
[2026-04-06T22:39:54.923Z] [INFO] Starting overnight loop...
[2026-04-06T22:39:54.923Z] [INFO] ━━━━━━━━━━━━━━━━━━━━━━━━━━━━━━━━━━━━━━━━━━━━━━━━━━━━━━━━━━━━
[2026-04-06T22:39:54.923Z] [INFO]   → Fetching handoff queue...
[2026-04-06T22:39:54.954Z] [ERROR] Overnight loop failed: Failed to fetch projects
[2026-04-06T22:39:54.955Z] [ERROR] Error: Failed to fetch projects
    at runOvernightLoop (file:///C:/Users/royce/Desktop/nightshift-ai/orchestration/nightshift-daemon.mjs:241:13)
    at process.processTicksAndRejections (node:internal/process/task_queues:104:5)
    at async Timeout._onTimeout (file:///C:/Users/royce/Desktop/nightshift-ai/orchestration/nightshift-daemon.mjs:545:7)
[2026-04-06T22:39:55.007Z] [INFO] Test mode schedule:
[2026-04-06T22:39:55.008Z] [INFO]   Next overnight run: 6:31:30 PM (in -504s)
[2026-04-06T22:39:55.008Z] [INFO]   Next brief: 6:32:30 PM (in -444s)
[2026-04-06T22:39:55.009Z] [INFO] ━━━━━━━━━━━━━━━━━━━━━━━━━━━━━━━━━━━━━━━━━━━━━━━━━━━━━━━━━━━━
[2026-04-06T22:39:55.009Z] [INFO] Generating morning brief...
[2026-04-06T22:39:55.009Z] [INFO] ━━━━━━━━━━━━━━━━━━━━━━━━━━━━━━━━━━━━━━━━━━━━━━━━━━━━━━━━━━━━
[2026-04-06T22:39:55.009Z] [INFO]   → Calling /api/brief...
[2026-04-06T22:39:55.026Z] [ERROR] Morning brief generation failed: Failed to generate brief
[2026-04-06T22:39:55.026Z] [ERROR] Error: Failed to generate brief
    at generateMorningBrief (file:///C:/Users/royce/Desktop/nightshift-ai/orchestration/nightshift-daemon.mjs:365:13)
    at process.processTicksAndRejections (node:internal/process/task_queues:104:5)
    at async Timeout._onTimeout (file:///C:/Users/royce/Desktop/nightshift-ai/orchestration/nightshift-daemon.mjs:554:7)
[2026-04-06T22:39:55.086Z] [INFO] Test mode schedule:
[2026-04-06T22:39:55.086Z] [INFO]   Next overnight run: 6:31:30 PM (in -504s)
[2026-04-06T22:39:55.086Z] [INFO]   Next brief: 6:32:30 PM (in -444s)
[2026-04-06T22:40:04.588Z] [INFO] Starting refresh cycle...
[2026-04-06T22:40:04.589Z] [INFO]   → Scraping Canvas for new assignments...
[2026-04-06T22:40:04.712Z] [ERROR]   ⚠️  Canvas scrape failed: Command failed: node orchestration/scrape-canvas.mjs
❌ Missing --user-id parameter
Usage: node scrape-canvas.mjs --user-id=USER_ID

[2026-04-06T22:40:04.712Z] [ERROR] Error: Command failed: node orchestration/scrape-canvas.mjs
❌ Missing --user-id parameter
Usage: node scrape-canvas.mjs --user-id=USER_ID

    at genericNodeError (node:internal/errors:985:15)
    at wrappedFn (node:internal/errors:539:14)
    at ChildProcess.exithandler (node:child_process:417:12)
    at ChildProcess.emit (node:events:508:28)
    at maybeClose (node:internal/child_process:1100:16)
    at ChildProcess._handle.onexit (node:internal/child_process:305:5)
[2026-04-06T22:40:04.712Z] [INFO]   → Embedding new messages...
[2026-04-06T22:40:04.931Z] [INFO] ━━━━━━━━━━━━━━━━━━━━━━━━━━━━━━━━━━━━━━━━━━━━━━━━━━━━━━━━━━━━
[2026-04-06T22:40:04.931Z] [INFO] Starting overnight loop...
[2026-04-06T22:40:04.931Z] [INFO] ━━━━━━━━━━━━━━━━━━━━━━━━━━━━━━━━━━━━━━━━━━━━━━━━━━━━━━━━━━━━
[2026-04-06T22:40:04.931Z] [INFO]   → Fetching handoff queue...
[2026-04-06T22:40:04.963Z] [ERROR] Overnight loop failed: Failed to fetch projects
[2026-04-06T22:40:04.963Z] [ERROR] Error: Failed to fetch projects
    at runOvernightLoop (file:///C:/Users/royce/Desktop/nightshift-ai/orchestration/nightshift-daemon.mjs:241:13)
    at process.processTicksAndRejections (node:internal/process/task_queues:104:5)
    at async Timeout._onTimeout (file:///C:/Users/royce/Desktop/nightshift-ai/orchestration/nightshift-daemon.mjs:545:7)
[2026-04-06T22:40:05.018Z] [INFO] Test mode schedule:
[2026-04-06T22:40:05.018Z] [INFO]   Next overnight run: 6:31:30 PM (in -514s)
[2026-04-06T22:40:05.019Z] [INFO]   Next brief: 6:32:30 PM (in -454s)
[2026-04-06T22:40:05.019Z] [INFO] ━━━━━━━━━━━━━━━━━━━━━━━━━━━━━━━━━━━━━━━━━━━━━━━━━━━━━━━━━━━━
[2026-04-06T22:40:05.019Z] [INFO] Generating morning brief...
[2026-04-06T22:40:05.020Z] [INFO] ━━━━━━━━━━━━━━━━━━━━━━━━━━━━━━━━━━━━━━━━━━━━━━━━━━━━━━━━━━━━
[2026-04-06T22:40:05.020Z] [INFO]   → Calling /api/brief...
[2026-04-06T22:40:05.044Z] [ERROR] Morning brief generation failed: Failed to generate brief
[2026-04-06T22:40:05.044Z] [ERROR] Error: Failed to generate brief
    at generateMorningBrief (file:///C:/Users/royce/Desktop/nightshift-ai/orchestration/nightshift-daemon.mjs:365:13)
    at process.processTicksAndRejections (node:internal/process/task_queues:104:5)
    at async Timeout._onTimeout (file:///C:/Users/royce/Desktop/nightshift-ai/orchestration/nightshift-daemon.mjs:554:7)
[2026-04-06T22:40:05.102Z] [INFO] Test mode schedule:
[2026-04-06T22:40:05.102Z] [INFO]   Next overnight run: 6:31:30 PM (in -514s)
[2026-04-06T22:40:05.103Z] [INFO]   Next brief: 6:32:30 PM (in -454s)
[2026-04-06T22:40:06.858Z] [INFO]   ✅ Embedded 0 new messages
[2026-04-06T22:40:06.858Z] [INFO]   → Running project detection...
[2026-04-06T22:40:07.883Z] [INFO]   ✅ Detected 0 projects
[2026-04-06T22:40:07.883Z] [INFO] Refresh cycle complete in 3.3s
[2026-04-06T22:40:14.946Z] [INFO] ━━━━━━━━━━━━━━━━━━━━━━━━━━━━━━━━━━━━━━━━━━━━━━━━━━━━━━━━━━━━
[2026-04-06T22:40:14.946Z] [INFO] Starting overnight loop...
[2026-04-06T22:40:14.946Z] [INFO] ━━━━━━━━━━━━━━━━━━━━━━━━━━━━━━━━━━━━━━━━━━━━━━━━━━━━━━━━━━━━
[2026-04-06T22:40:14.946Z] [INFO]   → Fetching handoff queue...
[2026-04-06T22:40:14.978Z] [ERROR] Overnight loop failed: Failed to fetch projects
[2026-04-06T22:40:14.978Z] [ERROR] Error: Failed to fetch projects
    at runOvernightLoop (file:///C:/Users/royce/Desktop/nightshift-ai/orchestration/nightshift-daemon.mjs:241:13)
    at process.processTicksAndRejections (node:internal/process/task_queues:104:5)
    at async Timeout._onTimeout (file:///C:/Users/royce/Desktop/nightshift-ai/orchestration/nightshift-daemon.mjs:545:7)
[2026-04-06T22:40:15.034Z] [INFO] Test mode schedule:
[2026-04-06T22:40:15.034Z] [INFO]   Next overnight run: 6:31:30 PM (in -524s)
[2026-04-06T22:40:15.034Z] [INFO]   Next brief: 6:32:30 PM (in -464s)
[2026-04-06T22:40:15.035Z] [INFO] ━━━━━━━━━━━━━━━━━━━━━━━━━━━━━━━━━━━━━━━━━━━━━━━━━━━━━━━━━━━━
[2026-04-06T22:40:15.035Z] [INFO] Generating morning brief...
[2026-04-06T22:40:15.035Z] [INFO] ━━━━━━━━━━━━━━━━━━━━━━━━━━━━━━━━━━━━━━━━━━━━━━━━━━━━━━━━━━━━
[2026-04-06T22:40:15.035Z] [INFO]   → Calling /api/brief...
[2026-04-06T22:40:15.049Z] [ERROR] Morning brief generation failed: Failed to generate brief
[2026-04-06T22:40:15.050Z] [ERROR] Error: Failed to generate brief
    at generateMorningBrief (file:///C:/Users/royce/Desktop/nightshift-ai/orchestration/nightshift-daemon.mjs:365:13)
    at process.processTicksAndRejections (node:internal/process/task_queues:104:5)
    at async Timeout._onTimeout (file:///C:/Users/royce/Desktop/nightshift-ai/orchestration/nightshift-daemon.mjs:554:7)
[2026-04-06T22:40:15.112Z] [INFO] Test mode schedule:
[2026-04-06T22:40:15.112Z] [INFO]   Next overnight run: 6:31:30 PM (in -524s)
[2026-04-06T22:40:15.112Z] [INFO]   Next brief: 6:32:30 PM (in -464s)
[2026-04-06T22:40:24.946Z] [INFO] ━━━━━━━━━━━━━━━━━━━━━━━━━━━━━━━━━━━━━━━━━━━━━━━━━━━━━━━━━━━━
[2026-04-06T22:40:24.947Z] [INFO] Starting overnight loop...
[2026-04-06T22:40:24.947Z] [INFO] ━━━━━━━━━━━━━━━━━━━━━━━━━━━━━━━━━━━━━━━━━━━━━━━━━━━━━━━━━━━━
[2026-04-06T22:40:24.947Z] [INFO]   → Fetching handoff queue...
[2026-04-06T22:40:24.979Z] [ERROR] Overnight loop failed: Failed to fetch projects
[2026-04-06T22:40:24.979Z] [ERROR] Error: Failed to fetch projects
    at runOvernightLoop (file:///C:/Users/royce/Desktop/nightshift-ai/orchestration/nightshift-daemon.mjs:241:13)
    at process.processTicksAndRejections (node:internal/process/task_queues:104:5)
    at async Timeout._onTimeout (file:///C:/Users/royce/Desktop/nightshift-ai/orchestration/nightshift-daemon.mjs:545:7)
[2026-04-06T22:40:25.036Z] [INFO] Test mode schedule:
[2026-04-06T22:40:25.037Z] [INFO]   Next overnight run: 6:31:30 PM (in -534s)
[2026-04-06T22:40:25.037Z] [INFO]   Next brief: 6:32:30 PM (in -474s)
[2026-04-06T22:40:25.038Z] [INFO] ━━━━━━━━━━━━━━━━━━━━━━━━━━━━━━━━━━━━━━━━━━━━━━━━━━━━━━━━━━━━
[2026-04-06T22:40:25.038Z] [INFO] Generating morning brief...
[2026-04-06T22:40:25.038Z] [INFO] ━━━━━━━━━━━━━━━━━━━━━━━━━━━━━━━━━━━━━━━━━━━━━━━━━━━━━━━━━━━━
[2026-04-06T22:40:25.038Z] [INFO]   → Calling /api/brief...
[2026-04-06T22:40:25.051Z] [ERROR] Morning brief generation failed: Failed to generate brief
[2026-04-06T22:40:25.051Z] [ERROR] Error: Failed to generate brief
    at generateMorningBrief (file:///C:/Users/royce/Desktop/nightshift-ai/orchestration/nightshift-daemon.mjs:365:13)
    at process.processTicksAndRejections (node:internal/process/task_queues:104:5)
    at async Timeout._onTimeout (file:///C:/Users/royce/Desktop/nightshift-ai/orchestration/nightshift-daemon.mjs:554:7)
[2026-04-06T22:40:25.114Z] [INFO] Test mode schedule:
[2026-04-06T22:40:25.114Z] [INFO]   Next overnight run: 6:31:30 PM (in -534s)
[2026-04-06T22:40:25.114Z] [INFO]   Next brief: 6:32:30 PM (in -474s)
[2026-04-06T22:40:34.591Z] [INFO] Starting refresh cycle...
[2026-04-06T22:40:34.592Z] [INFO]   → Scraping Canvas for new assignments...
[2026-04-06T22:40:34.715Z] [ERROR]   ⚠️  Canvas scrape failed: Command failed: node orchestration/scrape-canvas.mjs
❌ Missing --user-id parameter
Usage: node scrape-canvas.mjs --user-id=USER_ID

[2026-04-06T22:40:34.716Z] [ERROR] Error: Command failed: node orchestration/scrape-canvas.mjs
❌ Missing --user-id parameter
Usage: node scrape-canvas.mjs --user-id=USER_ID

    at genericNodeError (node:internal/errors:985:15)
    at wrappedFn (node:internal/errors:539:14)
    at ChildProcess.exithandler (node:child_process:417:12)
    at ChildProcess.emit (node:events:508:28)
    at maybeClose (node:internal/child_process:1100:16)
    at ChildProcess._handle.onexit (node:internal/child_process:305:5)
[2026-04-06T22:40:34.716Z] [INFO]   → Embedding new messages...
[2026-04-06T22:40:34.949Z] [INFO] ━━━━━━━━━━━━━━━━━━━━━━━━━━━━━━━━━━━━━━━━━━━━━━━━━━━━━━━━━━━━
[2026-04-06T22:40:34.949Z] [INFO] Starting overnight loop...
[2026-04-06T22:40:34.949Z] [INFO] ━━━━━━━━━━━━━━━━━━━━━━━━━━━━━━━━━━━━━━━━━━━━━━━━━━━━━━━━━━━━
[2026-04-06T22:40:34.949Z] [INFO]   → Fetching handoff queue...
[2026-04-06T22:40:34.982Z] [ERROR] Overnight loop failed: Failed to fetch projects
[2026-04-06T22:40:34.982Z] [ERROR] Error: Failed to fetch projects
    at runOvernightLoop (file:///C:/Users/royce/Desktop/nightshift-ai/orchestration/nightshift-daemon.mjs:241:13)
    at process.processTicksAndRejections (node:internal/process/task_queues:104:5)
    at async Timeout._onTimeout (file:///C:/Users/royce/Desktop/nightshift-ai/orchestration/nightshift-daemon.mjs:545:7)
[2026-04-06T22:40:35.040Z] [INFO] Test mode schedule:
[2026-04-06T22:40:35.040Z] [INFO]   Next overnight run: 6:31:30 PM (in -544s)
[2026-04-06T22:40:35.040Z] [INFO]   Next brief: 6:32:30 PM (in -484s)
[2026-04-06T22:40:35.041Z] [INFO] ━━━━━━━━━━━━━━━━━━━━━━━━━━━━━━━━━━━━━━━━━━━━━━━━━━━━━━━━━━━━
[2026-04-06T22:40:35.041Z] [INFO] Generating morning brief...
[2026-04-06T22:40:35.041Z] [INFO] ━━━━━━━━━━━━━━━━━━━━━━━━━━━━━━━━━━━━━━━━━━━━━━━━━━━━━━━━━━━━
[2026-04-06T22:40:35.041Z] [INFO]   → Calling /api/brief...
[2026-04-06T22:40:35.059Z] [ERROR] Morning brief generation failed: Failed to generate brief
[2026-04-06T22:40:35.060Z] [ERROR] Error: Failed to generate brief
    at generateMorningBrief (file:///C:/Users/royce/Desktop/nightshift-ai/orchestration/nightshift-daemon.mjs:365:13)
    at process.processTicksAndRejections (node:internal/process/task_queues:104:5)
    at async Timeout._onTimeout (file:///C:/Users/royce/Desktop/nightshift-ai/orchestration/nightshift-daemon.mjs:554:7)
[2026-04-06T22:40:35.113Z] [INFO] Test mode schedule:
[2026-04-06T22:40:35.114Z] [INFO]   Next overnight run: 6:31:30 PM (in -544s)
[2026-04-06T22:40:35.114Z] [INFO]   Next brief: 6:32:30 PM (in -484s)
[2026-04-06T22:40:36.829Z] [INFO]   ✅ Embedded 0 new messages
[2026-04-06T22:40:36.829Z] [INFO]   → Running project detection...
[2026-04-06T22:40:37.930Z] [INFO]   ✅ Detected 0 projects
[2026-04-06T22:40:37.930Z] [INFO] Refresh cycle complete in 3.3s
[2026-04-06T22:40:44.950Z] [INFO] ━━━━━━━━━━━━━━━━━━━━━━━━━━━━━━━━━━━━━━━━━━━━━━━━━━━━━━━━━━━━
[2026-04-06T22:40:44.950Z] [INFO] Starting overnight loop...
[2026-04-06T22:40:44.950Z] [INFO] ━━━━━━━━━━━━━━━━━━━━━━━━━━━━━━━━━━━━━━━━━━━━━━━━━━━━━━━━━━━━
[2026-04-06T22:40:44.950Z] [INFO]   → Fetching handoff queue...
[2026-04-06T22:40:44.983Z] [ERROR] Overnight loop failed: Failed to fetch projects
[2026-04-06T22:40:44.983Z] [ERROR] Error: Failed to fetch projects
    at runOvernightLoop (file:///C:/Users/royce/Desktop/nightshift-ai/orchestration/nightshift-daemon.mjs:241:13)
    at process.processTicksAndRejections (node:internal/process/task_queues:104:5)
    at async Timeout._onTimeout (file:///C:/Users/royce/Desktop/nightshift-ai/orchestration/nightshift-daemon.mjs:545:7)
[2026-04-06T22:40:45.039Z] [INFO] Test mode schedule:
[2026-04-06T22:40:45.040Z] [INFO]   Next overnight run: 6:31:30 PM (in -554s)
[2026-04-06T22:40:45.040Z] [INFO]   Next brief: 6:32:30 PM (in -494s)
[2026-04-06T22:40:45.041Z] [INFO] ━━━━━━━━━━━━━━━━━━━━━━━━━━━━━━━━━━━━━━━━━━━━━━━━━━━━━━━━━━━━
[2026-04-06T22:40:45.041Z] [INFO] Generating morning brief...
[2026-04-06T22:40:45.041Z] [INFO] ━━━━━━━━━━━━━━━━━━━━━━━━━━━━━━━━━━━━━━━━━━━━━━━━━━━━━━━━━━━━
[2026-04-06T22:40:45.041Z] [INFO]   → Calling /api/brief...
[2026-04-06T22:40:45.061Z] [ERROR] Morning brief generation failed: Failed to generate brief
[2026-04-06T22:40:45.061Z] [ERROR] Error: Failed to generate brief
    at generateMorningBrief (file:///C:/Users/royce/Desktop/nightshift-ai/orchestration/nightshift-daemon.mjs:365:13)
    at process.processTicksAndRejections (node:internal/process/task_queues:104:5)
    at async Timeout._onTimeout (file:///C:/Users/royce/Desktop/nightshift-ai/orchestration/nightshift-daemon.mjs:554:7)
[2026-04-06T22:40:45.121Z] [INFO] Test mode schedule:
[2026-04-06T22:40:45.121Z] [INFO]   Next overnight run: 6:31:30 PM (in -554s)
[2026-04-06T22:40:45.121Z] [INFO]   Next brief: 6:32:30 PM (in -494s)
[2026-04-06T22:40:54.965Z] [INFO] ━━━━━━━━━━━━━━━━━━━━━━━━━━━━━━━━━━━━━━━━━━━━━━━━━━━━━━━━━━━━
[2026-04-06T22:40:54.965Z] [INFO] Starting overnight loop...
[2026-04-06T22:40:54.966Z] [INFO] ━━━━━━━━━━━━━━━━━━━━━━━━━━━━━━━━━━━━━━━━━━━━━━━━━━━━━━━━━━━━
[2026-04-06T22:40:54.966Z] [INFO]   → Fetching handoff queue...
[2026-04-06T22:40:54.998Z] [ERROR] Overnight loop failed: Failed to fetch projects
[2026-04-06T22:40:54.998Z] [ERROR] Error: Failed to fetch projects
    at runOvernightLoop (file:///C:/Users/royce/Desktop/nightshift-ai/orchestration/nightshift-daemon.mjs:241:13)
    at process.processTicksAndRejections (node:internal/process/task_queues:104:5)
    at async Timeout._onTimeout (file:///C:/Users/royce/Desktop/nightshift-ai/orchestration/nightshift-daemon.mjs:545:7)
[2026-04-06T22:40:55.059Z] [INFO] Test mode schedule:
[2026-04-06T22:40:55.059Z] [INFO]   Next overnight run: 6:31:30 PM (in -564s)
[2026-04-06T22:40:55.059Z] [INFO]   Next brief: 6:32:30 PM (in -504s)
[2026-04-06T22:40:55.060Z] [INFO] ━━━━━━━━━━━━━━━━━━━━━━━━━━━━━━━━━━━━━━━━━━━━━━━━━━━━━━━━━━━━
[2026-04-06T22:40:55.060Z] [INFO] Generating morning brief...
[2026-04-06T22:40:55.060Z] [INFO] ━━━━━━━━━━━━━━━━━━━━━━━━━━━━━━━━━━━━━━━━━━━━━━━━━━━━━━━━━━━━
[2026-04-06T22:40:55.060Z] [INFO]   → Calling /api/brief...
[2026-04-06T22:40:55.076Z] [ERROR] Morning brief generation failed: Failed to generate brief
[2026-04-06T22:40:55.076Z] [ERROR] Error: Failed to generate brief
    at generateMorningBrief (file:///C:/Users/royce/Desktop/nightshift-ai/orchestration/nightshift-daemon.mjs:365:13)
    at process.processTicksAndRejections (node:internal/process/task_queues:104:5)
    at async Timeout._onTimeout (file:///C:/Users/royce/Desktop/nightshift-ai/orchestration/nightshift-daemon.mjs:554:7)
[2026-04-06T22:40:55.131Z] [INFO] Test mode schedule:
[2026-04-06T22:40:55.131Z] [INFO]   Next overnight run: 6:31:30 PM (in -564s)
[2026-04-06T22:40:55.131Z] [INFO]   Next brief: 6:32:30 PM (in -504s)
[2026-04-06T22:41:04.591Z] [INFO] Starting refresh cycle...
[2026-04-06T22:41:04.591Z] [INFO]   → Scraping Canvas for new assignments...
[2026-04-06T22:41:04.714Z] [ERROR]   ⚠️  Canvas scrape failed: Command failed: node orchestration/scrape-canvas.mjs
❌ Missing --user-id parameter
Usage: node scrape-canvas.mjs --user-id=USER_ID

[2026-04-06T22:41:04.714Z] [ERROR] Error: Command failed: node orchestration/scrape-canvas.mjs
❌ Missing --user-id parameter
Usage: node scrape-canvas.mjs --user-id=USER_ID

    at genericNodeError (node:internal/errors:985:15)
    at wrappedFn (node:internal/errors:539:14)
    at ChildProcess.exithandler (node:child_process:417:12)
    at ChildProcess.emit (node:events:508:28)
    at maybeClose (node:internal/child_process:1100:16)
    at ChildProcess._handle.onexit (node:internal/child_process:305:5)
[2026-04-06T22:41:04.714Z] [INFO]   → Embedding new messages...
[2026-04-06T22:41:04.979Z] [INFO] ━━━━━━━━━━━━━━━━━━━━━━━━━━━━━━━━━━━━━━━━━━━━━━━━━━━━━━━━━━━━
[2026-04-06T22:41:04.980Z] [INFO] Starting overnight loop...
[2026-04-06T22:41:04.980Z] [INFO] ━━━━━━━━━━━━━━━━━━━━━━━━━━━━━━━━━━━━━━━━━━━━━━━━━━━━━━━━━━━━
[2026-04-06T22:41:04.980Z] [INFO]   → Fetching handoff queue...
[2026-04-06T22:41:05.006Z] [ERROR] Overnight loop failed: Failed to fetch projects
[2026-04-06T22:41:05.006Z] [ERROR] Error: Failed to fetch projects
    at runOvernightLoop (file:///C:/Users/royce/Desktop/nightshift-ai/orchestration/nightshift-daemon.mjs:241:13)
    at process.processTicksAndRejections (node:internal/process/task_queues:104:5)
    at async Timeout._onTimeout (file:///C:/Users/royce/Desktop/nightshift-ai/orchestration/nightshift-daemon.mjs:545:7)
[2026-04-06T22:41:05.068Z] [INFO] Test mode schedule:
[2026-04-06T22:41:05.068Z] [INFO]   Next overnight run: 6:31:30 PM (in -574s)
[2026-04-06T22:41:05.068Z] [INFO]   Next brief: 6:32:30 PM (in -514s)
[2026-04-06T22:41:05.069Z] [INFO] ━━━━━━━━━━━━━━━━━━━━━━━━━━━━━━━━━━━━━━━━━━━━━━━━━━━━━━━━━━━━
[2026-04-06T22:41:05.069Z] [INFO] Generating morning brief...
[2026-04-06T22:41:05.069Z] [INFO] ━━━━━━━━━━━━━━━━━━━━━━━━━━━━━━━━━━━━━━━━━━━━━━━━━━━━━━━━━━━━
[2026-04-06T22:41:05.069Z] [INFO]   → Calling /api/brief...
[2026-04-06T22:41:05.084Z] [ERROR] Morning brief generation failed: Failed to generate brief
[2026-04-06T22:41:05.084Z] [ERROR] Error: Failed to generate brief
    at generateMorningBrief (file:///C:/Users/royce/Desktop/nightshift-ai/orchestration/nightshift-daemon.mjs:365:13)
    at process.processTicksAndRejections (node:internal/process/task_queues:104:5)
    at async Timeout._onTimeout (file:///C:/Users/royce/Desktop/nightshift-ai/orchestration/nightshift-daemon.mjs:554:7)
[2026-04-06T22:41:05.145Z] [INFO] Test mode schedule:
[2026-04-06T22:41:05.145Z] [INFO]   Next overnight run: 6:31:30 PM (in -574s)
[2026-04-06T22:41:05.145Z] [INFO]   Next brief: 6:32:30 PM (in -514s)
[2026-04-06T22:41:06.793Z] [INFO]   ✅ Embedded 0 new messages
[2026-04-06T22:41:06.793Z] [INFO]   → Running project detection...
[2026-04-06T22:41:07.818Z] [INFO]   ✅ Detected 0 projects
[2026-04-06T22:41:07.819Z] [INFO] Refresh cycle complete in 3.2s
[2026-04-06T22:41:14.992Z] [INFO] ━━━━━━━━━━━━━━━━━━━━━━━━━━━━━━━━━━━━━━━━━━━━━━━━━━━━━━━━━━━━
[2026-04-06T22:41:14.992Z] [INFO] Starting overnight loop...
[2026-04-06T22:41:14.992Z] [INFO] ━━━━━━━━━━━━━━━━━━━━━━━━━━━━━━━━━━━━━━━━━━━━━━━━━━━━━━━━━━━━
[2026-04-06T22:41:14.992Z] [INFO]   → Fetching handoff queue...
[2026-04-06T22:41:15.024Z] [ERROR] Overnight loop failed: Failed to fetch projects
[2026-04-06T22:41:15.024Z] [ERROR] Error: Failed to fetch projects
    at runOvernightLoop (file:///C:/Users/royce/Desktop/nightshift-ai/orchestration/nightshift-daemon.mjs:241:13)
    at process.processTicksAndRejections (node:internal/process/task_queues:104:5)
    at async Timeout._onTimeout (file:///C:/Users/royce/Desktop/nightshift-ai/orchestration/nightshift-daemon.mjs:545:7)
[2026-04-06T22:41:15.072Z] [INFO] Test mode schedule:
[2026-04-06T22:41:15.072Z] [INFO]   Next overnight run: 6:31:30 PM (in -584s)
[2026-04-06T22:41:15.072Z] [INFO]   Next brief: 6:32:30 PM (in -524s)
[2026-04-06T22:41:15.073Z] [INFO] ━━━━━━━━━━━━━━━━━━━━━━━━━━━━━━━━━━━━━━━━━━━━━━━━━━━━━━━━━━━━
[2026-04-06T22:41:15.073Z] [INFO] Generating morning brief...
[2026-04-06T22:41:15.073Z] [INFO] ━━━━━━━━━━━━━━━━━━━━━━━━━━━━━━━━━━━━━━━━━━━━━━━━━━━━━━━━━━━━
[2026-04-06T22:41:15.073Z] [INFO]   → Calling /api/brief...
[2026-04-06T22:41:15.103Z] [ERROR] Morning brief generation failed: Failed to generate brief
[2026-04-06T22:41:15.103Z] [ERROR] Error: Failed to generate brief
    at generateMorningBrief (file:///C:/Users/royce/Desktop/nightshift-ai/orchestration/nightshift-daemon.mjs:365:13)
    at process.processTicksAndRejections (node:internal/process/task_queues:104:5)
    at async Timeout._onTimeout (file:///C:/Users/royce/Desktop/nightshift-ai/orchestration/nightshift-daemon.mjs:554:7)
[2026-04-06T22:41:15.158Z] [INFO] Test mode schedule:
[2026-04-06T22:41:15.158Z] [INFO]   Next overnight run: 6:31:30 PM (in -584s)
[2026-04-06T22:41:15.158Z] [INFO]   Next brief: 6:32:30 PM (in -524s)
[2026-04-06T22:41:25.005Z] [INFO] ━━━━━━━━━━━━━━━━━━━━━━━━━━━━━━━━━━━━━━━━━━━━━━━━━━━━━━━━━━━━
[2026-04-06T22:41:25.005Z] [INFO] Starting overnight loop...
[2026-04-06T22:41:25.005Z] [INFO] ━━━━━━━━━━━━━━━━━━━━━━━━━━━━━━━━━━━━━━━━━━━━━━━━━━━━━━━━━━━━
[2026-04-06T22:41:25.006Z] [INFO]   → Fetching handoff queue...
[2026-04-06T22:41:25.022Z] [ERROR] Overnight loop failed: Failed to fetch projects
[2026-04-06T22:41:25.022Z] [ERROR] Error: Failed to fetch projects
    at runOvernightLoop (file:///C:/Users/royce/Desktop/nightshift-ai/orchestration/nightshift-daemon.mjs:241:13)
    at process.processTicksAndRejections (node:internal/process/task_queues:104:5)
    at async Timeout._onTimeout (file:///C:/Users/royce/Desktop/nightshift-ai/orchestration/nightshift-daemon.mjs:545:7)
[2026-04-06T22:41:25.078Z] [INFO] Test mode schedule:
[2026-04-06T22:41:25.079Z] [INFO]   Next overnight run: 6:31:30 PM (in -594s)
[2026-04-06T22:41:25.079Z] [INFO]   Next brief: 6:32:30 PM (in -534s)
[2026-04-06T22:41:25.079Z] [INFO] ━━━━━━━━━━━━━━━━━━━━━━━━━━━━━━━━━━━━━━━━━━━━━━━━━━━━━━━━━━━━
[2026-04-06T22:41:25.080Z] [INFO] Generating morning brief...
[2026-04-06T22:41:25.080Z] [INFO] ━━━━━━━━━━━━━━━━━━━━━━━━━━━━━━━━━━━━━━━━━━━━━━━━━━━━━━━━━━━━
[2026-04-06T22:41:25.080Z] [INFO]   → Calling /api/brief...
[2026-04-06T22:41:25.095Z] [ERROR] Morning brief generation failed: Failed to generate brief
[2026-04-06T22:41:25.095Z] [ERROR] Error: Failed to generate brief
    at generateMorningBrief (file:///C:/Users/royce/Desktop/nightshift-ai/orchestration/nightshift-daemon.mjs:365:13)
    at process.processTicksAndRejections (node:internal/process/task_queues:104:5)
    at async Timeout._onTimeout (file:///C:/Users/royce/Desktop/nightshift-ai/orchestration/nightshift-daemon.mjs:554:7)
[2026-04-06T22:41:25.155Z] [INFO] Test mode schedule:
[2026-04-06T22:41:25.155Z] [INFO]   Next overnight run: 6:31:30 PM (in -594s)
[2026-04-06T22:41:25.155Z] [INFO]   Next brief: 6:32:30 PM (in -534s)
[2026-04-06T22:41:34.605Z] [INFO] Starting refresh cycle...
[2026-04-06T22:41:34.605Z] [INFO]   → Scraping Canvas for new assignments...
[2026-04-06T22:41:34.730Z] [ERROR]   ⚠️  Canvas scrape failed: Command failed: node orchestration/scrape-canvas.mjs
❌ Missing --user-id parameter
Usage: node scrape-canvas.mjs --user-id=USER_ID

[2026-04-06T22:41:34.731Z] [ERROR] Error: Command failed: node orchestration/scrape-canvas.mjs
❌ Missing --user-id parameter
Usage: node scrape-canvas.mjs --user-id=USER_ID

    at genericNodeError (node:internal/errors:985:15)
    at wrappedFn (node:internal/errors:539:14)
    at ChildProcess.exithandler (node:child_process:417:12)
    at ChildProcess.emit (node:events:508:28)
    at maybeClose (node:internal/child_process:1100:16)
    at ChildProcess._handle.onexit (node:internal/child_process:305:5)
[2026-04-06T22:41:34.731Z] [INFO]   → Embedding new messages...
[2026-04-06T22:41:35.012Z] [INFO] ━━━━━━━━━━━━━━━━━━━━━━━━━━━━━━━━━━━━━━━━━━━━━━━━━━━━━━━━━━━━
[2026-04-06T22:41:35.012Z] [INFO] Starting overnight loop...
[2026-04-06T22:41:35.012Z] [INFO] ━━━━━━━━━━━━━━━━━━━━━━━━━━━━━━━━━━━━━━━━━━━━━━━━━━━━━━━━━━━━
[2026-04-06T22:41:35.012Z] [INFO]   → Fetching handoff queue...
[2026-04-06T22:41:35.044Z] [ERROR] Overnight loop failed: Failed to fetch projects
[2026-04-06T22:41:35.045Z] [ERROR] Error: Failed to fetch projects
    at runOvernightLoop (file:///C:/Users/royce/Desktop/nightshift-ai/orchestration/nightshift-daemon.mjs:241:13)
    at process.processTicksAndRejections (node:internal/process/task_queues:104:5)
    at async Timeout._onTimeout (file:///C:/Users/royce/Desktop/nightshift-ai/orchestration/nightshift-daemon.mjs:545:7)
[2026-04-06T22:41:35.104Z] [INFO] Test mode schedule:
[2026-04-06T22:41:35.104Z] [INFO]   Next overnight run: 6:31:30 PM (in -604s)
[2026-04-06T22:41:35.105Z] [INFO]   Next brief: 6:32:30 PM (in -544s)
[2026-04-06T22:41:35.105Z] [INFO] ━━━━━━━━━━━━━━━━━━━━━━━━━━━━━━━━━━━━━━━━━━━━━━━━━━━━━━━━━━━━
[2026-04-06T22:41:35.105Z] [INFO] Generating morning brief...
[2026-04-06T22:41:35.106Z] [INFO] ━━━━━━━━━━━━━━━━━━━━━━━━━━━━━━━━━━━━━━━━━━━━━━━━━━━━━━━━━━━━
[2026-04-06T22:41:35.106Z] [INFO]   → Calling /api/brief...
[2026-04-06T22:41:35.138Z] [ERROR] Morning brief generation failed: Failed to generate brief
[2026-04-06T22:41:35.138Z] [ERROR] Error: Failed to generate brief
    at generateMorningBrief (file:///C:/Users/royce/Desktop/nightshift-ai/orchestration/nightshift-daemon.mjs:365:13)
    at process.processTicksAndRejections (node:internal/process/task_queues:104:5)
    at async Timeout._onTimeout (file:///C:/Users/royce/Desktop/nightshift-ai/orchestration/nightshift-daemon.mjs:554:7)
[2026-04-06T22:41:35.198Z] [INFO] Test mode schedule:
[2026-04-06T22:41:35.199Z] [INFO]   Next overnight run: 6:31:30 PM (in -605s)
[2026-04-06T22:41:35.199Z] [INFO]   Next brief: 6:32:30 PM (in -545s)
[2026-04-06T22:41:36.893Z] [INFO]   ✅ Embedded 0 new messages
[2026-04-06T22:41:36.893Z] [INFO]   → Running project detection...
[2026-04-06T22:41:37.940Z] [INFO]   ✅ Detected 0 projects
[2026-04-06T22:41:37.940Z] [INFO] Refresh cycle complete in 3.3s
[2026-04-06T22:41:45.014Z] [INFO] ━━━━━━━━━━━━━━━━━━━━━━━━━━━━━━━━━━━━━━━━━━━━━━━━━━━━━━━━━━━━
[2026-04-06T22:41:45.014Z] [INFO] Starting overnight loop...
[2026-04-06T22:41:45.014Z] [INFO] ━━━━━━━━━━━━━━━━━━━━━━━━━━━━━━━━━━━━━━━━━━━━━━━━━━━━━━━━━━━━
[2026-04-06T22:41:45.015Z] [INFO]   → Fetching handoff queue...
[2026-04-06T22:41:45.047Z] [ERROR] Overnight loop failed: Failed to fetch projects
[2026-04-06T22:41:45.047Z] [ERROR] Error: Failed to fetch projects
    at runOvernightLoop (file:///C:/Users/royce/Desktop/nightshift-ai/orchestration/nightshift-daemon.mjs:241:13)
    at process.processTicksAndRejections (node:internal/process/task_queues:104:5)
    at async Timeout._onTimeout (file:///C:/Users/royce/Desktop/nightshift-ai/orchestration/nightshift-daemon.mjs:545:7)
[2026-04-06T22:41:45.107Z] [INFO] Test mode schedule:
[2026-04-06T22:41:45.107Z] [INFO]   Next overnight run: 6:31:30 PM (in -614s)
[2026-04-06T22:41:45.108Z] [INFO]   Next brief: 6:32:30 PM (in -554s)
[2026-04-06T22:41:45.109Z] [INFO] ━━━━━━━━━━━━━━━━━━━━━━━━━━━━━━━━━━━━━━━━━━━━━━━━━━━━━━━━━━━━
[2026-04-06T22:41:45.109Z] [INFO] Generating morning brief...
[2026-04-06T22:41:45.109Z] [INFO] ━━━━━━━━━━━━━━━━━━━━━━━━━━━━━━━━━━━━━━━━━━━━━━━━━━━━━━━━━━━━
[2026-04-06T22:41:45.109Z] [INFO]   → Calling /api/brief...
[2026-04-06T22:41:45.129Z] [ERROR] Morning brief generation failed: Failed to generate brief
[2026-04-06T22:41:45.129Z] [ERROR] Error: Failed to generate brief
    at generateMorningBrief (file:///C:/Users/royce/Desktop/nightshift-ai/orchestration/nightshift-daemon.mjs:365:13)
    at process.processTicksAndRejections (node:internal/process/task_queues:104:5)
    at async Timeout._onTimeout (file:///C:/Users/royce/Desktop/nightshift-ai/orchestration/nightshift-daemon.mjs:554:7)
[2026-04-06T22:41:45.183Z] [INFO] Test mode schedule:
[2026-04-06T22:41:45.183Z] [INFO]   Next overnight run: 6:31:30 PM (in -615s)
[2026-04-06T22:41:45.183Z] [INFO]   Next brief: 6:32:30 PM (in -555s)
[2026-04-06T22:41:55.027Z] [INFO] ━━━━━━━━━━━━━━━━━━━━━━━━━━━━━━━━━━━━━━━━━━━━━━━━━━━━━━━━━━━━
[2026-04-06T22:41:55.028Z] [INFO] Starting overnight loop...
[2026-04-06T22:41:55.028Z] [INFO] ━━━━━━━━━━━━━━━━━━━━━━━━━━━━━━━━━━━━━━━━━━━━━━━━━━━━━━━━━━━━
[2026-04-06T22:41:55.028Z] [INFO]   → Fetching handoff queue...
[2026-04-06T22:41:55.059Z] [ERROR] Overnight loop failed: Failed to fetch projects
[2026-04-06T22:41:55.060Z] [ERROR] Error: Failed to fetch projects
    at runOvernightLoop (file:///C:/Users/royce/Desktop/nightshift-ai/orchestration/nightshift-daemon.mjs:241:13)
    at process.processTicksAndRejections (node:internal/process/task_queues:104:5)
    at async Timeout._onTimeout (file:///C:/Users/royce/Desktop/nightshift-ai/orchestration/nightshift-daemon.mjs:545:7)
[2026-04-06T22:41:55.114Z] [INFO] Test mode schedule:
[2026-04-06T22:41:55.114Z] [INFO]   Next overnight run: 6:31:30 PM (in -624s)
[2026-04-06T22:41:55.114Z] [INFO]   Next brief: 6:32:30 PM (in -564s)
[2026-04-06T22:41:55.115Z] [INFO] ━━━━━━━━━━━━━━━━━━━━━━━━━━━━━━━━━━━━━━━━━━━━━━━━━━━━━━━━━━━━
[2026-04-06T22:41:55.115Z] [INFO] Generating morning brief...
[2026-04-06T22:41:55.115Z] [INFO] ━━━━━━━━━━━━━━━━━━━━━━━━━━━━━━━━━━━━━━━━━━━━━━━━━━━━━━━━━━━━
[2026-04-06T22:41:55.115Z] [INFO]   → Calling /api/brief...
[2026-04-06T22:41:55.130Z] [ERROR] Morning brief generation failed: Failed to generate brief
[2026-04-06T22:41:55.130Z] [ERROR] Error: Failed to generate brief
    at generateMorningBrief (file:///C:/Users/royce/Desktop/nightshift-ai/orchestration/nightshift-daemon.mjs:365:13)
    at process.processTicksAndRejections (node:internal/process/task_queues:104:5)
    at async Timeout._onTimeout (file:///C:/Users/royce/Desktop/nightshift-ai/orchestration/nightshift-daemon.mjs:554:7)
[2026-04-06T22:41:55.190Z] [INFO] Test mode schedule:
[2026-04-06T22:41:55.190Z] [INFO]   Next overnight run: 6:31:30 PM (in -625s)
[2026-04-06T22:41:55.190Z] [INFO]   Next brief: 6:32:30 PM (in -565s)
[2026-04-06T22:42:04.610Z] [INFO] Starting refresh cycle...
[2026-04-06T22:42:04.610Z] [INFO]   → Scraping Canvas for new assignments...
[2026-04-06T22:42:04.732Z] [ERROR]   ⚠️  Canvas scrape failed: Command failed: node orchestration/scrape-canvas.mjs
❌ Missing --user-id parameter
Usage: node scrape-canvas.mjs --user-id=USER_ID

[2026-04-06T22:42:04.732Z] [ERROR] Error: Command failed: node orchestration/scrape-canvas.mjs
❌ Missing --user-id parameter
Usage: node scrape-canvas.mjs --user-id=USER_ID

    at genericNodeError (node:internal/errors:985:15)
    at wrappedFn (node:internal/errors:539:14)
    at ChildProcess.exithandler (node:child_process:417:12)
    at ChildProcess.emit (node:events:508:28)
    at maybeClose (node:internal/child_process:1100:16)
    at ChildProcess._handle.onexit (node:internal/child_process:305:5)
[2026-04-06T22:42:04.732Z] [INFO]   → Embedding new messages...
[2026-04-06T22:42:05.028Z] [INFO] ━━━━━━━━━━━━━━━━━━━━━━━━━━━━━━━━━━━━━━━━━━━━━━━━━━━━━━━━━━━━
[2026-04-06T22:42:05.028Z] [INFO] Starting overnight loop...
[2026-04-06T22:42:05.029Z] [INFO] ━━━━━━━━━━━━━━━━━━━━━━━━━━━━━━━━━━━━━━━━━━━━━━━━━━━━━━━━━━━━
[2026-04-06T22:42:05.029Z] [INFO]   → Fetching handoff queue...
[2026-04-06T22:42:05.057Z] [ERROR] Overnight loop failed: Failed to fetch projects
[2026-04-06T22:42:05.057Z] [ERROR] Error: Failed to fetch projects
    at runOvernightLoop (file:///C:/Users/royce/Desktop/nightshift-ai/orchestration/nightshift-daemon.mjs:241:13)
    at process.processTicksAndRejections (node:internal/process/task_queues:104:5)
    at async Timeout._onTimeout (file:///C:/Users/royce/Desktop/nightshift-ai/orchestration/nightshift-daemon.mjs:545:7)
[2026-04-06T22:42:05.106Z] [INFO] Test mode schedule:
[2026-04-06T22:42:05.106Z] [INFO]   Next overnight run: 6:31:30 PM (in -634s)
[2026-04-06T22:42:05.107Z] [INFO]   Next brief: 6:32:30 PM (in -574s)
[2026-04-06T22:42:05.107Z] [INFO] ━━━━━━━━━━━━━━━━━━━━━━━━━━━━━━━━━━━━━━━━━━━━━━━━━━━━━━━━━━━━
[2026-04-06T22:42:05.107Z] [INFO] Generating morning brief...
[2026-04-06T22:42:05.108Z] [INFO] ━━━━━━━━━━━━━━━━━━━━━━━━━━━━━━━━━━━━━━━━━━━━━━━━━━━━━━━━━━━━
[2026-04-06T22:42:05.108Z] [INFO]   → Calling /api/brief...
[2026-04-06T22:42:05.124Z] [ERROR] Morning brief generation failed: Failed to generate brief
[2026-04-06T22:42:05.124Z] [ERROR] Error: Failed to generate brief
    at generateMorningBrief (file:///C:/Users/royce/Desktop/nightshift-ai/orchestration/nightshift-daemon.mjs:365:13)
    at process.processTicksAndRejections (node:internal/process/task_queues:104:5)
    at async Timeout._onTimeout (file:///C:/Users/royce/Desktop/nightshift-ai/orchestration/nightshift-daemon.mjs:554:7)
[2026-04-06T22:42:05.179Z] [INFO] Test mode schedule:
[2026-04-06T22:42:05.179Z] [INFO]   Next overnight run: 6:31:30 PM (in -635s)
[2026-04-06T22:42:05.179Z] [INFO]   Next brief: 6:32:30 PM (in -575s)
[2026-04-06T22:42:06.924Z] [INFO]   ✅ Embedded 0 new messages
[2026-04-06T22:42:06.924Z] [INFO]   → Running project detection...
[2026-04-06T22:42:07.964Z] [INFO]   ✅ Detected 0 projects
[2026-04-06T22:42:07.964Z] [INFO] Refresh cycle complete in 3.4s
[2026-04-06T22:42:15.037Z] [INFO] ━━━━━━━━━━━━━━━━━━━━━━━━━━━━━━━━━━━━━━━━━━━━━━━━━━━━━━━━━━━━
[2026-04-06T22:42:15.038Z] [INFO] Starting overnight loop...
[2026-04-06T22:42:15.038Z] [INFO] ━━━━━━━━━━━━━━━━━━━━━━━━━━━━━━━━━━━━━━━━━━━━━━━━━━━━━━━━━━━━
[2026-04-06T22:42:15.038Z] [INFO]   → Fetching handoff queue...
[2026-04-06T22:42:15.070Z] [ERROR] Overnight loop failed: Failed to fetch projects
[2026-04-06T22:42:15.071Z] [ERROR] Error: Failed to fetch projects
    at runOvernightLoop (file:///C:/Users/royce/Desktop/nightshift-ai/orchestration/nightshift-daemon.mjs:241:13)
    at process.processTicksAndRejections (node:internal/process/task_queues:104:5)
    at async Timeout._onTimeout (file:///C:/Users/royce/Desktop/nightshift-ai/orchestration/nightshift-daemon.mjs:545:7)
[2026-04-06T22:42:15.127Z] [INFO] Test mode schedule:
[2026-04-06T22:42:15.128Z] [INFO]   Next overnight run: 6:31:30 PM (in -644s)
[2026-04-06T22:42:15.128Z] [INFO]   Next brief: 6:32:30 PM (in -584s)
[2026-04-06T22:42:15.129Z] [INFO] ━━━━━━━━━━━━━━━━━━━━━━━━━━━━━━━━━━━━━━━━━━━━━━━━━━━━━━━━━━━━
[2026-04-06T22:42:15.129Z] [INFO] Generating morning brief...
[2026-04-06T22:42:15.129Z] [INFO] ━━━━━━━━━━━━━━━━━━━━━━━━━━━━━━━━━━━━━━━━━━━━━━━━━━━━━━━━━━━━
[2026-04-06T22:42:15.129Z] [INFO]   → Calling /api/brief...
[2026-04-06T22:42:15.147Z] [ERROR] Morning brief generation failed: Failed to generate brief
[2026-04-06T22:42:15.148Z] [ERROR] Error: Failed to generate brief
    at generateMorningBrief (file:///C:/Users/royce/Desktop/nightshift-ai/orchestration/nightshift-daemon.mjs:365:13)
    at process.processTicksAndRejections (node:internal/process/task_queues:104:5)
    at async Timeout._onTimeout (file:///C:/Users/royce/Desktop/nightshift-ai/orchestration/nightshift-daemon.mjs:554:7)
[2026-04-06T22:42:15.202Z] [INFO] Test mode schedule:
[2026-04-06T22:42:15.202Z] [INFO]   Next overnight run: 6:31:30 PM (in -645s)
[2026-04-06T22:42:15.203Z] [INFO]   Next brief: 6:32:30 PM (in -585s)
[2026-04-06T22:42:25.041Z] [INFO] ━━━━━━━━━━━━━━━━━━━━━━━━━━━━━━━━━━━━━━━━━━━━━━━━━━━━━━━━━━━━
[2026-04-06T22:42:25.041Z] [INFO] Starting overnight loop...
[2026-04-06T22:42:25.041Z] [INFO] ━━━━━━━━━━━━━━━━━━━━━━━━━━━━━━━━━━━━━━━━━━━━━━━━━━━━━━━━━━━━
[2026-04-06T22:42:25.041Z] [INFO]   → Fetching handoff queue...
[2026-04-06T22:42:25.066Z] [ERROR] Overnight loop failed: Failed to fetch projects
[2026-04-06T22:42:25.066Z] [ERROR] Error: Failed to fetch projects
    at runOvernightLoop (file:///C:/Users/royce/Desktop/nightshift-ai/orchestration/nightshift-daemon.mjs:241:13)
    at process.processTicksAndRejections (node:internal/process/task_queues:104:5)
    at async Timeout._onTimeout (file:///C:/Users/royce/Desktop/nightshift-ai/orchestration/nightshift-daemon.mjs:545:7)
[2026-04-06T22:42:25.114Z] [INFO] Test mode schedule:
[2026-04-06T22:42:25.114Z] [INFO]   Next overnight run: 6:31:30 PM (in -654s)
[2026-04-06T22:42:25.114Z] [INFO]   Next brief: 6:32:30 PM (in -594s)
[2026-04-06T22:42:25.115Z] [INFO] ━━━━━━━━━━━━━━━━━━━━━━━━━━━━━━━━━━━━━━━━━━━━━━━━━━━━━━━━━━━━
[2026-04-06T22:42:25.115Z] [INFO] Generating morning brief...
[2026-04-06T22:42:25.115Z] [INFO] ━━━━━━━━━━━━━━━━━━━━━━━━━━━━━━━━━━━━━━━━━━━━━━━━━━━━━━━━━━━━
[2026-04-06T22:42:25.115Z] [INFO]   → Calling /api/brief...
[2026-04-06T22:42:25.132Z] [ERROR] Morning brief generation failed: Failed to generate brief
[2026-04-06T22:42:25.132Z] [ERROR] Error: Failed to generate brief
    at generateMorningBrief (file:///C:/Users/royce/Desktop/nightshift-ai/orchestration/nightshift-daemon.mjs:365:13)
    at process.processTicksAndRejections (node:internal/process/task_queues:104:5)
    at async Timeout._onTimeout (file:///C:/Users/royce/Desktop/nightshift-ai/orchestration/nightshift-daemon.mjs:554:7)
[2026-04-06T22:42:25.178Z] [INFO] Test mode schedule:
[2026-04-06T22:42:25.178Z] [INFO]   Next overnight run: 6:31:30 PM (in -655s)
[2026-04-06T22:42:25.178Z] [INFO]   Next brief: 6:32:30 PM (in -595s)
[2026-04-06T22:42:34.610Z] [INFO] Starting refresh cycle...
[2026-04-06T22:42:34.610Z] [INFO]   → Scraping Canvas for new assignments...
[2026-04-06T22:42:34.741Z] [ERROR]   ⚠️  Canvas scrape failed: Command failed: node orchestration/scrape-canvas.mjs
❌ Missing --user-id parameter
Usage: node scrape-canvas.mjs --user-id=USER_ID

[2026-04-06T22:42:34.742Z] [ERROR] Error: Command failed: node orchestration/scrape-canvas.mjs
❌ Missing --user-id parameter
Usage: node scrape-canvas.mjs --user-id=USER_ID

    at genericNodeError (node:internal/errors:985:15)
    at wrappedFn (node:internal/errors:539:14)
    at ChildProcess.exithandler (node:child_process:417:12)
    at ChildProcess.emit (node:events:508:28)
    at maybeClose (node:internal/child_process:1100:16)
    at ChildProcess._handle.onexit (node:internal/child_process:305:5)
[2026-04-06T22:42:34.742Z] [INFO]   → Embedding new messages...
[2026-04-06T22:42:35.044Z] [INFO] ━━━━━━━━━━━━━━━━━━━━━━━━━━━━━━━━━━━━━━━━━━━━━━━━━━━━━━━━━━━━
[2026-04-06T22:42:35.045Z] [INFO] Starting overnight loop...
[2026-04-06T22:42:35.045Z] [INFO] ━━━━━━━━━━━━━━━━━━━━━━━━━━━━━━━━━━━━━━━━━━━━━━━━━━━━━━━━━━━━
[2026-04-06T22:42:35.045Z] [INFO]   → Fetching handoff queue...
[2026-04-06T22:42:35.077Z] [ERROR] Overnight loop failed: Failed to fetch projects
[2026-04-06T22:42:35.078Z] [ERROR] Error: Failed to fetch projects
    at runOvernightLoop (file:///C:/Users/royce/Desktop/nightshift-ai/orchestration/nightshift-daemon.mjs:241:13)
    at process.processTicksAndRejections (node:internal/process/task_queues:104:5)
    at async Timeout._onTimeout (file:///C:/Users/royce/Desktop/nightshift-ai/orchestration/nightshift-daemon.mjs:545:7)
[2026-04-06T22:42:35.129Z] [INFO] Test mode schedule:
[2026-04-06T22:42:35.129Z] [INFO]   Next overnight run: 6:31:30 PM (in -664s)
[2026-04-06T22:42:35.129Z] [INFO]   Next brief: 6:32:30 PM (in -604s)
[2026-04-06T22:42:35.130Z] [INFO] ━━━━━━━━━━━━━━━━━━━━━━━━━━━━━━━━━━━━━━━━━━━━━━━━━━━━━━━━━━━━
[2026-04-06T22:42:35.130Z] [INFO] Generating morning brief...
[2026-04-06T22:42:35.130Z] [INFO] ━━━━━━━━━━━━━━━━━━━━━━━━━━━━━━━━━━━━━━━━━━━━━━━━━━━━━━━━━━━━
[2026-04-06T22:42:35.130Z] [INFO]   → Calling /api/brief...
[2026-04-06T22:42:35.147Z] [ERROR] Morning brief generation failed: Failed to generate brief
[2026-04-06T22:42:35.147Z] [ERROR] Error: Failed to generate brief
    at generateMorningBrief (file:///C:/Users/royce/Desktop/nightshift-ai/orchestration/nightshift-daemon.mjs:365:13)
    at process.processTicksAndRejections (node:internal/process/task_queues:104:5)
    at async Timeout._onTimeout (file:///C:/Users/royce/Desktop/nightshift-ai/orchestration/nightshift-daemon.mjs:554:7)
[2026-04-06T22:42:35.194Z] [INFO] Test mode schedule:
[2026-04-06T22:42:35.194Z] [INFO]   Next overnight run: 6:31:30 PM (in -665s)
[2026-04-06T22:42:35.194Z] [INFO]   Next brief: 6:32:30 PM (in -605s)
[2026-04-06T22:42:36.867Z] [INFO]   ✅ Embedded 0 new messages
[2026-04-06T22:42:36.867Z] [INFO]   → Running project detection...
[2026-04-06T22:42:37.906Z] [INFO]   ✅ Detected 0 projects
[2026-04-06T22:42:37.906Z] [INFO] Refresh cycle complete in 3.3s
[2026-04-06T22:42:45.054Z] [INFO] ━━━━━━━━━━━━━━━━━━━━━━━━━━━━━━━━━━━━━━━━━━━━━━━━━━━━━━━━━━━━
[2026-04-06T22:42:45.054Z] [INFO] Starting overnight loop...
[2026-04-06T22:42:45.054Z] [INFO] ━━━━━━━━━━━━━━━━━━━━━━━━━━━━━━━━━━━━━━━━━━━━━━━━━━━━━━━━━━━━
[2026-04-06T22:42:45.054Z] [INFO]   → Fetching handoff queue...
[2026-04-06T22:42:45.079Z] [ERROR] Overnight loop failed: Failed to fetch projects
[2026-04-06T22:42:45.079Z] [ERROR] Error: Failed to fetch projects
    at runOvernightLoop (file:///C:/Users/royce/Desktop/nightshift-ai/orchestration/nightshift-daemon.mjs:241:13)
    at process.processTicksAndRejections (node:internal/process/task_queues:104:5)
    at async Timeout._onTimeout (file:///C:/Users/royce/Desktop/nightshift-ai/orchestration/nightshift-daemon.mjs:545:7)
[2026-04-06T22:42:45.143Z] [INFO] Test mode schedule:
[2026-04-06T22:42:45.143Z] [INFO]   Next overnight run: 6:31:30 PM (in -674s)
[2026-04-06T22:42:45.143Z] [INFO]   Next brief: 6:32:30 PM (in -614s)
[2026-04-06T22:42:45.144Z] [INFO] ━━━━━━━━━━━━━━━━━━━━━━━━━━━━━━━━━━━━━━━━━━━━━━━━━━━━━━━━━━━━
[2026-04-06T22:42:45.144Z] [INFO] Generating morning brief...
[2026-04-06T22:42:45.144Z] [INFO] ━━━━━━━━━━━━━━━━━━━━━━━━━━━━━━━━━━━━━━━━━━━━━━━━━━━━━━━━━━━━
[2026-04-06T22:42:45.144Z] [INFO]   → Calling /api/brief...
[2026-04-06T22:42:45.164Z] [ERROR] Morning brief generation failed: Failed to generate brief
[2026-04-06T22:42:45.164Z] [ERROR] Error: Failed to generate brief
    at generateMorningBrief (file:///C:/Users/royce/Desktop/nightshift-ai/orchestration/nightshift-daemon.mjs:365:13)
    at process.processTicksAndRejections (node:internal/process/task_queues:104:5)
    at async Timeout._onTimeout (file:///C:/Users/royce/Desktop/nightshift-ai/orchestration/nightshift-daemon.mjs:554:7)
[2026-04-06T22:42:45.220Z] [INFO] Test mode schedule:
[2026-04-06T22:42:45.220Z] [INFO]   Next overnight run: 6:31:30 PM (in -675s)
[2026-04-06T22:42:45.220Z] [INFO]   Next brief: 6:32:30 PM (in -615s)
[2026-04-06T22:42:55.061Z] [INFO] ━━━━━━━━━━━━━━━━━━━━━━━━━━━━━━━━━━━━━━━━━━━━━━━━━━━━━━━━━━━━
[2026-04-06T22:42:55.062Z] [INFO] Starting overnight loop...
[2026-04-06T22:42:55.062Z] [INFO] ━━━━━━━━━━━━━━━━━━━━━━━━━━━━━━━━━━━━━━━━━━━━━━━━━━━━━━━━━━━━
[2026-04-06T22:42:55.062Z] [INFO]   → Fetching handoff queue...
[2026-04-06T22:42:55.093Z] [ERROR] Overnight loop failed: Failed to fetch projects
[2026-04-06T22:42:55.093Z] [ERROR] Error: Failed to fetch projects
    at runOvernightLoop (file:///C:/Users/royce/Desktop/nightshift-ai/orchestration/nightshift-daemon.mjs:241:13)
    at process.processTicksAndRejections (node:internal/process/task_queues:104:5)
    at async Timeout._onTimeout (file:///C:/Users/royce/Desktop/nightshift-ai/orchestration/nightshift-daemon.mjs:545:7)
[2026-04-06T22:42:55.149Z] [INFO] Test mode schedule:
[2026-04-06T22:42:55.149Z] [INFO]   Next overnight run: 6:31:30 PM (in -684s)
[2026-04-06T22:42:55.150Z] [INFO]   Next brief: 6:32:30 PM (in -624s)
[2026-04-06T22:42:55.150Z] [INFO] ━━━━━━━━━━━━━━━━━━━━━━━━━━━━━━━━━━━━━━━━━━━━━━━━━━━━━━━━━━━━
[2026-04-06T22:42:55.151Z] [INFO] Generating morning brief...
[2026-04-06T22:42:55.151Z] [INFO] ━━━━━━━━━━━━━━━━━━━━━━━━━━━━━━━━━━━━━━━━━━━━━━━━━━━━━━━━━━━━
[2026-04-06T22:42:55.151Z] [INFO]   → Calling /api/brief...
[2026-04-06T22:42:55.171Z] [ERROR] Morning brief generation failed: Failed to generate brief
[2026-04-06T22:42:55.171Z] [ERROR] Error: Failed to generate brief
    at generateMorningBrief (file:///C:/Users/royce/Desktop/nightshift-ai/orchestration/nightshift-daemon.mjs:365:13)
    at process.processTicksAndRejections (node:internal/process/task_queues:104:5)
    at async Timeout._onTimeout (file:///C:/Users/royce/Desktop/nightshift-ai/orchestration/nightshift-daemon.mjs:554:7)
[2026-04-06T22:42:55.226Z] [INFO] Test mode schedule:
[2026-04-06T22:42:55.226Z] [INFO]   Next overnight run: 6:31:30 PM (in -685s)
[2026-04-06T22:42:55.226Z] [INFO]   Next brief: 6:32:30 PM (in -625s)
[2026-04-06T22:43:04.615Z] [INFO] Starting refresh cycle...
[2026-04-06T22:43:04.615Z] [INFO]   → Scraping Canvas for new assignments...
[2026-04-06T22:43:04.736Z] [ERROR]   ⚠️  Canvas scrape failed: Command failed: node orchestration/scrape-canvas.mjs
❌ Missing --user-id parameter
Usage: node scrape-canvas.mjs --user-id=USER_ID

[2026-04-06T22:43:04.736Z] [ERROR] Error: Command failed: node orchestration/scrape-canvas.mjs
❌ Missing --user-id parameter
Usage: node scrape-canvas.mjs --user-id=USER_ID

    at genericNodeError (node:internal/errors:985:15)
    at wrappedFn (node:internal/errors:539:14)
    at ChildProcess.exithandler (node:child_process:417:12)
    at ChildProcess.emit (node:events:508:28)
    at maybeClose (node:internal/child_process:1100:16)
    at ChildProcess._handle.onexit (node:internal/child_process:305:5)
[2026-04-06T22:43:04.737Z] [INFO]   → Embedding new messages...
[2026-04-06T22:43:05.068Z] [INFO] ━━━━━━━━━━━━━━━━━━━━━━━━━━━━━━━━━━━━━━━━━━━━━━━━━━━━━━━━━━━━
[2026-04-06T22:43:05.068Z] [INFO] Starting overnight loop...
[2026-04-06T22:43:05.068Z] [INFO] ━━━━━━━━━━━━━━━━━━━━━━━━━━━━━━━━━━━━━━━━━━━━━━━━━━━━━━━━━━━━
[2026-04-06T22:43:05.068Z] [INFO]   → Fetching handoff queue...
[2026-04-06T22:43:05.100Z] [ERROR] Overnight loop failed: Failed to fetch projects
[2026-04-06T22:43:05.100Z] [ERROR] Error: Failed to fetch projects
    at runOvernightLoop (file:///C:/Users/royce/Desktop/nightshift-ai/orchestration/nightshift-daemon.mjs:241:13)
    at process.processTicksAndRejections (node:internal/process/task_queues:104:5)
    at async Timeout._onTimeout (file:///C:/Users/royce/Desktop/nightshift-ai/orchestration/nightshift-daemon.mjs:545:7)
[2026-04-06T22:43:05.156Z] [INFO] Test mode schedule:
[2026-04-06T22:43:05.156Z] [INFO]   Next overnight run: 6:31:30 PM (in -694s)
[2026-04-06T22:43:05.156Z] [INFO]   Next brief: 6:32:30 PM (in -634s)
[2026-04-06T22:43:05.157Z] [INFO] ━━━━━━━━━━━━━━━━━━━━━━━━━━━━━━━━━━━━━━━━━━━━━━━━━━━━━━━━━━━━
[2026-04-06T22:43:05.157Z] [INFO] Generating morning brief...
[2026-04-06T22:43:05.157Z] [INFO] ━━━━━━━━━━━━━━━━━━━━━━━━━━━━━━━━━━━━━━━━━━━━━━━━━━━━━━━━━━━━
[2026-04-06T22:43:05.157Z] [INFO]   → Calling /api/brief...
[2026-04-06T22:43:05.172Z] [ERROR] Morning brief generation failed: Failed to generate brief
[2026-04-06T22:43:05.172Z] [ERROR] Error: Failed to generate brief
    at generateMorningBrief (file:///C:/Users/royce/Desktop/nightshift-ai/orchestration/nightshift-daemon.mjs:365:13)
    at process.processTicksAndRejections (node:internal/process/task_queues:104:5)
    at async Timeout._onTimeout (file:///C:/Users/royce/Desktop/nightshift-ai/orchestration/nightshift-daemon.mjs:554:7)
[2026-04-06T22:43:05.236Z] [INFO] Test mode schedule:
[2026-04-06T22:43:05.236Z] [INFO]   Next overnight run: 6:31:30 PM (in -695s)
[2026-04-06T22:43:05.236Z] [INFO]   Next brief: 6:32:30 PM (in -635s)
[2026-04-06T22:43:06.810Z] [INFO]   ✅ Embedded 0 new messages
[2026-04-06T22:43:06.810Z] [INFO]   → Running project detection...
[2026-04-06T22:43:07.849Z] [INFO]   ✅ Detected 0 projects
[2026-04-06T22:43:07.850Z] [INFO] Refresh cycle complete in 3.2s
[2026-04-06T22:43:15.075Z] [INFO] ━━━━━━━━━━━━━━━━━━━━━━━━━━━━━━━━━━━━━━━━━━━━━━━━━━━━━━━━━━━━
[2026-04-06T22:43:15.075Z] [INFO] Starting overnight loop...
[2026-04-06T22:43:15.075Z] [INFO] ━━━━━━━━━━━━━━━━━━━━━━━━━━━━━━━━━━━━━━━━━━━━━━━━━━━━━━━━━━━━
[2026-04-06T22:43:15.075Z] [INFO]   → Fetching handoff queue...
[2026-04-06T22:43:15.107Z] [ERROR] Overnight loop failed: Failed to fetch projects
[2026-04-06T22:43:15.107Z] [ERROR] Error: Failed to fetch projects
    at runOvernightLoop (file:///C:/Users/royce/Desktop/nightshift-ai/orchestration/nightshift-daemon.mjs:241:13)
    at process.processTicksAndRejections (node:internal/process/task_queues:104:5)
    at async Timeout._onTimeout (file:///C:/Users/royce/Desktop/nightshift-ai/orchestration/nightshift-daemon.mjs:545:7)
[2026-04-06T22:43:15.163Z] [INFO] Test mode schedule:
[2026-04-06T22:43:15.163Z] [INFO]   Next overnight run: 6:31:30 PM (in -704s)
[2026-04-06T22:43:15.163Z] [INFO]   Next brief: 6:32:30 PM (in -644s)
[2026-04-06T22:43:15.164Z] [INFO] ━━━━━━━━━━━━━━━━━━━━━━━━━━━━━━━━━━━━━━━━━━━━━━━━━━━━━━━━━━━━
[2026-04-06T22:43:15.164Z] [INFO] Generating morning brief...
[2026-04-06T22:43:15.164Z] [INFO] ━━━━━━━━━━━━━━━━━━━━━━━━━━━━━━━━━━━━━━━━━━━━━━━━━━━━━━━━━━━━
[2026-04-06T22:43:15.164Z] [INFO]   → Calling /api/brief...
[2026-04-06T22:43:15.184Z] [ERROR] Morning brief generation failed: Failed to generate brief
[2026-04-06T22:43:15.185Z] [ERROR] Error: Failed to generate brief
    at generateMorningBrief (file:///C:/Users/royce/Desktop/nightshift-ai/orchestration/nightshift-daemon.mjs:365:13)
    at process.processTicksAndRejections (node:internal/process/task_queues:104:5)
    at async Timeout._onTimeout (file:///C:/Users/royce/Desktop/nightshift-ai/orchestration/nightshift-daemon.mjs:554:7)
[2026-04-06T22:43:15.242Z] [INFO] Test mode schedule:
[2026-04-06T22:43:15.243Z] [INFO]   Next overnight run: 6:31:30 PM (in -705s)
[2026-04-06T22:43:15.243Z] [INFO]   Next brief: 6:32:30 PM (in -645s)
[2026-04-06T22:43:25.090Z] [INFO] ━━━━━━━━━━━━━━━━━━━━━━━━━━━━━━━━━━━━━━━━━━━━━━━━━━━━━━━━━━━━
[2026-04-06T22:43:25.090Z] [INFO] Starting overnight loop...
[2026-04-06T22:43:25.090Z] [INFO] ━━━━━━━━━━━━━━━━━━━━━━━━━━━━━━━━━━━━━━━━━━━━━━━━━━━━━━━━━━━━
[2026-04-06T22:43:25.090Z] [INFO]   → Fetching handoff queue...
[2026-04-06T22:43:25.123Z] [ERROR] Overnight loop failed: Failed to fetch projects
[2026-04-06T22:43:25.123Z] [ERROR] Error: Failed to fetch projects
    at runOvernightLoop (file:///C:/Users/royce/Desktop/nightshift-ai/orchestration/nightshift-daemon.mjs:241:13)
    at process.processTicksAndRejections (node:internal/process/task_queues:104:5)
    at async Timeout._onTimeout (file:///C:/Users/royce/Desktop/nightshift-ai/orchestration/nightshift-daemon.mjs:545:7)
[2026-04-06T22:43:25.170Z] [INFO] Test mode schedule:
[2026-04-06T22:43:25.170Z] [INFO]   Next overnight run: 6:31:30 PM (in -714s)
[2026-04-06T22:43:25.170Z] [INFO]   Next brief: 6:32:30 PM (in -654s)
[2026-04-06T22:43:25.171Z] [INFO] ━━━━━━━━━━━━━━━━━━━━━━━━━━━━━━━━━━━━━━━━━━━━━━━━━━━━━━━━━━━━
[2026-04-06T22:43:25.171Z] [INFO] Generating morning brief...
[2026-04-06T22:43:25.172Z] [INFO] ━━━━━━━━━━━━━━━━━━━━━━━━━━━━━━━━━━━━━━━━━━━━━━━━━━━━━━━━━━━━
[2026-04-06T22:43:25.172Z] [INFO]   → Calling /api/brief...
[2026-04-06T22:43:25.184Z] [ERROR] Morning brief generation failed: Failed to generate brief
[2026-04-06T22:43:25.185Z] [ERROR] Error: Failed to generate brief
    at generateMorningBrief (file:///C:/Users/royce/Desktop/nightshift-ai/orchestration/nightshift-daemon.mjs:365:13)
    at process.processTicksAndRejections (node:internal/process/task_queues:104:5)
    at async Timeout._onTimeout (file:///C:/Users/royce/Desktop/nightshift-ai/orchestration/nightshift-daemon.mjs:554:7)
[2026-04-06T22:43:25.241Z] [INFO] Test mode schedule:
[2026-04-06T22:43:25.242Z] [INFO]   Next overnight run: 6:31:30 PM (in -715s)
[2026-04-06T22:43:25.242Z] [INFO]   Next brief: 6:32:30 PM (in -655s)
[2026-04-06T22:43:34.626Z] [INFO] Starting refresh cycle...
[2026-04-06T22:43:34.626Z] [INFO]   → Scraping Canvas for new assignments...
[2026-04-06T22:43:34.758Z] [ERROR]   ⚠️  Canvas scrape failed: Command failed: node orchestration/scrape-canvas.mjs
❌ Missing --user-id parameter
Usage: node scrape-canvas.mjs --user-id=USER_ID

[2026-04-06T22:43:34.758Z] [ERROR] Error: Command failed: node orchestration/scrape-canvas.mjs
❌ Missing --user-id parameter
Usage: node scrape-canvas.mjs --user-id=USER_ID

    at genericNodeError (node:internal/errors:985:15)
    at wrappedFn (node:internal/errors:539:14)
    at ChildProcess.exithandler (node:child_process:417:12)
    at ChildProcess.emit (node:events:508:28)
    at maybeClose (node:internal/child_process:1100:16)
    at ChildProcess._handle.onexit (node:internal/child_process:305:5)
[2026-04-06T22:43:34.758Z] [INFO]   → Embedding new messages...
[2026-04-06T22:43:35.091Z] [INFO] ━━━━━━━━━━━━━━━━━━━━━━━━━━━━━━━━━━━━━━━━━━━━━━━━━━━━━━━━━━━━
[2026-04-06T22:43:35.091Z] [INFO] Starting overnight loop...
[2026-04-06T22:43:35.091Z] [INFO] ━━━━━━━━━━━━━━━━━━━━━━━━━━━━━━━━━━━━━━━━━━━━━━━━━━━━━━━━━━━━
[2026-04-06T22:43:35.091Z] [INFO]   → Fetching handoff queue...
[2026-04-06T22:43:35.124Z] [ERROR] Overnight loop failed: Failed to fetch projects
[2026-04-06T22:43:35.125Z] [ERROR] Error: Failed to fetch projects
    at runOvernightLoop (file:///C:/Users/royce/Desktop/nightshift-ai/orchestration/nightshift-daemon.mjs:241:13)
    at process.processTicksAndRejections (node:internal/process/task_queues:104:5)
    at async Timeout._onTimeout (file:///C:/Users/royce/Desktop/nightshift-ai/orchestration/nightshift-daemon.mjs:545:7)
[2026-04-06T22:43:35.179Z] [INFO] Test mode schedule:
[2026-04-06T22:43:35.179Z] [INFO]   Next overnight run: 6:31:30 PM (in -725s)
[2026-04-06T22:43:35.179Z] [INFO]   Next brief: 6:32:30 PM (in -665s)
[2026-04-06T22:43:35.180Z] [INFO] ━━━━━━━━━━━━━━━━━━━━━━━━━━━━━━━━━━━━━━━━━━━━━━━━━━━━━━━━━━━━
[2026-04-06T22:43:35.181Z] [INFO] Generating morning brief...
[2026-04-06T22:43:35.181Z] [INFO] ━━━━━━━━━━━━━━━━━━━━━━━━━━━━━━━━━━━━━━━━━━━━━━━━━━━━━━━━━━━━
[2026-04-06T22:43:35.181Z] [INFO]   → Calling /api/brief...
[2026-04-06T22:43:35.198Z] [ERROR] Morning brief generation failed: Failed to generate brief
[2026-04-06T22:43:35.198Z] [ERROR] Error: Failed to generate brief
    at generateMorningBrief (file:///C:/Users/royce/Desktop/nightshift-ai/orchestration/nightshift-daemon.mjs:365:13)
    at process.processTicksAndRejections (node:internal/process/task_queues:104:5)
    at async Timeout._onTimeout (file:///C:/Users/royce/Desktop/nightshift-ai/orchestration/nightshift-daemon.mjs:554:7)
[2026-04-06T22:43:35.259Z] [INFO] Test mode schedule:
[2026-04-06T22:43:35.260Z] [INFO]   Next overnight run: 6:31:30 PM (in -725s)
[2026-04-06T22:43:35.260Z] [INFO]   Next brief: 6:32:30 PM (in -665s)
[2026-04-06T22:43:36.960Z] [INFO]   ✅ Embedded 0 new messages
[2026-04-06T22:43:36.960Z] [INFO]   → Running project detection...
[2026-04-06T22:43:37.996Z] [INFO]   ✅ Detected 0 projects
[2026-04-06T22:43:37.997Z] [INFO] Refresh cycle complete in 3.4s
[2026-04-06T22:43:45.103Z] [INFO] ━━━━━━━━━━━━━━━━━━━━━━━━━━━━━━━━━━━━━━━━━━━━━━━━━━━━━━━━━━━━
[2026-04-06T22:43:45.103Z] [INFO] Starting overnight loop...
[2026-04-06T22:43:45.104Z] [INFO] ━━━━━━━━━━━━━━━━━━━━━━━━━━━━━━━━━━━━━━━━━━━━━━━━━━━━━━━━━━━━
[2026-04-06T22:43:45.104Z] [INFO]   → Fetching handoff queue...
[2026-04-06T22:43:45.120Z] [ERROR] Overnight loop failed: Failed to fetch projects
[2026-04-06T22:43:45.120Z] [ERROR] Error: Failed to fetch projects
    at runOvernightLoop (file:///C:/Users/royce/Desktop/nightshift-ai/orchestration/nightshift-daemon.mjs:241:13)
    at process.processTicksAndRejections (node:internal/process/task_queues:104:5)
    at async Timeout._onTimeout (file:///C:/Users/royce/Desktop/nightshift-ai/orchestration/nightshift-daemon.mjs:545:7)
[2026-04-06T22:43:45.175Z] [INFO] Test mode schedule:
[2026-04-06T22:43:45.175Z] [INFO]   Next overnight run: 6:31:30 PM (in -735s)
[2026-04-06T22:43:45.175Z] [INFO]   Next brief: 6:32:30 PM (in -675s)
[2026-04-06T22:43:45.176Z] [INFO] ━━━━━━━━━━━━━━━━━━━━━━━━━━━━━━━━━━━━━━━━━━━━━━━━━━━━━━━━━━━━
[2026-04-06T22:43:45.176Z] [INFO] Generating morning brief...
[2026-04-06T22:43:45.176Z] [INFO] ━━━━━━━━━━━━━━━━━━━━━━━━━━━━━━━━━━━━━━━━━━━━━━━━━━━━━━━━━━━━
[2026-04-06T22:43:45.176Z] [INFO]   → Calling /api/brief...
[2026-04-06T22:43:45.191Z] [ERROR] Morning brief generation failed: Failed to generate brief
[2026-04-06T22:43:45.191Z] [ERROR] Error: Failed to generate brief
    at generateMorningBrief (file:///C:/Users/royce/Desktop/nightshift-ai/orchestration/nightshift-daemon.mjs:365:13)
    at process.processTicksAndRejections (node:internal/process/task_queues:104:5)
    at async Timeout._onTimeout (file:///C:/Users/royce/Desktop/nightshift-ai/orchestration/nightshift-daemon.mjs:554:7)
[2026-04-06T22:43:45.238Z] [INFO] Test mode schedule:
[2026-04-06T22:43:45.239Z] [INFO]   Next overnight run: 6:31:30 PM (in -735s)
[2026-04-06T22:43:45.239Z] [INFO]   Next brief: 6:32:30 PM (in -675s)
[2026-04-06T22:43:55.106Z] [INFO] ━━━━━━━━━━━━━━━━━━━━━━━━━━━━━━━━━━━━━━━━━━━━━━━━━━━━━━━━━━━━
[2026-04-06T22:43:55.107Z] [INFO] Starting overnight loop...
[2026-04-06T22:43:55.107Z] [INFO] ━━━━━━━━━━━━━━━━━━━━━━━━━━━━━━━━━━━━━━━━━━━━━━━━━━━━━━━━━━━━
[2026-04-06T22:43:55.107Z] [INFO]   → Fetching handoff queue...
[2026-04-06T22:43:55.139Z] [ERROR] Overnight loop failed: Failed to fetch projects
[2026-04-06T22:43:55.139Z] [ERROR] Error: Failed to fetch projects
    at runOvernightLoop (file:///C:/Users/royce/Desktop/nightshift-ai/orchestration/nightshift-daemon.mjs:241:13)
    at process.processTicksAndRejections (node:internal/process/task_queues:104:5)
    at async Timeout._onTimeout (file:///C:/Users/royce/Desktop/nightshift-ai/orchestration/nightshift-daemon.mjs:545:7)
[2026-04-06T22:43:55.196Z] [INFO] Test mode schedule:
[2026-04-06T22:43:55.196Z] [INFO]   Next overnight run: 6:31:30 PM (in -745s)
[2026-04-06T22:43:55.197Z] [INFO]   Next brief: 6:32:30 PM (in -685s)
[2026-04-06T22:43:55.197Z] [INFO] ━━━━━━━━━━━━━━━━━━━━━━━━━━━━━━━━━━━━━━━━━━━━━━━━━━━━━━━━━━━━
[2026-04-06T22:43:55.198Z] [INFO] Generating morning brief...
[2026-04-06T22:43:55.198Z] [INFO] ━━━━━━━━━━━━━━━━━━━━━━━━━━━━━━━━━━━━━━━━━━━━━━━━━━━━━━━━━━━━
[2026-04-06T22:43:55.198Z] [INFO]   → Calling /api/brief...
[2026-04-06T22:43:55.216Z] [ERROR] Morning brief generation failed: Failed to generate brief
[2026-04-06T22:43:55.217Z] [ERROR] Error: Failed to generate brief
    at generateMorningBrief (file:///C:/Users/royce/Desktop/nightshift-ai/orchestration/nightshift-daemon.mjs:365:13)
    at process.processTicksAndRejections (node:internal/process/task_queues:104:5)
    at async Timeout._onTimeout (file:///C:/Users/royce/Desktop/nightshift-ai/orchestration/nightshift-daemon.mjs:554:7)
[2026-04-06T22:43:55.271Z] [INFO] Test mode schedule:
[2026-04-06T22:43:55.272Z] [INFO]   Next overnight run: 6:31:30 PM (in -745s)
[2026-04-06T22:43:55.272Z] [INFO]   Next brief: 6:32:30 PM (in -685s)
[2026-04-06T22:44:04.631Z] [INFO] Starting refresh cycle...
[2026-04-06T22:44:04.631Z] [INFO]   → Scraping Canvas for new assignments...
[2026-04-06T22:44:04.763Z] [ERROR]   ⚠️  Canvas scrape failed: Command failed: node orchestration/scrape-canvas.mjs
❌ Missing --user-id parameter
Usage: node scrape-canvas.mjs --user-id=USER_ID

[2026-04-06T22:44:04.764Z] [ERROR] Error: Command failed: node orchestration/scrape-canvas.mjs
❌ Missing --user-id parameter
Usage: node scrape-canvas.mjs --user-id=USER_ID

    at genericNodeError (node:internal/errors:985:15)
    at wrappedFn (node:internal/errors:539:14)
    at ChildProcess.exithandler (node:child_process:417:12)
    at ChildProcess.emit (node:events:508:28)
    at maybeClose (node:internal/child_process:1100:16)
    at ChildProcess._handle.onexit (node:internal/child_process:305:5)
[2026-04-06T22:44:04.764Z] [INFO]   → Embedding new messages...
[2026-04-06T22:44:05.112Z] [INFO] ━━━━━━━━━━━━━━━━━━━━━━━━━━━━━━━━━━━━━━━━━━━━━━━━━━━━━━━━━━━━
[2026-04-06T22:44:05.112Z] [INFO] Starting overnight loop...
[2026-04-06T22:44:05.112Z] [INFO] ━━━━━━━━━━━━━━━━━━━━━━━━━━━━━━━━━━━━━━━━━━━━━━━━━━━━━━━━━━━━
[2026-04-06T22:44:05.112Z] [INFO]   → Fetching handoff queue...
[2026-04-06T22:44:05.138Z] [ERROR] Overnight loop failed: Failed to fetch projects
[2026-04-06T22:44:05.138Z] [ERROR] Error: Failed to fetch projects
    at runOvernightLoop (file:///C:/Users/royce/Desktop/nightshift-ai/orchestration/nightshift-daemon.mjs:241:13)
    at process.processTicksAndRejections (node:internal/process/task_queues:104:5)
    at async Timeout._onTimeout (file:///C:/Users/royce/Desktop/nightshift-ai/orchestration/nightshift-daemon.mjs:545:7)
[2026-04-06T22:44:05.221Z] [INFO] Test mode schedule:
[2026-04-06T22:44:05.222Z] [INFO]   Next overnight run: 6:31:30 PM (in -755s)
[2026-04-06T22:44:05.222Z] [INFO]   Next brief: 6:32:30 PM (in -695s)
[2026-04-06T22:44:05.223Z] [INFO] ━━━━━━━━━━━━━━━━━━━━━━━━━━━━━━━━━━━━━━━━━━━━━━━━━━━━━━━━━━━━
[2026-04-06T22:44:05.223Z] [INFO] Generating morning brief...
[2026-04-06T22:44:05.223Z] [INFO] ━━━━━━━━━━━━━━━━━━━━━━━━━━━━━━━━━━━━━━━━━━━━━━━━━━━━━━━━━━━━
[2026-04-06T22:44:05.223Z] [INFO]   → Calling /api/brief...
[2026-04-06T22:44:05.249Z] [ERROR] Morning brief generation failed: Failed to generate brief
[2026-04-06T22:44:05.249Z] [ERROR] Error: Failed to generate brief
    at generateMorningBrief (file:///C:/Users/royce/Desktop/nightshift-ai/orchestration/nightshift-daemon.mjs:365:13)
    at process.processTicksAndRejections (node:internal/process/task_queues:104:5)
    at async Timeout._onTimeout (file:///C:/Users/royce/Desktop/nightshift-ai/orchestration/nightshift-daemon.mjs:554:7)
[2026-04-06T22:44:05.314Z] [INFO] Test mode schedule:
[2026-04-06T22:44:05.314Z] [INFO]   Next overnight run: 6:31:30 PM (in -755s)
[2026-04-06T22:44:05.314Z] [INFO]   Next brief: 6:32:30 PM (in -695s)
[2026-04-06T22:44:06.970Z] [INFO]   ✅ Embedded 0 new messages
[2026-04-06T22:44:06.971Z] [INFO]   → Running project detection...
[2026-04-06T22:44:08.007Z] [INFO]   ✅ Detected 0 projects
[2026-04-06T22:44:08.007Z] [INFO] Refresh cycle complete in 3.4s
[2026-04-06T22:44:15.125Z] [INFO] ━━━━━━━━━━━━━━━━━━━━━━━━━━━━━━━━━━━━━━━━━━━━━━━━━━━━━━━━━━━━
[2026-04-06T22:44:15.125Z] [INFO] Starting overnight loop...
[2026-04-06T22:44:15.125Z] [INFO] ━━━━━━━━━━━━━━━━━━━━━━━━━━━━━━━━━━━━━━━━━━━━━━━━━━━━━━━━━━━━
[2026-04-06T22:44:15.125Z] [INFO]   → Fetching handoff queue...
[2026-04-06T22:44:15.157Z] [ERROR] Overnight loop failed: Failed to fetch projects
[2026-04-06T22:44:15.157Z] [ERROR] Error: Failed to fetch projects
    at runOvernightLoop (file:///C:/Users/royce/Desktop/nightshift-ai/orchestration/nightshift-daemon.mjs:241:13)
    at process.processTicksAndRejections (node:internal/process/task_queues:104:5)
    at async Timeout._onTimeout (file:///C:/Users/royce/Desktop/nightshift-ai/orchestration/nightshift-daemon.mjs:545:7)
[2026-04-06T22:44:15.212Z] [INFO] Test mode schedule:
[2026-04-06T22:44:15.212Z] [INFO]   Next overnight run: 6:31:30 PM (in -765s)
[2026-04-06T22:44:15.212Z] [INFO]   Next brief: 6:32:30 PM (in -705s)
[2026-04-06T22:44:15.213Z] [INFO] ━━━━━━━━━━━━━━━━━━━━━━━━━━━━━━━━━━━━━━━━━━━━━━━━━━━━━━━━━━━━
[2026-04-06T22:44:15.213Z] [INFO] Generating morning brief...
[2026-04-06T22:44:15.213Z] [INFO] ━━━━━━━━━━━━━━━━━━━━━━━━━━━━━━━━━━━━━━━━━━━━━━━━━━━━━━━━━━━━
[2026-04-06T22:44:15.213Z] [INFO]   → Calling /api/brief...
[2026-04-06T22:44:15.235Z] [ERROR] Morning brief generation failed: Failed to generate brief
[2026-04-06T22:44:15.235Z] [ERROR] Error: Failed to generate brief
    at generateMorningBrief (file:///C:/Users/royce/Desktop/nightshift-ai/orchestration/nightshift-daemon.mjs:365:13)
    at process.processTicksAndRejections (node:internal/process/task_queues:104:5)
    at async Timeout._onTimeout (file:///C:/Users/royce/Desktop/nightshift-ai/orchestration/nightshift-daemon.mjs:554:7)
[2026-04-06T22:44:15.289Z] [INFO] Test mode schedule:
[2026-04-06T22:44:15.289Z] [INFO]   Next overnight run: 6:31:30 PM (in -765s)
[2026-04-06T22:44:15.289Z] [INFO]   Next brief: 6:32:30 PM (in -705s)
[2026-04-06T22:44:25.130Z] [INFO] ━━━━━━━━━━━━━━━━━━━━━━━━━━━━━━━━━━━━━━━━━━━━━━━━━━━━━━━━━━━━
[2026-04-06T22:44:25.130Z] [INFO] Starting overnight loop...
[2026-04-06T22:44:25.130Z] [INFO] ━━━━━━━━━━━━━━━━━━━━━━━━━━━━━━━━━━━━━━━━━━━━━━━━━━━━━━━━━━━━
[2026-04-06T22:44:25.130Z] [INFO]   → Fetching handoff queue...
[2026-04-06T22:44:25.163Z] [ERROR] Overnight loop failed: Failed to fetch projects
[2026-04-06T22:44:25.163Z] [ERROR] Error: Failed to fetch projects
    at runOvernightLoop (file:///C:/Users/royce/Desktop/nightshift-ai/orchestration/nightshift-daemon.mjs:241:13)
    at process.processTicksAndRejections (node:internal/process/task_queues:104:5)
    at async Timeout._onTimeout (file:///C:/Users/royce/Desktop/nightshift-ai/orchestration/nightshift-daemon.mjs:545:7)
[2026-04-06T22:44:25.219Z] [INFO] Test mode schedule:
[2026-04-06T22:44:25.219Z] [INFO]   Next overnight run: 6:31:30 PM (in -775s)
[2026-04-06T22:44:25.220Z] [INFO]   Next brief: 6:32:30 PM (in -715s)
[2026-04-06T22:44:25.221Z] [INFO] ━━━━━━━━━━━━━━━━━━━━━━━━━━━━━━━━━━━━━━━━━━━━━━━━━━━━━━━━━━━━
[2026-04-06T22:44:25.221Z] [INFO] Generating morning brief...
[2026-04-06T22:44:25.221Z] [INFO] ━━━━━━━━━━━━━━━━━━━━━━━━━━━━━━━━━━━━━━━━━━━━━━━━━━━━━━━━━━━━
[2026-04-06T22:44:25.221Z] [INFO]   → Calling /api/brief...
[2026-04-06T22:44:25.241Z] [ERROR] Morning brief generation failed: Failed to generate brief
[2026-04-06T22:44:25.241Z] [ERROR] Error: Failed to generate brief
    at generateMorningBrief (file:///C:/Users/royce/Desktop/nightshift-ai/orchestration/nightshift-daemon.mjs:365:13)
    at process.processTicksAndRejections (node:internal/process/task_queues:104:5)
    at async Timeout._onTimeout (file:///C:/Users/royce/Desktop/nightshift-ai/orchestration/nightshift-daemon.mjs:554:7)
[2026-04-06T22:44:25.297Z] [INFO] Test mode schedule:
[2026-04-06T22:44:25.297Z] [INFO]   Next overnight run: 6:31:30 PM (in -775s)
[2026-04-06T22:44:25.297Z] [INFO]   Next brief: 6:32:30 PM (in -715s)
[2026-04-06T22:44:34.636Z] [INFO] Starting refresh cycle...
[2026-04-06T22:44:34.636Z] [INFO]   → Scraping Canvas for new assignments...
[2026-04-06T22:44:34.768Z] [ERROR]   ⚠️  Canvas scrape failed: Command failed: node orchestration/scrape-canvas.mjs
❌ Missing --user-id parameter
Usage: node scrape-canvas.mjs --user-id=USER_ID

[2026-04-06T22:44:34.768Z] [ERROR] Error: Command failed: node orchestration/scrape-canvas.mjs
❌ Missing --user-id parameter
Usage: node scrape-canvas.mjs --user-id=USER_ID

    at genericNodeError (node:internal/errors:985:15)
    at wrappedFn (node:internal/errors:539:14)
    at ChildProcess.exithandler (node:child_process:417:12)
    at ChildProcess.emit (node:events:508:28)
    at maybeClose (node:internal/child_process:1100:16)
    at ChildProcess._handle.onexit (node:internal/child_process:305:5)
[2026-04-06T22:44:34.769Z] [INFO]   → Embedding new messages...
[2026-04-06T22:44:35.134Z] [INFO] ━━━━━━━━━━━━━━━━━━━━━━━━━━━━━━━━━━━━━━━━━━━━━━━━━━━━━━━━━━━━
[2026-04-06T22:44:35.135Z] [INFO] Starting overnight loop...
[2026-04-06T22:44:35.135Z] [INFO] ━━━━━━━━━━━━━━━━━━━━━━━━━━━━━━━━━━━━━━━━━━━━━━━━━━━━━━━━━━━━
[2026-04-06T22:44:35.135Z] [INFO]   → Fetching handoff queue...
[2026-04-06T22:44:35.152Z] [ERROR] Overnight loop failed: Failed to fetch projects
[2026-04-06T22:44:35.152Z] [ERROR] Error: Failed to fetch projects
    at runOvernightLoop (file:///C:/Users/royce/Desktop/nightshift-ai/orchestration/nightshift-daemon.mjs:241:13)
    at process.processTicksAndRejections (node:internal/process/task_queues:104:5)
    at async Timeout._onTimeout (file:///C:/Users/royce/Desktop/nightshift-ai/orchestration/nightshift-daemon.mjs:545:7)
[2026-04-06T22:44:35.211Z] [INFO] Test mode schedule:
[2026-04-06T22:44:35.211Z] [INFO]   Next overnight run: 6:31:30 PM (in -785s)
[2026-04-06T22:44:35.211Z] [INFO]   Next brief: 6:32:30 PM (in -725s)
[2026-04-06T22:44:35.212Z] [INFO] ━━━━━━━━━━━━━━━━━━━━━━━━━━━━━━━━━━━━━━━━━━━━━━━━━━━━━━━━━━━━
[2026-04-06T22:44:35.212Z] [INFO] Generating morning brief...
[2026-04-06T22:44:35.213Z] [INFO] ━━━━━━━━━━━━━━━━━━━━━━━━━━━━━━━━━━━━━━━━━━━━━━━━━━━━━━━━━━━━
[2026-04-06T22:44:35.213Z] [INFO]   → Calling /api/brief...
[2026-04-06T22:44:35.244Z] [ERROR] Morning brief generation failed: Failed to generate brief
[2026-04-06T22:44:35.245Z] [ERROR] Error: Failed to generate brief
    at generateMorningBrief (file:///C:/Users/royce/Desktop/nightshift-ai/orchestration/nightshift-daemon.mjs:365:13)
    at process.processTicksAndRejections (node:internal/process/task_queues:104:5)
    at async Timeout._onTimeout (file:///C:/Users/royce/Desktop/nightshift-ai/orchestration/nightshift-daemon.mjs:554:7)
[2026-04-06T22:44:35.300Z] [INFO] Test mode schedule:
[2026-04-06T22:44:35.300Z] [INFO]   Next overnight run: 6:31:30 PM (in -785s)
[2026-04-06T22:44:35.300Z] [INFO]   Next brief: 6:32:30 PM (in -725s)
[2026-04-06T22:44:36.887Z] [INFO]   ✅ Embedded 0 new messages
[2026-04-06T22:44:36.888Z] [INFO]   → Running project detection...
[2026-04-06T22:44:37.917Z] [INFO]   ✅ Detected 0 projects
[2026-04-06T22:44:37.917Z] [INFO] Refresh cycle complete in 3.3s
[2026-04-06T22:44:45.137Z] [INFO] ━━━━━━━━━━━━━━━━━━━━━━━━━━━━━━━━━━━━━━━━━━━━━━━━━━━━━━━━━━━━
[2026-04-06T22:44:45.137Z] [INFO] Starting overnight loop...
[2026-04-06T22:44:45.137Z] [INFO] ━━━━━━━━━━━━━━━━━━━━━━━━━━━━━━━━━━━━━━━━━━━━━━━━━━━━━━━━━━━━
[2026-04-06T22:44:45.137Z] [INFO]   → Fetching handoff queue...
[2026-04-06T22:44:45.162Z] [ERROR] Overnight loop failed: Failed to fetch projects
[2026-04-06T22:44:45.162Z] [ERROR] Error: Failed to fetch projects
    at runOvernightLoop (file:///C:/Users/royce/Desktop/nightshift-ai/orchestration/nightshift-daemon.mjs:241:13)
    at process.processTicksAndRejections (node:internal/process/task_queues:104:5)
    at async Timeout._onTimeout (file:///C:/Users/royce/Desktop/nightshift-ai/orchestration/nightshift-daemon.mjs:545:7)
[2026-04-06T22:44:45.226Z] [INFO] Test mode schedule:
[2026-04-06T22:44:45.226Z] [INFO]   Next overnight run: 6:31:30 PM (in -795s)
[2026-04-06T22:44:45.226Z] [INFO]   Next brief: 6:32:30 PM (in -735s)
[2026-04-06T22:44:45.227Z] [INFO] ━━━━━━━━━━━━━━━━━━━━━━━━━━━━━━━━━━━━━━━━━━━━━━━━━━━━━━━━━━━━
[2026-04-06T22:44:45.227Z] [INFO] Generating morning brief...
[2026-04-06T22:44:45.227Z] [INFO] ━━━━━━━━━━━━━━━━━━━━━━━━━━━━━━━━━━━━━━━━━━━━━━━━━━━━━━━━━━━━
[2026-04-06T22:44:45.227Z] [INFO]   → Calling /api/brief...
[2026-04-06T22:44:45.240Z] [ERROR] Morning brief generation failed: Failed to generate brief
[2026-04-06T22:44:45.240Z] [ERROR] Error: Failed to generate brief
    at generateMorningBrief (file:///C:/Users/royce/Desktop/nightshift-ai/orchestration/nightshift-daemon.mjs:365:13)
    at process.processTicksAndRejections (node:internal/process/task_queues:104:5)
    at async Timeout._onTimeout (file:///C:/Users/royce/Desktop/nightshift-ai/orchestration/nightshift-daemon.mjs:554:7)
[2026-04-06T22:44:45.303Z] [INFO] Test mode schedule:
[2026-04-06T22:44:45.303Z] [INFO]   Next overnight run: 6:31:30 PM (in -795s)
[2026-04-06T22:44:45.303Z] [INFO]   Next brief: 6:32:30 PM (in -735s)
[2026-04-06T22:44:55.150Z] [INFO] ━━━━━━━━━━━━━━━━━━━━━━━━━━━━━━━━━━━━━━━━━━━━━━━━━━━━━━━━━━━━
[2026-04-06T22:44:55.151Z] [INFO] Starting overnight loop...
[2026-04-06T22:44:55.151Z] [INFO] ━━━━━━━━━━━━━━━━━━━━━━━━━━━━━━━━━━━━━━━━━━━━━━━━━━━━━━━━━━━━
[2026-04-06T22:44:55.151Z] [INFO]   → Fetching handoff queue...
[2026-04-06T22:44:55.183Z] [ERROR] Overnight loop failed: Failed to fetch projects
[2026-04-06T22:44:55.183Z] [ERROR] Error: Failed to fetch projects
    at runOvernightLoop (file:///C:/Users/royce/Desktop/nightshift-ai/orchestration/nightshift-daemon.mjs:241:13)
    at process.processTicksAndRejections (node:internal/process/task_queues:104:5)
    at async Timeout._onTimeout (file:///C:/Users/royce/Desktop/nightshift-ai/orchestration/nightshift-daemon.mjs:545:7)
[2026-04-06T22:44:55.238Z] [INFO] Test mode schedule:
[2026-04-06T22:44:55.238Z] [INFO]   Next overnight run: 6:31:30 PM (in -805s)
[2026-04-06T22:44:55.238Z] [INFO]   Next brief: 6:32:30 PM (in -745s)
[2026-04-06T22:44:55.239Z] [INFO] ━━━━━━━━━━━━━━━━━━━━━━━━━━━━━━━━━━━━━━━━━━━━━━━━━━━━━━━━━━━━
[2026-04-06T22:44:55.239Z] [INFO] Generating morning brief...
[2026-04-06T22:44:55.239Z] [INFO] ━━━━━━━━━━━━━━━━━━━━━━━━━━━━━━━━━━━━━━━━━━━━━━━━━━━━━━━━━━━━
[2026-04-06T22:44:55.240Z] [INFO]   → Calling /api/brief...
[2026-04-06T22:44:55.255Z] [ERROR] Morning brief generation failed: Failed to generate brief
[2026-04-06T22:44:55.255Z] [ERROR] Error: Failed to generate brief
    at generateMorningBrief (file:///C:/Users/royce/Desktop/nightshift-ai/orchestration/nightshift-daemon.mjs:365:13)
    at process.processTicksAndRejections (node:internal/process/task_queues:104:5)
    at async Timeout._onTimeout (file:///C:/Users/royce/Desktop/nightshift-ai/orchestration/nightshift-daemon.mjs:554:7)
[2026-04-06T22:44:55.318Z] [INFO] Test mode schedule:
[2026-04-06T22:44:55.318Z] [INFO]   Next overnight run: 6:31:30 PM (in -805s)
[2026-04-06T22:44:55.318Z] [INFO]   Next brief: 6:32:30 PM (in -745s)
[2026-04-06T22:45:04.651Z] [INFO] Starting refresh cycle...
[2026-04-06T22:45:04.651Z] [INFO]   → Scraping Canvas for new assignments...
[2026-04-06T22:45:04.783Z] [ERROR]   ⚠️  Canvas scrape failed: Command failed: node orchestration/scrape-canvas.mjs
❌ Missing --user-id parameter
Usage: node scrape-canvas.mjs --user-id=USER_ID

[2026-04-06T22:45:04.783Z] [ERROR] Error: Command failed: node orchestration/scrape-canvas.mjs
❌ Missing --user-id parameter
Usage: node scrape-canvas.mjs --user-id=USER_ID

    at genericNodeError (node:internal/errors:985:15)
    at wrappedFn (node:internal/errors:539:14)
    at ChildProcess.exithandler (node:child_process:417:12)
    at ChildProcess.emit (node:events:508:28)
    at maybeClose (node:internal/child_process:1100:16)
    at ChildProcess._handle.onexit (node:internal/child_process:305:5)
[2026-04-06T22:45:04.783Z] [INFO]   → Embedding new messages...
[2026-04-06T22:45:05.159Z] [INFO] ━━━━━━━━━━━━━━━━━━━━━━━━━━━━━━━━━━━━━━━━━━━━━━━━━━━━━━━━━━━━
[2026-04-06T22:45:05.159Z] [INFO] Starting overnight loop...
[2026-04-06T22:45:05.159Z] [INFO] ━━━━━━━━━━━━━━━━━━━━━━━━━━━━━━━━━━━━━━━━━━━━━━━━━━━━━━━━━━━━
[2026-04-06T22:45:05.159Z] [INFO]   → Fetching handoff queue...
[2026-04-06T22:45:05.192Z] [ERROR] Overnight loop failed: Failed to fetch projects
[2026-04-06T22:45:05.193Z] [ERROR] Error: Failed to fetch projects
    at runOvernightLoop (file:///C:/Users/royce/Desktop/nightshift-ai/orchestration/nightshift-daemon.mjs:241:13)
    at process.processTicksAndRejections (node:internal/process/task_queues:104:5)
    at async Timeout._onTimeout (file:///C:/Users/royce/Desktop/nightshift-ai/orchestration/nightshift-daemon.mjs:545:7)
[2026-04-06T22:45:05.250Z] [INFO] Test mode schedule:
[2026-04-06T22:45:05.250Z] [INFO]   Next overnight run: 6:31:30 PM (in -815s)
[2026-04-06T22:45:05.250Z] [INFO]   Next brief: 6:32:30 PM (in -755s)
[2026-04-06T22:45:05.251Z] [INFO] ━━━━━━━━━━━━━━━━━━━━━━━━━━━━━━━━━━━━━━━━━━━━━━━━━━━━━━━━━━━━
[2026-04-06T22:45:05.251Z] [INFO] Generating morning brief...
[2026-04-06T22:45:05.251Z] [INFO] ━━━━━━━━━━━━━━━━━━━━━━━━━━━━━━━━━━━━━━━━━━━━━━━━━━━━━━━━━━━━
[2026-04-06T22:45:05.252Z] [INFO]   → Calling /api/brief...
[2026-04-06T22:45:05.269Z] [ERROR] Morning brief generation failed: Failed to generate brief
[2026-04-06T22:45:05.269Z] [ERROR] Error: Failed to generate brief
    at generateMorningBrief (file:///C:/Users/royce/Desktop/nightshift-ai/orchestration/nightshift-daemon.mjs:365:13)
    at process.processTicksAndRejections (node:internal/process/task_queues:104:5)
    at async Timeout._onTimeout (file:///C:/Users/royce/Desktop/nightshift-ai/orchestration/nightshift-daemon.mjs:554:7)
[2026-04-06T22:45:05.326Z] [INFO] Test mode schedule:
[2026-04-06T22:45:05.326Z] [INFO]   Next overnight run: 6:31:30 PM (in -815s)
[2026-04-06T22:45:05.326Z] [INFO]   Next brief: 6:32:30 PM (in -755s)
[2026-04-06T22:45:06.945Z] [INFO]   ✅ Embedded 0 new messages
[2026-04-06T22:45:06.945Z] [INFO]   → Running project detection...
[2026-04-06T22:45:08.047Z] [INFO]   ✅ Detected 0 projects
[2026-04-06T22:45:08.048Z] [INFO] Refresh cycle complete in 3.4s
[2026-04-06T22:45:15.174Z] [INFO] ━━━━━━━━━━━━━━━━━━━━━━━━━━━━━━━━━━━━━━━━━━━━━━━━━━━━━━━━━━━━
[2026-04-06T22:45:15.174Z] [INFO] Starting overnight loop...
[2026-04-06T22:45:15.174Z] [INFO] ━━━━━━━━━━━━━━━━━━━━━━━━━━━━━━━━━━━━━━━━━━━━━━━━━━━━━━━━━━━━
[2026-04-06T22:45:15.174Z] [INFO]   → Fetching handoff queue...
[2026-04-06T22:45:15.206Z] [ERROR] Overnight loop failed: Failed to fetch projects
[2026-04-06T22:45:15.206Z] [ERROR] Error: Failed to fetch projects
    at runOvernightLoop (file:///C:/Users/royce/Desktop/nightshift-ai/orchestration/nightshift-daemon.mjs:241:13)
    at process.processTicksAndRejections (node:internal/process/task_queues:104:5)
    at async Timeout._onTimeout (file:///C:/Users/royce/Desktop/nightshift-ai/orchestration/nightshift-daemon.mjs:545:7)
[2026-04-06T22:45:15.261Z] [INFO] Test mode schedule:
[2026-04-06T22:45:15.261Z] [INFO]   Next overnight run: 6:31:30 PM (in -825s)
[2026-04-06T22:45:15.262Z] [INFO]   Next brief: 6:32:30 PM (in -765s)
[2026-04-06T22:45:15.262Z] [INFO] ━━━━━━━━━━━━━━━━━━━━━━━━━━━━━━━━━━━━━━━━━━━━━━━━━━━━━━━━━━━━
[2026-04-06T22:45:15.263Z] [INFO] Generating morning brief...
[2026-04-06T22:45:15.263Z] [INFO] ━━━━━━━━━━━━━━━━━━━━━━━━━━━━━━━━━━━━━━━━━━━━━━━━━━━━━━━━━━━━
[2026-04-06T22:45:15.263Z] [INFO]   → Calling /api/brief...
[2026-04-06T22:45:15.278Z] [ERROR] Morning brief generation failed: Failed to generate brief
[2026-04-06T22:45:15.278Z] [ERROR] Error: Failed to generate brief
    at generateMorningBrief (file:///C:/Users/royce/Desktop/nightshift-ai/orchestration/nightshift-daemon.mjs:365:13)
    at process.processTicksAndRejections (node:internal/process/task_queues:104:5)
    at async Timeout._onTimeout (file:///C:/Users/royce/Desktop/nightshift-ai/orchestration/nightshift-daemon.mjs:554:7)
[2026-04-06T22:45:15.337Z] [INFO] Test mode schedule:
[2026-04-06T22:45:15.337Z] [INFO]   Next overnight run: 6:31:30 PM (in -825s)
[2026-04-06T22:45:15.337Z] [INFO]   Next brief: 6:32:30 PM (in -765s)
[2026-04-06T22:45:25.174Z] [INFO] ━━━━━━━━━━━━━━━━━━━━━━━━━━━━━━━━━━━━━━━━━━━━━━━━━━━━━━━━━━━━
[2026-04-06T22:45:25.174Z] [INFO] Starting overnight loop...
[2026-04-06T22:45:25.174Z] [INFO] ━━━━━━━━━━━━━━━━━━━━━━━━━━━━━━━━━━━━━━━━━━━━━━━━━━━━━━━━━━━━
[2026-04-06T22:45:25.174Z] [INFO]   → Fetching handoff queue...
[2026-04-06T22:45:25.207Z] [ERROR] Overnight loop failed: Failed to fetch projects
[2026-04-06T22:45:25.207Z] [ERROR] Error: Failed to fetch projects
    at runOvernightLoop (file:///C:/Users/royce/Desktop/nightshift-ai/orchestration/nightshift-daemon.mjs:241:13)
    at process.processTicksAndRejections (node:internal/process/task_queues:104:5)
    at async Timeout._onTimeout (file:///C:/Users/royce/Desktop/nightshift-ai/orchestration/nightshift-daemon.mjs:545:7)
[2026-04-06T22:45:25.264Z] [INFO] Test mode schedule:
[2026-04-06T22:45:25.265Z] [INFO]   Next overnight run: 6:31:30 PM (in -835s)
[2026-04-06T22:45:25.265Z] [INFO]   Next brief: 6:32:30 PM (in -775s)
[2026-04-06T22:45:25.266Z] [INFO] ━━━━━━━━━━━━━━━━━━━━━━━━━━━━━━━━━━━━━━━━━━━━━━━━━━━━━━━━━━━━
[2026-04-06T22:45:25.266Z] [INFO] Generating morning brief...
[2026-04-06T22:45:25.266Z] [INFO] ━━━━━━━━━━━━━━━━━━━━━━━━━━━━━━━━━━━━━━━━━━━━━━━━━━━━━━━━━━━━
[2026-04-06T22:45:25.266Z] [INFO]   → Calling /api/brief...
[2026-04-06T22:45:25.285Z] [ERROR] Morning brief generation failed: Failed to generate brief
[2026-04-06T22:45:25.285Z] [ERROR] Error: Failed to generate brief
    at generateMorningBrief (file:///C:/Users/royce/Desktop/nightshift-ai/orchestration/nightshift-daemon.mjs:365:13)
    at process.processTicksAndRejections (node:internal/process/task_queues:104:5)
    at async Timeout._onTimeout (file:///C:/Users/royce/Desktop/nightshift-ai/orchestration/nightshift-daemon.mjs:554:7)
[2026-04-06T22:45:25.342Z] [INFO] Test mode schedule:
[2026-04-06T22:45:25.342Z] [INFO]   Next overnight run: 6:31:30 PM (in -835s)
[2026-04-06T22:45:25.342Z] [INFO]   Next brief: 6:32:30 PM (in -775s)
[2026-04-06T22:45:34.665Z] [INFO] Starting refresh cycle...
[2026-04-06T22:45:34.666Z] [INFO]   → Scraping Canvas for new assignments...
[2026-04-06T22:45:34.785Z] [ERROR]   ⚠️  Canvas scrape failed: Command failed: node orchestration/scrape-canvas.mjs
❌ Missing --user-id parameter
Usage: node scrape-canvas.mjs --user-id=USER_ID

[2026-04-06T22:45:34.785Z] [ERROR] Error: Command failed: node orchestration/scrape-canvas.mjs
❌ Missing --user-id parameter
Usage: node scrape-canvas.mjs --user-id=USER_ID

    at genericNodeError (node:internal/errors:985:15)
    at wrappedFn (node:internal/errors:539:14)
    at ChildProcess.exithandler (node:child_process:417:12)
    at ChildProcess.emit (node:events:508:28)
    at maybeClose (node:internal/child_process:1100:16)
    at ChildProcess._handle.onexit (node:internal/child_process:305:5)
[2026-04-06T22:45:34.785Z] [INFO]   → Embedding new messages...
[2026-04-06T22:45:35.179Z] [INFO] ━━━━━━━━━━━━━━━━━━━━━━━━━━━━━━━━━━━━━━━━━━━━━━━━━━━━━━━━━━━━
[2026-04-06T22:45:35.179Z] [INFO] Starting overnight loop...
[2026-04-06T22:45:35.179Z] [INFO] ━━━━━━━━━━━━━━━━━━━━━━━━━━━━━━━━━━━━━━━━━━━━━━━━━━━━━━━━━━━━
[2026-04-06T22:45:35.179Z] [INFO]   → Fetching handoff queue...
[2026-04-06T22:45:35.211Z] [ERROR] Overnight loop failed: Failed to fetch projects
[2026-04-06T22:45:35.212Z] [ERROR] Error: Failed to fetch projects
    at runOvernightLoop (file:///C:/Users/royce/Desktop/nightshift-ai/orchestration/nightshift-daemon.mjs:241:13)
    at process.processTicksAndRejections (node:internal/process/task_queues:104:5)
    at async Timeout._onTimeout (file:///C:/Users/royce/Desktop/nightshift-ai/orchestration/nightshift-daemon.mjs:545:7)
[2026-04-06T22:45:35.269Z] [INFO] Test mode schedule:
[2026-04-06T22:45:35.270Z] [INFO]   Next overnight run: 6:31:30 PM (in -845s)
[2026-04-06T22:45:35.270Z] [INFO]   Next brief: 6:32:30 PM (in -785s)
[2026-04-06T22:45:35.271Z] [INFO] ━━━━━━━━━━━━━━━━━━━━━━━━━━━━━━━━━━━━━━━━━━━━━━━━━━━━━━━━━━━━
[2026-04-06T22:45:35.271Z] [INFO] Generating morning brief...
[2026-04-06T22:45:35.271Z] [INFO] ━━━━━━━━━━━━━━━━━━━━━━━━━━━━━━━━━━━━━━━━━━━━━━━━━━━━━━━━━━━━
[2026-04-06T22:45:35.271Z] [INFO]   → Calling /api/brief...
[2026-04-06T22:45:35.288Z] [ERROR] Morning brief generation failed: Failed to generate brief
[2026-04-06T22:45:35.288Z] [ERROR] Error: Failed to generate brief
    at generateMorningBrief (file:///C:/Users/royce/Desktop/nightshift-ai/orchestration/nightshift-daemon.mjs:365:13)
    at process.processTicksAndRejections (node:internal/process/task_queues:104:5)
    at async Timeout._onTimeout (file:///C:/Users/royce/Desktop/nightshift-ai/orchestration/nightshift-daemon.mjs:554:7)
[2026-04-06T22:45:35.351Z] [INFO] Test mode schedule:
[2026-04-06T22:45:35.351Z] [INFO]   Next overnight run: 6:31:30 PM (in -845s)
[2026-04-06T22:45:35.351Z] [INFO]   Next brief: 6:32:30 PM (in -785s)
[2026-04-06T22:45:37.072Z] [INFO]   ✅ Embedded 0 new messages
[2026-04-06T22:45:37.072Z] [INFO]   → Running project detection...
[2026-04-06T22:45:38.095Z] [INFO]   ✅ Detected 0 projects
[2026-04-06T22:45:38.096Z] [INFO] Refresh cycle complete in 3.4s
[2026-04-06T22:45:45.184Z] [INFO] ━━━━━━━━━━━━━━━━━━━━━━━━━━━━━━━━━━━━━━━━━━━━━━━━━━━━━━━━━━━━
[2026-04-06T22:45:45.185Z] [INFO] Starting overnight loop...
[2026-04-06T22:45:45.185Z] [INFO] ━━━━━━━━━━━━━━━━━━━━━━━━━━━━━━━━━━━━━━━━━━━━━━━━━━━━━━━━━━━━
[2026-04-06T22:45:45.185Z] [INFO]   → Fetching handoff queue...
[2026-04-06T22:45:45.217Z] [ERROR] Overnight loop failed: Failed to fetch projects
[2026-04-06T22:45:45.217Z] [ERROR] Error: Failed to fetch projects
    at runOvernightLoop (file:///C:/Users/royce/Desktop/nightshift-ai/orchestration/nightshift-daemon.mjs:241:13)
    at process.processTicksAndRejections (node:internal/process/task_queues:104:5)
    at async Timeout._onTimeout (file:///C:/Users/royce/Desktop/nightshift-ai/orchestration/nightshift-daemon.mjs:545:7)
[2026-04-06T22:45:45.276Z] [INFO] Test mode schedule:
[2026-04-06T22:45:45.276Z] [INFO]   Next overnight run: 6:31:30 PM (in -855s)
[2026-04-06T22:45:45.276Z] [INFO]   Next brief: 6:32:30 PM (in -795s)
[2026-04-06T22:45:45.277Z] [INFO] ━━━━━━━━━━━━━━━━━━━━━━━━━━━━━━━━━━━━━━━━━━━━━━━━━━━━━━━━━━━━
[2026-04-06T22:45:45.277Z] [INFO] Generating morning brief...
[2026-04-06T22:45:45.278Z] [INFO] ━━━━━━━━━━━━━━━━━━━━━━━━━━━━━━━━━━━━━━━━━━━━━━━━━━━━━━━━━━━━
[2026-04-06T22:45:45.278Z] [INFO]   → Calling /api/brief...
[2026-04-06T22:45:45.294Z] [ERROR] Morning brief generation failed: Failed to generate brief
[2026-04-06T22:45:45.295Z] [ERROR] Error: Failed to generate brief
    at generateMorningBrief (file:///C:/Users/royce/Desktop/nightshift-ai/orchestration/nightshift-daemon.mjs:365:13)
    at process.processTicksAndRejections (node:internal/process/task_queues:104:5)
    at async Timeout._onTimeout (file:///C:/Users/royce/Desktop/nightshift-ai/orchestration/nightshift-daemon.mjs:554:7)
[2026-04-06T22:45:45.350Z] [INFO] Test mode schedule:
[2026-04-06T22:45:45.350Z] [INFO]   Next overnight run: 6:31:30 PM (in -855s)
[2026-04-06T22:45:45.350Z] [INFO]   Next brief: 6:32:30 PM (in -795s)
[2026-04-06T22:45:55.198Z] [INFO] ━━━━━━━━━━━━━━━━━━━━━━━━━━━━━━━━━━━━━━━━━━━━━━━━━━━━━━━━━━━━
[2026-04-06T22:45:55.198Z] [INFO] Starting overnight loop...
[2026-04-06T22:45:55.199Z] [INFO] ━━━━━━━━━━━━━━━━━━━━━━━━━━━━━━━━━━━━━━━━━━━━━━━━━━━━━━━━━━━━
[2026-04-06T22:45:55.199Z] [INFO]   → Fetching handoff queue...
[2026-04-06T22:45:55.230Z] [ERROR] Overnight loop failed: Failed to fetch projects
[2026-04-06T22:45:55.231Z] [ERROR] Error: Failed to fetch projects
    at runOvernightLoop (file:///C:/Users/royce/Desktop/nightshift-ai/orchestration/nightshift-daemon.mjs:241:13)
    at process.processTicksAndRejections (node:internal/process/task_queues:104:5)
    at async Timeout._onTimeout (file:///C:/Users/royce/Desktop/nightshift-ai/orchestration/nightshift-daemon.mjs:545:7)
[2026-04-06T22:45:55.286Z] [INFO] Test mode schedule:
[2026-04-06T22:45:55.286Z] [INFO]   Next overnight run: 6:31:30 PM (in -865s)
[2026-04-06T22:45:55.286Z] [INFO]   Next brief: 6:32:30 PM (in -805s)
[2026-04-06T22:45:55.287Z] [INFO] ━━━━━━━━━━━━━━━━━━━━━━━━━━━━━━━━━━━━━━━━━━━━━━━━━━━━━━━━━━━━
[2026-04-06T22:45:55.287Z] [INFO] Generating morning brief...
[2026-04-06T22:45:55.287Z] [INFO] ━━━━━━━━━━━━━━━━━━━━━━━━━━━━━━━━━━━━━━━━━━━━━━━━━━━━━━━━━━━━
[2026-04-06T22:45:55.287Z] [INFO]   → Calling /api/brief...
[2026-04-06T22:45:55.302Z] [ERROR] Morning brief generation failed: Failed to generate brief
[2026-04-06T22:45:55.303Z] [ERROR] Error: Failed to generate brief
    at generateMorningBrief (file:///C:/Users/royce/Desktop/nightshift-ai/orchestration/nightshift-daemon.mjs:365:13)
    at process.processTicksAndRejections (node:internal/process/task_queues:104:5)
    at async Timeout._onTimeout (file:///C:/Users/royce/Desktop/nightshift-ai/orchestration/nightshift-daemon.mjs:554:7)
[2026-04-06T22:45:55.363Z] [INFO] Test mode schedule:
[2026-04-06T22:45:55.363Z] [INFO]   Next overnight run: 6:31:30 PM (in -865s)
[2026-04-06T22:45:55.363Z] [INFO]   Next brief: 6:32:30 PM (in -805s)
[2026-04-06T22:46:04.671Z] [INFO] Starting refresh cycle...
[2026-04-06T22:46:04.671Z] [INFO]   → Scraping Canvas for new assignments...
[2026-04-06T22:46:04.791Z] [ERROR]   ⚠️  Canvas scrape failed: Command failed: node orchestration/scrape-canvas.mjs
❌ Missing --user-id parameter
Usage: node scrape-canvas.mjs --user-id=USER_ID

[2026-04-06T22:46:04.792Z] [ERROR] Error: Command failed: node orchestration/scrape-canvas.mjs
❌ Missing --user-id parameter
Usage: node scrape-canvas.mjs --user-id=USER_ID

    at genericNodeError (node:internal/errors:985:15)
    at wrappedFn (node:internal/errors:539:14)
    at ChildProcess.exithandler (node:child_process:417:12)
    at ChildProcess.emit (node:events:508:28)
    at maybeClose (node:internal/child_process:1100:16)
    at ChildProcess._handle.onexit (node:internal/child_process:305:5)
[2026-04-06T22:46:04.792Z] [INFO]   → Embedding new messages...
[2026-04-06T22:46:05.201Z] [INFO] ━━━━━━━━━━━━━━━━━━━━━━━━━━━━━━━━━━━━━━━━━━━━━━━━━━━━━━━━━━━━
[2026-04-06T22:46:05.201Z] [INFO] Starting overnight loop...
[2026-04-06T22:46:05.201Z] [INFO] ━━━━━━━━━━━━━━━━━━━━━━━━━━━━━━━━━━━━━━━━━━━━━━━━━━━━━━━━━━━━
[2026-04-06T22:46:05.201Z] [INFO]   → Fetching handoff queue...
[2026-04-06T22:46:05.233Z] [ERROR] Overnight loop failed: Failed to fetch projects
[2026-04-06T22:46:05.234Z] [ERROR] Error: Failed to fetch projects
    at runOvernightLoop (file:///C:/Users/royce/Desktop/nightshift-ai/orchestration/nightshift-daemon.mjs:241:13)
    at process.processTicksAndRejections (node:internal/process/task_queues:104:5)
    at async Timeout._onTimeout (file:///C:/Users/royce/Desktop/nightshift-ai/orchestration/nightshift-daemon.mjs:545:7)
[2026-04-06T22:46:05.295Z] [INFO] Test mode schedule:
[2026-04-06T22:46:05.295Z] [INFO]   Next overnight run: 6:31:30 PM (in -875s)
[2026-04-06T22:46:05.295Z] [INFO]   Next brief: 6:32:30 PM (in -815s)
[2026-04-06T22:46:05.296Z] [INFO] ━━━━━━━━━━━━━━━━━━━━━━━━━━━━━━━━━━━━━━━━━━━━━━━━━━━━━━━━━━━━
[2026-04-06T22:46:05.296Z] [INFO] Generating morning brief...
[2026-04-06T22:46:05.296Z] [INFO] ━━━━━━━━━━━━━━━━━━━━━━━━━━━━━━━━━━━━━━━━━━━━━━━━━━━━━━━━━━━━
[2026-04-06T22:46:05.296Z] [INFO]   → Calling /api/brief...
[2026-04-06T22:46:05.313Z] [ERROR] Morning brief generation failed: Failed to generate brief
[2026-04-06T22:46:05.313Z] [ERROR] Error: Failed to generate brief
    at generateMorningBrief (file:///C:/Users/royce/Desktop/nightshift-ai/orchestration/nightshift-daemon.mjs:365:13)
    at process.processTicksAndRejections (node:internal/process/task_queues:104:5)
    at async Timeout._onTimeout (file:///C:/Users/royce/Desktop/nightshift-ai/orchestration/nightshift-daemon.mjs:554:7)
[2026-04-06T22:46:05.371Z] [INFO] Test mode schedule:
[2026-04-06T22:46:05.371Z] [INFO]   Next overnight run: 6:31:30 PM (in -875s)
[2026-04-06T22:46:05.371Z] [INFO]   Next brief: 6:32:30 PM (in -815s)
[2026-04-06T22:46:06.946Z] [INFO]   ✅ Embedded 0 new messages
[2026-04-06T22:46:06.946Z] [INFO]   → Running project detection...
[2026-04-06T22:46:07.985Z] [INFO]   ✅ Detected 0 projects
[2026-04-06T22:46:07.986Z] [INFO] Refresh cycle complete in 3.3s
[2026-04-06T22:46:15.207Z] [INFO] ━━━━━━━━━━━━━━━━━━━━━━━━━━━━━━━━━━━━━━━━━━━━━━━━━━━━━━━━━━━━
[2026-04-06T22:46:15.207Z] [INFO] Starting overnight loop...
[2026-04-06T22:46:15.207Z] [INFO] ━━━━━━━━━━━━━━━━━━━━━━━━━━━━━━━━━━━━━━━━━━━━━━━━━━━━━━━━━━━━
[2026-04-06T22:46:15.207Z] [INFO]   → Fetching handoff queue...
[2026-04-06T22:46:15.232Z] [ERROR] Overnight loop failed: Failed to fetch projects
[2026-04-06T22:46:15.232Z] [ERROR] Error: Failed to fetch projects
    at runOvernightLoop (file:///C:/Users/royce/Desktop/nightshift-ai/orchestration/nightshift-daemon.mjs:241:13)
    at process.processTicksAndRejections (node:internal/process/task_queues:104:5)
    at async Timeout._onTimeout (file:///C:/Users/royce/Desktop/nightshift-ai/orchestration/nightshift-daemon.mjs:545:7)
[2026-04-06T22:46:15.295Z] [INFO] Test mode schedule:
[2026-04-06T22:46:15.295Z] [INFO]   Next overnight run: 6:31:30 PM (in -885s)
[2026-04-06T22:46:15.295Z] [INFO]   Next brief: 6:32:30 PM (in -825s)
[2026-04-06T22:46:15.296Z] [INFO] ━━━━━━━━━━━━━━━━━━━━━━━━━━━━━━━━━━━━━━━━━━━━━━━━━━━━━━━━━━━━
[2026-04-06T22:46:15.296Z] [INFO] Generating morning brief...
[2026-04-06T22:46:15.296Z] [INFO] ━━━━━━━━━━━━━━━━━━━━━━━━━━━━━━━━━━━━━━━━━━━━━━━━━━━━━━━━━━━━
[2026-04-06T22:46:15.296Z] [INFO]   → Calling /api/brief...
[2026-04-06T22:46:15.319Z] [ERROR] Morning brief generation failed: Failed to generate brief
[2026-04-06T22:46:15.319Z] [ERROR] Error: Failed to generate brief
    at generateMorningBrief (file:///C:/Users/royce/Desktop/nightshift-ai/orchestration/nightshift-daemon.mjs:365:13)
    at process.processTicksAndRejections (node:internal/process/task_queues:104:5)
    at async Timeout._onTimeout (file:///C:/Users/royce/Desktop/nightshift-ai/orchestration/nightshift-daemon.mjs:554:7)
[2026-04-06T22:46:15.365Z] [INFO] Test mode schedule:
[2026-04-06T22:46:15.366Z] [INFO]   Next overnight run: 6:31:30 PM (in -885s)
[2026-04-06T22:46:15.366Z] [INFO]   Next brief: 6:32:30 PM (in -825s)
[2026-04-06T22:46:25.209Z] [INFO] ━━━━━━━━━━━━━━━━━━━━━━━━━━━━━━━━━━━━━━━━━━━━━━━━━━━━━━━━━━━━
[2026-04-06T22:46:25.209Z] [INFO] Starting overnight loop...
[2026-04-06T22:46:25.209Z] [INFO] ━━━━━━━━━━━━━━━━━━━━━━━━━━━━━━━━━━━━━━━━━━━━━━━━━━━━━━━━━━━━
[2026-04-06T22:46:25.209Z] [INFO]   → Fetching handoff queue...
[2026-04-06T22:46:25.240Z] [ERROR] Overnight loop failed: Failed to fetch projects
[2026-04-06T22:46:25.241Z] [ERROR] Error: Failed to fetch projects
    at runOvernightLoop (file:///C:/Users/royce/Desktop/nightshift-ai/orchestration/nightshift-daemon.mjs:241:13)
    at process.processTicksAndRejections (node:internal/process/task_queues:104:5)
    at async Timeout._onTimeout (file:///C:/Users/royce/Desktop/nightshift-ai/orchestration/nightshift-daemon.mjs:545:7)
[2026-04-06T22:46:25.302Z] [INFO] Test mode schedule:
[2026-04-06T22:46:25.302Z] [INFO]   Next overnight run: 6:31:30 PM (in -895s)
[2026-04-06T22:46:25.302Z] [INFO]   Next brief: 6:32:30 PM (in -835s)
[2026-04-06T22:46:25.303Z] [INFO] ━━━━━━━━━━━━━━━━━━━━━━━━━━━━━━━━━━━━━━━━━━━━━━━━━━━━━━━━━━━━
[2026-04-06T22:46:25.304Z] [INFO] Generating morning brief...
[2026-04-06T22:46:25.304Z] [INFO] ━━━━━━━━━━━━━━━━━━━━━━━━━━━━━━━━━━━━━━━━━━━━━━━━━━━━━━━━━━━━
[2026-04-06T22:46:25.304Z] [INFO]   → Calling /api/brief...
[2026-04-06T22:46:25.322Z] [ERROR] Morning brief generation failed: Failed to generate brief
[2026-04-06T22:46:25.322Z] [ERROR] Error: Failed to generate brief
    at generateMorningBrief (file:///C:/Users/royce/Desktop/nightshift-ai/orchestration/nightshift-daemon.mjs:365:13)
    at process.processTicksAndRejections (node:internal/process/task_queues:104:5)
    at async Timeout._onTimeout (file:///C:/Users/royce/Desktop/nightshift-ai/orchestration/nightshift-daemon.mjs:554:7)
[2026-04-06T22:46:25.383Z] [INFO] Test mode schedule:
[2026-04-06T22:46:25.383Z] [INFO]   Next overnight run: 6:31:30 PM (in -895s)
[2026-04-06T22:46:25.383Z] [INFO]   Next brief: 6:32:30 PM (in -835s)
[2026-04-06T22:46:34.677Z] [INFO] Starting refresh cycle...
[2026-04-06T22:46:34.677Z] [INFO]   → Scraping Canvas for new assignments...
[2026-04-06T22:46:34.799Z] [ERROR]   ⚠️  Canvas scrape failed: Command failed: node orchestration/scrape-canvas.mjs
❌ Missing --user-id parameter
Usage: node scrape-canvas.mjs --user-id=USER_ID

[2026-04-06T22:46:34.800Z] [ERROR] Error: Command failed: node orchestration/scrape-canvas.mjs
❌ Missing --user-id parameter
Usage: node scrape-canvas.mjs --user-id=USER_ID

    at genericNodeError (node:internal/errors:985:15)
    at wrappedFn (node:internal/errors:539:14)
    at ChildProcess.exithandler (node:child_process:417:12)
    at ChildProcess.emit (node:events:508:28)
    at maybeClose (node:internal/child_process:1100:16)
    at ChildProcess._handle.onexit (node:internal/child_process:305:5)
[2026-04-06T22:46:34.800Z] [INFO]   → Embedding new messages...
[2026-04-06T22:46:35.209Z] [INFO] ━━━━━━━━━━━━━━━━━━━━━━━━━━━━━━━━━━━━━━━━━━━━━━━━━━━━━━━━━━━━
[2026-04-06T22:46:35.209Z] [INFO] Starting overnight loop...
[2026-04-06T22:46:35.209Z] [INFO] ━━━━━━━━━━━━━━━━━━━━━━━━━━━━━━━━━━━━━━━━━━━━━━━━━━━━━━━━━━━━
[2026-04-06T22:46:35.209Z] [INFO]   → Fetching handoff queue...
[2026-04-06T22:46:35.242Z] [ERROR] Overnight loop failed: Failed to fetch projects
[2026-04-06T22:46:35.242Z] [ERROR] Error: Failed to fetch projects
    at runOvernightLoop (file:///C:/Users/royce/Desktop/nightshift-ai/orchestration/nightshift-daemon.mjs:241:13)
    at process.processTicksAndRejections (node:internal/process/task_queues:104:5)
    at async Timeout._onTimeout (file:///C:/Users/royce/Desktop/nightshift-ai/orchestration/nightshift-daemon.mjs:545:7)
[2026-04-06T22:46:35.309Z] [INFO] Test mode schedule:
[2026-04-06T22:46:35.310Z] [INFO]   Next overnight run: 6:31:30 PM (in -905s)
[2026-04-06T22:46:35.310Z] [INFO]   Next brief: 6:32:30 PM (in -845s)
[2026-04-06T22:46:35.310Z] [INFO] ━━━━━━━━━━━━━━━━━━━━━━━━━━━━━━━━━━━━━━━━━━━━━━━━━━━━━━━━━━━━
[2026-04-06T22:46:35.311Z] [INFO] Generating morning brief...
[2026-04-06T22:46:35.311Z] [INFO] ━━━━━━━━━━━━━━━━━━━━━━━━━━━━━━━━━━━━━━━━━━━━━━━━━━━━━━━━━━━━
[2026-04-06T22:46:35.311Z] [INFO]   → Calling /api/brief...
[2026-04-06T22:46:35.327Z] [ERROR] Morning brief generation failed: Failed to generate brief
[2026-04-06T22:46:35.327Z] [ERROR] Error: Failed to generate brief
    at generateMorningBrief (file:///C:/Users/royce/Desktop/nightshift-ai/orchestration/nightshift-daemon.mjs:365:13)
    at process.processTicksAndRejections (node:internal/process/task_queues:104:5)
    at async Timeout._onTimeout (file:///C:/Users/royce/Desktop/nightshift-ai/orchestration/nightshift-daemon.mjs:554:7)
[2026-04-06T22:46:35.391Z] [INFO] Test mode schedule:
[2026-04-06T22:46:35.391Z] [INFO]   Next overnight run: 6:31:30 PM (in -905s)
[2026-04-06T22:46:35.391Z] [INFO]   Next brief: 6:32:30 PM (in -845s)
[2026-04-06T22:46:37.035Z] [INFO]   ✅ Embedded 0 new messages
[2026-04-06T22:46:37.035Z] [INFO]   → Running project detection...
[2026-04-06T22:46:38.063Z] [INFO]   ✅ Detected 0 projects
[2026-04-06T22:46:38.064Z] [INFO] Refresh cycle complete in 3.4s
[2026-04-06T22:46:45.221Z] [INFO] ━━━━━━━━━━━━━━━━━━━━━━━━━━━━━━━━━━━━━━━━━━━━━━━━━━━━━━━━━━━━
[2026-04-06T22:46:45.221Z] [INFO] Starting overnight loop...
[2026-04-06T22:46:45.222Z] [INFO] ━━━━━━━━━━━━━━━━━━━━━━━━━━━━━━━━━━━━━━━━━━━━━━━━━━━━━━━━━━━━
[2026-04-06T22:46:45.222Z] [INFO]   → Fetching handoff queue...
[2026-04-06T22:46:45.254Z] [ERROR] Overnight loop failed: Failed to fetch projects
[2026-04-06T22:46:45.254Z] [ERROR] Error: Failed to fetch projects
    at runOvernightLoop (file:///C:/Users/royce/Desktop/nightshift-ai/orchestration/nightshift-daemon.mjs:241:13)
    at process.processTicksAndRejections (node:internal/process/task_queues:104:5)
    at async Timeout._onTimeout (file:///C:/Users/royce/Desktop/nightshift-ai/orchestration/nightshift-daemon.mjs:545:7)
[2026-04-06T22:46:45.308Z] [INFO] Test mode schedule:
[2026-04-06T22:46:45.308Z] [INFO]   Next overnight run: 6:31:30 PM (in -915s)
[2026-04-06T22:46:45.308Z] [INFO]   Next brief: 6:32:30 PM (in -855s)
[2026-04-06T22:46:45.309Z] [INFO] ━━━━━━━━━━━━━━━━━━━━━━━━━━━━━━━━━━━━━━━━━━━━━━━━━━━━━━━━━━━━
[2026-04-06T22:46:45.309Z] [INFO] Generating morning brief...
[2026-04-06T22:46:45.309Z] [INFO] ━━━━━━━━━━━━━━━━━━━━━━━━━━━━━━━━━━━━━━━━━━━━━━━━━━━━━━━━━━━━
[2026-04-06T22:46:45.309Z] [INFO]   → Calling /api/brief...
[2026-04-06T22:46:45.332Z] [ERROR] Morning brief generation failed: Failed to generate brief
[2026-04-06T22:46:45.332Z] [ERROR] Error: Failed to generate brief
    at generateMorningBrief (file:///C:/Users/royce/Desktop/nightshift-ai/orchestration/nightshift-daemon.mjs:365:13)
    at process.processTicksAndRejections (node:internal/process/task_queues:104:5)
    at async Timeout._onTimeout (file:///C:/Users/royce/Desktop/nightshift-ai/orchestration/nightshift-daemon.mjs:554:7)
[2026-04-06T22:46:45.388Z] [INFO] Test mode schedule:
[2026-04-06T22:46:45.388Z] [INFO]   Next overnight run: 6:31:30 PM (in -915s)
[2026-04-06T22:46:45.388Z] [INFO]   Next brief: 6:32:30 PM (in -855s)
[2026-04-06T22:46:55.228Z] [INFO] ━━━━━━━━━━━━━━━━━━━━━━━━━━━━━━━━━━━━━━━━━━━━━━━━━━━━━━━━━━━━
[2026-04-06T22:46:55.228Z] [INFO] Starting overnight loop...
[2026-04-06T22:46:55.228Z] [INFO] ━━━━━━━━━━━━━━━━━━━━━━━━━━━━━━━━━━━━━━━━━━━━━━━━━━━━━━━━━━━━
[2026-04-06T22:46:55.228Z] [INFO]   → Fetching handoff queue...
[2026-04-06T22:46:55.245Z] [ERROR] Overnight loop failed: Failed to fetch projects
[2026-04-06T22:46:55.245Z] [ERROR] Error: Failed to fetch projects
    at runOvernightLoop (file:///C:/Users/royce/Desktop/nightshift-ai/orchestration/nightshift-daemon.mjs:241:13)
    at process.processTicksAndRejections (node:internal/process/task_queues:104:5)
    at async Timeout._onTimeout (file:///C:/Users/royce/Desktop/nightshift-ai/orchestration/nightshift-daemon.mjs:545:7)
[2026-04-06T22:46:55.300Z] [INFO] Test mode schedule:
[2026-04-06T22:46:55.300Z] [INFO]   Next overnight run: 6:31:30 PM (in -925s)
[2026-04-06T22:46:55.300Z] [INFO]   Next brief: 6:32:30 PM (in -865s)
[2026-04-06T22:46:55.301Z] [INFO] ━━━━━━━━━━━━━━━━━━━━━━━━━━━━━━━━━━━━━━━━━━━━━━━━━━━━━━━━━━━━
[2026-04-06T22:46:55.301Z] [INFO] Generating morning brief...
[2026-04-06T22:46:55.301Z] [INFO] ━━━━━━━━━━━━━━━━━━━━━━━━━━━━━━━━━━━━━━━━━━━━━━━━━━━━━━━━━━━━
[2026-04-06T22:46:55.301Z] [INFO]   → Calling /api/brief...
[2026-04-06T22:46:55.322Z] [ERROR] Morning brief generation failed: Failed to generate brief
[2026-04-06T22:46:55.322Z] [ERROR] Error: Failed to generate brief
    at generateMorningBrief (file:///C:/Users/royce/Desktop/nightshift-ai/orchestration/nightshift-daemon.mjs:365:13)
    at process.processTicksAndRejections (node:internal/process/task_queues:104:5)
    at async Timeout._onTimeout (file:///C:/Users/royce/Desktop/nightshift-ai/orchestration/nightshift-daemon.mjs:554:7)
[2026-04-06T22:46:55.377Z] [INFO] Test mode schedule:
[2026-04-06T22:46:55.377Z] [INFO]   Next overnight run: 6:31:30 PM (in -925s)
[2026-04-06T22:46:55.377Z] [INFO]   Next brief: 6:32:30 PM (in -865s)
[2026-04-07T00:26:27.497Z] [INFO] Starting refresh cycle...
[2026-04-07T00:26:27.498Z] [INFO]   → Scraping Canvas for new assignments...
[2026-04-07T00:26:28.228Z] [ERROR]   ⚠️  Canvas scrape failed: Command failed: node orchestration/scrape-canvas.mjs
❌ Missing --user-id parameter
Usage: node scrape-canvas.mjs --user-id=USER_ID

[2026-04-07T00:26:28.229Z] [ERROR] Error: Command failed: node orchestration/scrape-canvas.mjs
❌ Missing --user-id parameter
Usage: node scrape-canvas.mjs --user-id=USER_ID

    at genericNodeError (node:internal/errors:985:15)
    at wrappedFn (node:internal/errors:539:14)
    at ChildProcess.exithandler (node:child_process:417:12)
    at ChildProcess.emit (node:events:508:28)
    at maybeClose (node:internal/child_process:1100:16)
    at ChildProcess._handle.onexit (node:internal/child_process:305:5)
[2026-04-07T00:26:28.229Z] [INFO]   → Embedding new messages...
[2026-04-07T00:26:32.124Z] [INFO]   ✅ Embedded 0 new messages
[2026-04-07T00:26:32.125Z] [INFO]   → Running project detection...
[2026-04-07T00:26:33.263Z] [INFO]   ✅ Detected 0 projects
[2026-04-07T00:26:33.264Z] [INFO] Refresh cycle complete in 5.8s
[2026-04-07T00:26:57.505Z] [INFO] Starting refresh cycle...
[2026-04-07T00:26:57.506Z] [INFO]   → Scraping Canvas for new assignments...
[2026-04-07T00:26:57.641Z] [ERROR]   ⚠️  Canvas scrape failed: Command failed: node orchestration/scrape-canvas.mjs
❌ Missing --user-id parameter
Usage: node scrape-canvas.mjs --user-id=USER_ID

[2026-04-07T00:26:57.641Z] [ERROR] Error: Command failed: node orchestration/scrape-canvas.mjs
❌ Missing --user-id parameter
Usage: node scrape-canvas.mjs --user-id=USER_ID

    at genericNodeError (node:internal/errors:985:15)
    at wrappedFn (node:internal/errors:539:14)
    at ChildProcess.exithandler (node:child_process:417:12)
    at ChildProcess.emit (node:events:508:28)
    at maybeClose (node:internal/child_process:1100:16)
    at ChildProcess._handle.onexit (node:internal/child_process:305:5)
[2026-04-07T00:26:57.641Z] [INFO]   → Embedding new messages...
[2026-04-07T00:26:59.884Z] [INFO]   ✅ Embedded 0 new messages
[2026-04-07T00:26:59.884Z] [INFO]   → Running project detection...
[2026-04-07T00:27:00.997Z] [INFO]   ✅ Detected 0 projects
[2026-04-07T00:27:00.997Z] [INFO] Refresh cycle complete in 3.5s
[2026-04-07T00:27:27.506Z] [INFO] Starting refresh cycle...
[2026-04-07T00:27:27.507Z] [INFO]   → Scraping Canvas for new assignments...
[2026-04-07T00:27:27.636Z] [ERROR]   ⚠️  Canvas scrape failed: Command failed: node orchestration/scrape-canvas.mjs
❌ Missing --user-id parameter
Usage: node scrape-canvas.mjs --user-id=USER_ID

[2026-04-07T00:27:27.636Z] [ERROR] Error: Command failed: node orchestration/scrape-canvas.mjs
❌ Missing --user-id parameter
Usage: node scrape-canvas.mjs --user-id=USER_ID

    at genericNodeError (node:internal/errors:985:15)
    at wrappedFn (node:internal/errors:539:14)
    at ChildProcess.exithandler (node:child_process:417:12)
    at ChildProcess.emit (node:events:508:28)
    at maybeClose (node:internal/child_process:1100:16)
    at ChildProcess._handle.onexit (node:internal/child_process:305:5)
[2026-04-07T00:27:27.637Z] [INFO]   → Embedding new messages...
[2026-04-07T00:27:29.712Z] [INFO]   ✅ Embedded 0 new messages
[2026-04-07T00:27:29.713Z] [INFO]   → Running project detection...
[2026-04-07T00:27:30.731Z] [INFO]   ✅ Detected 0 projects
[2026-04-07T00:27:30.731Z] [INFO] Refresh cycle complete in 3.2s
[2026-04-07T00:27:57.517Z] [INFO] Starting refresh cycle...
[2026-04-07T00:27:57.518Z] [INFO]   → Scraping Canvas for new assignments...
[2026-04-07T00:27:57.650Z] [ERROR]   ⚠️  Canvas scrape failed: Command failed: node orchestration/scrape-canvas.mjs
❌ Missing --user-id parameter
Usage: node scrape-canvas.mjs --user-id=USER_ID

[2026-04-07T00:27:57.650Z] [ERROR] Error: Command failed: node orchestration/scrape-canvas.mjs
❌ Missing --user-id parameter
Usage: node scrape-canvas.mjs --user-id=USER_ID

    at genericNodeError (node:internal/errors:985:15)
    at wrappedFn (node:internal/errors:539:14)
    at ChildProcess.exithandler (node:child_process:417:12)
    at ChildProcess.emit (node:events:508:28)
    at maybeClose (node:internal/child_process:1100:16)
    at ChildProcess._handle.onexit (node:internal/child_process:305:5)
[2026-04-07T00:27:57.651Z] [INFO]   → Embedding new messages...
[2026-04-07T00:27:59.807Z] [INFO]   ✅ Embedded 0 new messages
[2026-04-07T00:27:59.807Z] [INFO]   → Running project detection...
[2026-04-07T00:28:00.816Z] [INFO]   ✅ Detected 0 projects
[2026-04-07T00:28:00.816Z] [INFO] Refresh cycle complete in 3.3s
[2026-04-07T00:28:27.520Z] [INFO] Starting refresh cycle...
[2026-04-07T00:28:27.520Z] [INFO]   → Scraping Canvas for new assignments...
[2026-04-07T00:28:27.642Z] [ERROR]   ⚠️  Canvas scrape failed: Command failed: node orchestration/scrape-canvas.mjs
❌ Missing --user-id parameter
Usage: node scrape-canvas.mjs --user-id=USER_ID

[2026-04-07T00:28:27.642Z] [ERROR] Error: Command failed: node orchestration/scrape-canvas.mjs
❌ Missing --user-id parameter
Usage: node scrape-canvas.mjs --user-id=USER_ID

    at genericNodeError (node:internal/errors:985:15)
    at wrappedFn (node:internal/errors:539:14)
    at ChildProcess.exithandler (node:child_process:417:12)
    at ChildProcess.emit (node:events:508:28)
    at maybeClose (node:internal/child_process:1100:16)
    at ChildProcess._handle.onexit (node:internal/child_process:305:5)
[2026-04-07T00:28:27.642Z] [INFO]   → Embedding new messages...
[2026-04-07T00:28:29.687Z] [INFO]   ✅ Embedded 0 new messages
[2026-04-07T00:28:29.687Z] [INFO]   → Running project detection...
[2026-04-07T00:28:30.699Z] [INFO]   ✅ Detected 0 projects
[2026-04-07T00:28:30.699Z] [INFO] Refresh cycle complete in 3.2s
[2026-04-07T00:28:57.535Z] [INFO] Starting refresh cycle...
[2026-04-07T00:28:57.535Z] [INFO]   → Scraping Canvas for new assignments...
[2026-04-07T00:28:57.666Z] [ERROR]   ⚠️  Canvas scrape failed: Command failed: node orchestration/scrape-canvas.mjs
❌ Missing --user-id parameter
Usage: node scrape-canvas.mjs --user-id=USER_ID

[2026-04-07T00:28:57.667Z] [ERROR] Error: Command failed: node orchestration/scrape-canvas.mjs
❌ Missing --user-id parameter
Usage: node scrape-canvas.mjs --user-id=USER_ID

    at genericNodeError (node:internal/errors:985:15)
    at wrappedFn (node:internal/errors:539:14)
    at ChildProcess.exithandler (node:child_process:417:12)
    at ChildProcess.emit (node:events:508:28)
    at maybeClose (node:internal/child_process:1100:16)
    at ChildProcess._handle.onexit (node:internal/child_process:305:5)
[2026-04-07T00:28:57.667Z] [INFO]   → Embedding new messages...
[2026-04-07T00:28:59.716Z] [INFO]   ✅ Embedded 0 new messages
[2026-04-07T00:28:59.716Z] [INFO]   → Running project detection...
[2026-04-07T00:29:00.731Z] [INFO]   ✅ Detected 0 projects
[2026-04-07T00:29:00.731Z] [INFO] Refresh cycle complete in 3.2s
[2026-04-07T00:29:27.545Z] [INFO] Starting refresh cycle...
[2026-04-07T00:29:27.546Z] [INFO]   → Scraping Canvas for new assignments...
[2026-04-07T00:29:27.666Z] [ERROR]   ⚠️  Canvas scrape failed: Command failed: node orchestration/scrape-canvas.mjs
❌ Missing --user-id parameter
Usage: node scrape-canvas.mjs --user-id=USER_ID

[2026-04-07T00:29:27.666Z] [ERROR] Error: Command failed: node orchestration/scrape-canvas.mjs
❌ Missing --user-id parameter
Usage: node scrape-canvas.mjs --user-id=USER_ID

    at genericNodeError (node:internal/errors:985:15)
    at wrappedFn (node:internal/errors:539:14)
    at ChildProcess.exithandler (node:child_process:417:12)
    at ChildProcess.emit (node:events:508:28)
    at maybeClose (node:internal/child_process:1100:16)
    at ChildProcess._handle.onexit (node:internal/child_process:305:5)
[2026-04-07T00:29:27.667Z] [INFO]   → Embedding new messages...
[2026-04-07T00:29:29.668Z] [INFO]   ✅ Embedded 0 new messages
[2026-04-07T00:29:29.668Z] [INFO]   → Running project detection...
[2026-04-07T00:29:30.685Z] [INFO]   ✅ Detected 0 projects
[2026-04-07T00:29:30.685Z] [INFO] Refresh cycle complete in 3.1s
[2026-04-07T00:29:57.552Z] [INFO] Starting refresh cycle...
[2026-04-07T00:29:57.553Z] [INFO]   → Scraping Canvas for new assignments...
[2026-04-07T00:29:57.673Z] [ERROR]   ⚠️  Canvas scrape failed: Command failed: node orchestration/scrape-canvas.mjs
❌ Missing --user-id parameter
Usage: node scrape-canvas.mjs --user-id=USER_ID

[2026-04-07T00:29:57.674Z] [ERROR] Error: Command failed: node orchestration/scrape-canvas.mjs
❌ Missing --user-id parameter
Usage: node scrape-canvas.mjs --user-id=USER_ID

    at genericNodeError (node:internal/errors:985:15)
    at wrappedFn (node:internal/errors:539:14)
    at ChildProcess.exithandler (node:child_process:417:12)
    at ChildProcess.emit (node:events:508:28)
    at maybeClose (node:internal/child_process:1100:16)
    at ChildProcess._handle.onexit (node:internal/child_process:305:5)
[2026-04-07T00:29:57.674Z] [INFO]   → Embedding new messages...
[2026-04-07T00:29:59.663Z] [INFO]   ✅ Embedded 0 new messages
[2026-04-07T00:29:59.663Z] [INFO]   → Running project detection...
[2026-04-07T00:30:00.673Z] [INFO]   ✅ Detected 0 projects
[2026-04-07T00:30:00.673Z] [INFO] Refresh cycle complete in 3.1s
[2026-04-07T00:30:27.568Z] [INFO] Starting refresh cycle...
[2026-04-07T00:30:27.568Z] [INFO]   → Scraping Canvas for new assignments...
[2026-04-07T00:30:27.700Z] [ERROR]   ⚠️  Canvas scrape failed: Command failed: node orchestration/scrape-canvas.mjs
❌ Missing --user-id parameter
Usage: node scrape-canvas.mjs --user-id=USER_ID

[2026-04-07T00:30:27.700Z] [ERROR] Error: Command failed: node orchestration/scrape-canvas.mjs
❌ Missing --user-id parameter
Usage: node scrape-canvas.mjs --user-id=USER_ID

    at genericNodeError (node:internal/errors:985:15)
    at wrappedFn (node:internal/errors:539:14)
    at ChildProcess.exithandler (node:child_process:417:12)
    at ChildProcess.emit (node:events:508:28)
    at maybeClose (node:internal/child_process:1100:16)
    at ChildProcess._handle.onexit (node:internal/child_process:305:5)
[2026-04-07T00:30:27.700Z] [INFO]   → Embedding new messages...
[2026-04-07T00:30:29.816Z] [INFO]   ✅ Embedded 0 new messages
[2026-04-07T00:30:29.817Z] [INFO]   → Running project detection...
[2026-04-07T00:30:30.833Z] [INFO]   ✅ Detected 0 projects
[2026-04-07T00:30:30.834Z] [INFO] Refresh cycle complete in 3.3s
[2026-04-07T00:30:57.577Z] [INFO] Starting refresh cycle...
[2026-04-07T00:30:57.578Z] [INFO]   → Scraping Canvas for new assignments...
[2026-04-07T00:30:57.700Z] [ERROR]   ⚠️  Canvas scrape failed: Command failed: node orchestration/scrape-canvas.mjs
❌ Missing --user-id parameter
Usage: node scrape-canvas.mjs --user-id=USER_ID

[2026-04-07T00:30:57.700Z] [ERROR] Error: Command failed: node orchestration/scrape-canvas.mjs
❌ Missing --user-id parameter
Usage: node scrape-canvas.mjs --user-id=USER_ID

    at genericNodeError (node:internal/errors:985:15)
    at wrappedFn (node:internal/errors:539:14)
    at ChildProcess.exithandler (node:child_process:417:12)
    at ChildProcess.emit (node:events:508:28)
    at maybeClose (node:internal/child_process:1100:16)
    at ChildProcess._handle.onexit (node:internal/child_process:305:5)
[2026-04-07T00:30:57.700Z] [INFO]   → Embedding new messages...
[2026-04-07T00:30:59.758Z] [INFO]   ✅ Embedded 0 new messages
[2026-04-07T00:30:59.758Z] [INFO]   → Running project detection...
[2026-04-07T00:31:00.778Z] [INFO]   ✅ Detected 0 projects
[2026-04-07T00:31:00.778Z] [INFO] Refresh cycle complete in 3.2s
[2026-04-07T00:31:27.588Z] [INFO] Starting refresh cycle...
[2026-04-07T00:31:27.588Z] [INFO]   → Scraping Canvas for new assignments...
[2026-04-07T00:31:27.722Z] [ERROR]   ⚠️  Canvas scrape failed: Command failed: node orchestration/scrape-canvas.mjs
❌ Missing --user-id parameter
Usage: node scrape-canvas.mjs --user-id=USER_ID

[2026-04-07T00:31:27.722Z] [ERROR] Error: Command failed: node orchestration/scrape-canvas.mjs
❌ Missing --user-id parameter
Usage: node scrape-canvas.mjs --user-id=USER_ID

    at genericNodeError (node:internal/errors:985:15)
    at wrappedFn (node:internal/errors:539:14)
    at ChildProcess.exithandler (node:child_process:417:12)
    at ChildProcess.emit (node:events:508:28)
    at maybeClose (node:internal/child_process:1100:16)
    at ChildProcess._handle.onexit (node:internal/child_process:305:5)
[2026-04-07T00:31:27.723Z] [INFO]   → Embedding new messages...
[2026-04-07T00:31:29.744Z] [INFO]   ✅ Embedded 0 new messages
[2026-04-07T00:31:29.744Z] [INFO]   → Running project detection...
[2026-04-07T00:31:30.756Z] [INFO]   ✅ Detected 0 projects
[2026-04-07T00:31:30.757Z] [INFO] Refresh cycle complete in 3.2s
[2026-04-07T00:31:57.599Z] [INFO] Starting refresh cycle...
[2026-04-07T00:31:57.599Z] [INFO]   → Scraping Canvas for new assignments...
[2026-04-07T00:31:57.730Z] [ERROR]   ⚠️  Canvas scrape failed: Command failed: node orchestration/scrape-canvas.mjs
❌ Missing --user-id parameter
Usage: node scrape-canvas.mjs --user-id=USER_ID

[2026-04-07T00:31:57.730Z] [ERROR] Error: Command failed: node orchestration/scrape-canvas.mjs
❌ Missing --user-id parameter
Usage: node scrape-canvas.mjs --user-id=USER_ID

    at genericNodeError (node:internal/errors:985:15)
    at wrappedFn (node:internal/errors:539:14)
    at ChildProcess.exithandler (node:child_process:417:12)
    at ChildProcess.emit (node:events:508:28)
    at maybeClose (node:internal/child_process:1100:16)
    at ChildProcess._handle.onexit (node:internal/child_process:305:5)
[2026-04-07T00:31:57.730Z] [INFO]   → Embedding new messages...
[2026-04-07T00:31:59.763Z] [INFO]   ✅ Embedded 0 new messages
[2026-04-07T00:31:59.763Z] [INFO]   → Running project detection...
[2026-04-07T00:32:00.781Z] [INFO]   ✅ Detected 0 projects
[2026-04-07T00:32:00.781Z] [INFO] Refresh cycle complete in 3.2s
[2026-04-07T00:32:27.600Z] [INFO] Starting refresh cycle...
[2026-04-07T00:32:27.600Z] [INFO]   → Scraping Canvas for new assignments...
[2026-04-07T00:32:27.721Z] [ERROR]   ⚠️  Canvas scrape failed: Command failed: node orchestration/scrape-canvas.mjs
❌ Missing --user-id parameter
Usage: node scrape-canvas.mjs --user-id=USER_ID

[2026-04-07T00:32:27.722Z] [ERROR] Error: Command failed: node orchestration/scrape-canvas.mjs
❌ Missing --user-id parameter
Usage: node scrape-canvas.mjs --user-id=USER_ID

    at genericNodeError (node:internal/errors:985:15)
    at wrappedFn (node:internal/errors:539:14)
    at ChildProcess.exithandler (node:child_process:417:12)
    at ChildProcess.emit (node:events:508:28)
    at maybeClose (node:internal/child_process:1100:16)
    at ChildProcess._handle.onexit (node:internal/child_process:305:5)
[2026-04-07T00:32:27.722Z] [INFO]   → Embedding new messages...
[2026-04-07T00:32:29.766Z] [INFO]   ✅ Embedded 0 new messages
[2026-04-07T00:32:29.766Z] [INFO]   → Running project detection...
[2026-04-07T00:32:30.819Z] [INFO]   ✅ Detected 0 projects
[2026-04-07T00:32:30.819Z] [INFO] Refresh cycle complete in 3.2s
[2026-04-07T00:32:57.605Z] [INFO] Starting refresh cycle...
[2026-04-07T00:32:57.605Z] [INFO]   → Scraping Canvas for new assignments...
[2026-04-07T00:32:57.735Z] [ERROR]   ⚠️  Canvas scrape failed: Command failed: node orchestration/scrape-canvas.mjs
❌ Missing --user-id parameter
Usage: node scrape-canvas.mjs --user-id=USER_ID

[2026-04-07T00:32:57.736Z] [ERROR] Error: Command failed: node orchestration/scrape-canvas.mjs
❌ Missing --user-id parameter
Usage: node scrape-canvas.mjs --user-id=USER_ID

    at genericNodeError (node:internal/errors:985:15)
    at wrappedFn (node:internal/errors:539:14)
    at ChildProcess.exithandler (node:child_process:417:12)
    at ChildProcess.emit (node:events:508:28)
    at maybeClose (node:internal/child_process:1100:16)
    at ChildProcess._handle.onexit (node:internal/child_process:305:5)
[2026-04-07T00:32:57.736Z] [INFO]   → Embedding new messages...
[2026-04-07T00:32:59.799Z] [INFO]   ✅ Embedded 0 new messages
[2026-04-07T00:32:59.799Z] [INFO]   → Running project detection...
[2026-04-07T00:33:00.810Z] [INFO]   ✅ Detected 0 projects
[2026-04-07T00:33:00.810Z] [INFO] Refresh cycle complete in 3.2s
[2026-04-07T00:33:27.605Z] [INFO] Starting refresh cycle...
[2026-04-07T00:33:27.605Z] [INFO]   → Scraping Canvas for new assignments...
[2026-04-07T00:33:27.725Z] [ERROR]   ⚠️  Canvas scrape failed: Command failed: node orchestration/scrape-canvas.mjs
❌ Missing --user-id parameter
Usage: node scrape-canvas.mjs --user-id=USER_ID

[2026-04-07T00:33:27.725Z] [ERROR] Error: Command failed: node orchestration/scrape-canvas.mjs
❌ Missing --user-id parameter
Usage: node scrape-canvas.mjs --user-id=USER_ID

    at genericNodeError (node:internal/errors:985:15)
    at wrappedFn (node:internal/errors:539:14)
    at ChildProcess.exithandler (node:child_process:417:12)
    at ChildProcess.emit (node:events:508:28)
    at maybeClose (node:internal/child_process:1100:16)
    at ChildProcess._handle.onexit (node:internal/child_process:305:5)
[2026-04-07T00:33:27.725Z] [INFO]   → Embedding new messages...
[2026-04-07T00:33:29.830Z] [INFO]   ✅ Embedded 0 new messages
[2026-04-07T00:33:29.830Z] [INFO]   → Running project detection...
[2026-04-07T00:33:30.833Z] [INFO]   ✅ Detected 0 projects
[2026-04-07T00:33:30.834Z] [INFO] Refresh cycle complete in 3.2s
[2026-04-07T00:33:57.612Z] [INFO] Starting refresh cycle...
[2026-04-07T00:33:57.613Z] [INFO]   → Scraping Canvas for new assignments...
[2026-04-07T00:33:57.747Z] [ERROR]   ⚠️  Canvas scrape failed: Command failed: node orchestration/scrape-canvas.mjs
❌ Missing --user-id parameter
Usage: node scrape-canvas.mjs --user-id=USER_ID

[2026-04-07T00:33:57.747Z] [ERROR] Error: Command failed: node orchestration/scrape-canvas.mjs
❌ Missing --user-id parameter
Usage: node scrape-canvas.mjs --user-id=USER_ID

    at genericNodeError (node:internal/errors:985:15)
    at wrappedFn (node:internal/errors:539:14)
    at ChildProcess.exithandler (node:child_process:417:12)
    at ChildProcess.emit (node:events:508:28)
    at maybeClose (node:internal/child_process:1100:16)
    at ChildProcess._handle.onexit (node:internal/child_process:305:5)
[2026-04-07T00:33:57.747Z] [INFO]   → Embedding new messages...
[2026-04-07T00:33:59.787Z] [INFO]   ✅ Embedded 0 new messages
[2026-04-07T00:33:59.787Z] [INFO]   → Running project detection...
[2026-04-07T00:34:00.807Z] [INFO]   ✅ Detected 0 projects
[2026-04-07T00:34:00.808Z] [INFO] Refresh cycle complete in 3.2s
[2026-04-07T00:34:27.617Z] [INFO] Starting refresh cycle...
[2026-04-07T00:34:27.618Z] [INFO]   → Scraping Canvas for new assignments...
[2026-04-07T00:34:27.750Z] [ERROR]   ⚠️  Canvas scrape failed: Command failed: node orchestration/scrape-canvas.mjs
❌ Missing --user-id parameter
Usage: node scrape-canvas.mjs --user-id=USER_ID

[2026-04-07T00:34:27.750Z] [ERROR] Error: Command failed: node orchestration/scrape-canvas.mjs
❌ Missing --user-id parameter
Usage: node scrape-canvas.mjs --user-id=USER_ID

    at genericNodeError (node:internal/errors:985:15)
    at wrappedFn (node:internal/errors:539:14)
    at ChildProcess.exithandler (node:child_process:417:12)
    at ChildProcess.emit (node:events:508:28)
    at maybeClose (node:internal/child_process:1100:16)
    at ChildProcess._handle.onexit (node:internal/child_process:305:5)
[2026-04-07T00:34:27.750Z] [INFO]   → Embedding new messages...
[2026-04-07T00:34:29.801Z] [INFO]   ✅ Embedded 0 new messages
[2026-04-07T00:34:29.801Z] [INFO]   → Running project detection...
[2026-04-07T00:34:30.818Z] [INFO]   ✅ Detected 0 projects
[2026-04-07T00:34:30.818Z] [INFO] Refresh cycle complete in 3.2s
[2026-04-07T00:34:57.627Z] [INFO] Starting refresh cycle...
[2026-04-07T00:34:57.627Z] [INFO]   → Scraping Canvas for new assignments...
[2026-04-07T00:34:57.758Z] [ERROR]   ⚠️  Canvas scrape failed: Command failed: node orchestration/scrape-canvas.mjs
❌ Missing --user-id parameter
Usage: node scrape-canvas.mjs --user-id=USER_ID

[2026-04-07T00:34:57.759Z] [ERROR] Error: Command failed: node orchestration/scrape-canvas.mjs
❌ Missing --user-id parameter
Usage: node scrape-canvas.mjs --user-id=USER_ID

    at genericNodeError (node:internal/errors:985:15)
    at wrappedFn (node:internal/errors:539:14)
    at ChildProcess.exithandler (node:child_process:417:12)
    at ChildProcess.emit (node:events:508:28)
    at maybeClose (node:internal/child_process:1100:16)
    at ChildProcess._handle.onexit (node:internal/child_process:305:5)
[2026-04-07T00:34:57.759Z] [INFO]   → Embedding new messages...
[2026-04-07T00:34:59.822Z] [INFO]   ✅ Embedded 0 new messages
[2026-04-07T00:34:59.822Z] [INFO]   → Running project detection...
[2026-04-07T00:35:00.836Z] [INFO]   ✅ Detected 0 projects
[2026-04-07T00:35:00.837Z] [INFO] Refresh cycle complete in 3.2s
[2026-04-07T00:35:27.640Z] [INFO] Starting refresh cycle...
[2026-04-07T00:35:27.640Z] [INFO]   → Scraping Canvas for new assignments...
[2026-04-07T00:35:27.759Z] [ERROR]   ⚠️  Canvas scrape failed: Command failed: node orchestration/scrape-canvas.mjs
❌ Missing --user-id parameter
Usage: node scrape-canvas.mjs --user-id=USER_ID

[2026-04-07T00:35:27.759Z] [ERROR] Error: Command failed: node orchestration/scrape-canvas.mjs
❌ Missing --user-id parameter
Usage: node scrape-canvas.mjs --user-id=USER_ID

    at genericNodeError (node:internal/errors:985:15)
    at wrappedFn (node:internal/errors:539:14)
    at ChildProcess.exithandler (node:child_process:417:12)
    at ChildProcess.emit (node:events:508:28)
    at maybeClose (node:internal/child_process:1100:16)
    at ChildProcess._handle.onexit (node:internal/child_process:305:5)
[2026-04-07T00:35:27.759Z] [INFO]   → Embedding new messages...
[2026-04-07T00:35:29.864Z] [INFO]   ✅ Embedded 0 new messages
[2026-04-07T00:35:29.865Z] [INFO]   → Running project detection...
[2026-04-07T00:35:30.875Z] [INFO]   ✅ Detected 0 projects
[2026-04-07T00:35:30.876Z] [INFO] Refresh cycle complete in 3.2s
[2026-04-07T00:35:57.645Z] [INFO] Starting refresh cycle...
[2026-04-07T00:35:57.645Z] [INFO]   → Scraping Canvas for new assignments...
[2026-04-07T00:35:57.776Z] [ERROR]   ⚠️  Canvas scrape failed: Command failed: node orchestration/scrape-canvas.mjs
❌ Missing --user-id parameter
Usage: node scrape-canvas.mjs --user-id=USER_ID

[2026-04-07T00:35:57.776Z] [ERROR] Error: Command failed: node orchestration/scrape-canvas.mjs
❌ Missing --user-id parameter
Usage: node scrape-canvas.mjs --user-id=USER_ID

    at genericNodeError (node:internal/errors:985:15)
    at wrappedFn (node:internal/errors:539:14)
    at ChildProcess.exithandler (node:child_process:417:12)
    at ChildProcess.emit (node:events:508:28)
    at maybeClose (node:internal/child_process:1100:16)
    at ChildProcess._handle.onexit (node:internal/child_process:305:5)
[2026-04-07T00:35:57.777Z] [INFO]   → Embedding new messages...
[2026-04-07T00:35:59.887Z] [INFO]   ✅ Embedded 0 new messages
[2026-04-07T00:35:59.887Z] [INFO]   → Running project detection...
[2026-04-07T00:36:00.897Z] [INFO]   ✅ Detected 0 projects
[2026-04-07T00:36:00.897Z] [INFO] Refresh cycle complete in 3.3s
[2026-04-07T00:36:27.658Z] [INFO] Starting refresh cycle...
[2026-04-07T00:36:27.658Z] [INFO]   → Scraping Canvas for new assignments...
[2026-04-07T00:36:27.778Z] [ERROR]   ⚠️  Canvas scrape failed: Command failed: node orchestration/scrape-canvas.mjs
❌ Missing --user-id parameter
Usage: node scrape-canvas.mjs --user-id=USER_ID

[2026-04-07T00:36:27.779Z] [ERROR] Error: Command failed: node orchestration/scrape-canvas.mjs
❌ Missing --user-id parameter
Usage: node scrape-canvas.mjs --user-id=USER_ID

    at genericNodeError (node:internal/errors:985:15)
    at wrappedFn (node:internal/errors:539:14)
    at ChildProcess.exithandler (node:child_process:417:12)
    at ChildProcess.emit (node:events:508:28)
    at maybeClose (node:internal/child_process:1100:16)
    at ChildProcess._handle.onexit (node:internal/child_process:305:5)
[2026-04-07T00:36:27.779Z] [INFO]   → Embedding new messages...
[2026-04-07T00:36:29.797Z] [INFO]   ✅ Embedded 0 new messages
[2026-04-07T00:36:29.797Z] [INFO]   → Running project detection...
[2026-04-07T00:36:30.820Z] [INFO]   ✅ Detected 0 projects
[2026-04-07T00:36:30.820Z] [INFO] Refresh cycle complete in 3.2s
[2026-04-07T00:36:57.666Z] [INFO] Starting refresh cycle...
[2026-04-07T00:36:57.666Z] [INFO]   → Scraping Canvas for new assignments...
[2026-04-07T00:36:57.797Z] [ERROR]   ⚠️  Canvas scrape failed: Command failed: node orchestration/scrape-canvas.mjs
❌ Missing --user-id parameter
Usage: node scrape-canvas.mjs --user-id=USER_ID

[2026-04-07T00:36:57.798Z] [ERROR] Error: Command failed: node orchestration/scrape-canvas.mjs
❌ Missing --user-id parameter
Usage: node scrape-canvas.mjs --user-id=USER_ID

    at genericNodeError (node:internal/errors:985:15)
    at wrappedFn (node:internal/errors:539:14)
    at ChildProcess.exithandler (node:child_process:417:12)
    at ChildProcess.emit (node:events:508:28)
    at maybeClose (node:internal/child_process:1100:16)
    at ChildProcess._handle.onexit (node:internal/child_process:305:5)
[2026-04-07T00:36:57.798Z] [INFO]   → Embedding new messages...
[2026-04-07T00:36:59.838Z] [INFO]   ✅ Embedded 0 new messages
[2026-04-07T00:36:59.838Z] [INFO]   → Running project detection...
[2026-04-07T00:37:00.864Z] [INFO]   ✅ Detected 0 projects
[2026-04-07T00:37:00.864Z] [INFO] Refresh cycle complete in 3.2s
[2026-04-07T00:37:27.674Z] [INFO] Starting refresh cycle...
[2026-04-07T00:37:27.674Z] [INFO]   → Scraping Canvas for new assignments...
[2026-04-07T00:37:27.804Z] [ERROR]   ⚠️  Canvas scrape failed: Command failed: node orchestration/scrape-canvas.mjs
❌ Missing --user-id parameter
Usage: node scrape-canvas.mjs --user-id=USER_ID

[2026-04-07T00:37:27.804Z] [ERROR] Error: Command failed: node orchestration/scrape-canvas.mjs
❌ Missing --user-id parameter
Usage: node scrape-canvas.mjs --user-id=USER_ID

    at genericNodeError (node:internal/errors:985:15)
    at wrappedFn (node:internal/errors:539:14)
    at ChildProcess.exithandler (node:child_process:417:12)
    at ChildProcess.emit (node:events:508:28)
    at maybeClose (node:internal/child_process:1100:16)
    at ChildProcess._handle.onexit (node:internal/child_process:305:5)
[2026-04-07T00:37:27.804Z] [INFO]   → Embedding new messages...
[2026-04-07T00:37:29.860Z] [INFO]   ✅ Embedded 0 new messages
[2026-04-07T00:37:29.861Z] [INFO]   → Running project detection...
[2026-04-07T00:37:30.876Z] [INFO]   ✅ Detected 0 projects
[2026-04-07T00:37:30.876Z] [INFO] Refresh cycle complete in 3.2s
[2026-04-07T00:37:57.688Z] [INFO] Starting refresh cycle...
[2026-04-07T00:37:57.688Z] [INFO]   → Scraping Canvas for new assignments...
[2026-04-07T00:37:57.819Z] [ERROR]   ⚠️  Canvas scrape failed: Command failed: node orchestration/scrape-canvas.mjs
❌ Missing --user-id parameter
Usage: node scrape-canvas.mjs --user-id=USER_ID

[2026-04-07T00:37:57.820Z] [ERROR] Error: Command failed: node orchestration/scrape-canvas.mjs
❌ Missing --user-id parameter
Usage: node scrape-canvas.mjs --user-id=USER_ID

    at genericNodeError (node:internal/errors:985:15)
    at wrappedFn (node:internal/errors:539:14)
    at ChildProcess.exithandler (node:child_process:417:12)
    at ChildProcess.emit (node:events:508:28)
    at maybeClose (node:internal/child_process:1100:16)
    at ChildProcess._handle.onexit (node:internal/child_process:305:5)
[2026-04-07T00:37:57.820Z] [INFO]   → Embedding new messages...
[2026-04-07T00:37:59.869Z] [INFO]   ✅ Embedded 0 new messages
[2026-04-07T00:37:59.869Z] [INFO]   → Running project detection...
[2026-04-07T00:38:00.881Z] [INFO]   ✅ Detected 0 projects
[2026-04-07T00:38:00.881Z] [INFO] Refresh cycle complete in 3.2s
[2026-04-07T00:38:27.696Z] [INFO] Starting refresh cycle...
[2026-04-07T00:38:27.697Z] [INFO]   → Scraping Canvas for new assignments...
[2026-04-07T00:38:27.816Z] [ERROR]   ⚠️  Canvas scrape failed: Command failed: node orchestration/scrape-canvas.mjs
❌ Missing --user-id parameter
Usage: node scrape-canvas.mjs --user-id=USER_ID

[2026-04-07T00:38:27.817Z] [ERROR] Error: Command failed: node orchestration/scrape-canvas.mjs
❌ Missing --user-id parameter
Usage: node scrape-canvas.mjs --user-id=USER_ID

    at genericNodeError (node:internal/errors:985:15)
    at wrappedFn (node:internal/errors:539:14)
    at ChildProcess.exithandler (node:child_process:417:12)
    at ChildProcess.emit (node:events:508:28)
    at maybeClose (node:internal/child_process:1100:16)
    at ChildProcess._handle.onexit (node:internal/child_process:305:5)
[2026-04-07T00:38:27.817Z] [INFO]   → Embedding new messages...
[2026-04-07T00:38:29.943Z] [INFO]   ✅ Embedded 0 new messages
[2026-04-07T00:38:29.943Z] [INFO]   → Running project detection...
[2026-04-07T00:38:30.965Z] [INFO]   ✅ Detected 0 projects
[2026-04-07T00:38:30.965Z] [INFO] Refresh cycle complete in 3.3s
[2026-04-07T00:38:57.701Z] [INFO] Starting refresh cycle...
[2026-04-07T00:38:57.701Z] [INFO]   → Scraping Canvas for new assignments...
[2026-04-07T00:38:57.822Z] [ERROR]   ⚠️  Canvas scrape failed: Command failed: node orchestration/scrape-canvas.mjs
❌ Missing --user-id parameter
Usage: node scrape-canvas.mjs --user-id=USER_ID

[2026-04-07T00:38:57.822Z] [ERROR] Error: Command failed: node orchestration/scrape-canvas.mjs
❌ Missing --user-id parameter
Usage: node scrape-canvas.mjs --user-id=USER_ID

    at genericNodeError (node:internal/errors:985:15)
    at wrappedFn (node:internal/errors:539:14)
    at ChildProcess.exithandler (node:child_process:417:12)
    at ChildProcess.emit (node:events:508:28)
    at maybeClose (node:internal/child_process:1100:16)
    at ChildProcess._handle.onexit (node:internal/child_process:305:5)
[2026-04-07T00:38:57.823Z] [INFO]   → Embedding new messages...
[2026-04-07T00:38:59.962Z] [INFO]   ✅ Embedded 0 new messages
[2026-04-07T00:38:59.962Z] [INFO]   → Running project detection...
[2026-04-07T00:39:00.987Z] [INFO]   ✅ Detected 0 projects
[2026-04-07T00:39:00.987Z] [INFO] Refresh cycle complete in 3.3s
[2026-04-07T00:39:27.705Z] [INFO] Starting refresh cycle...
[2026-04-07T00:39:27.706Z] [INFO]   → Scraping Canvas for new assignments...
[2026-04-07T00:39:27.822Z] [ERROR]   ⚠️  Canvas scrape failed: Command failed: node orchestration/scrape-canvas.mjs
❌ Missing --user-id parameter
Usage: node scrape-canvas.mjs --user-id=USER_ID

[2026-04-07T00:39:27.823Z] [ERROR] Error: Command failed: node orchestration/scrape-canvas.mjs
❌ Missing --user-id parameter
Usage: node scrape-canvas.mjs --user-id=USER_ID

    at genericNodeError (node:internal/errors:985:15)
    at wrappedFn (node:internal/errors:539:14)
    at ChildProcess.exithandler (node:child_process:417:12)
    at ChildProcess.emit (node:events:508:28)
    at maybeClose (node:internal/child_process:1100:16)
    at ChildProcess._handle.onexit (node:internal/child_process:305:5)
[2026-04-07T00:39:27.823Z] [INFO]   → Embedding new messages...
[2026-04-07T00:39:29.879Z] [INFO]   ✅ Embedded 0 new messages
[2026-04-07T00:39:29.879Z] [INFO]   → Running project detection...
[2026-04-07T00:39:30.891Z] [INFO]   ✅ Detected 0 projects
[2026-04-07T00:39:30.891Z] [INFO] Refresh cycle complete in 3.2s
[2026-04-07T00:39:57.707Z] [INFO] Starting refresh cycle...
[2026-04-07T00:39:57.707Z] [INFO]   → Scraping Canvas for new assignments...
[2026-04-07T00:39:57.837Z] [ERROR]   ⚠️  Canvas scrape failed: Command failed: node orchestration/scrape-canvas.mjs
❌ Missing --user-id parameter
Usage: node scrape-canvas.mjs --user-id=USER_ID

[2026-04-07T00:39:57.837Z] [ERROR] Error: Command failed: node orchestration/scrape-canvas.mjs
❌ Missing --user-id parameter
Usage: node scrape-canvas.mjs --user-id=USER_ID

    at genericNodeError (node:internal/errors:985:15)
    at wrappedFn (node:internal/errors:539:14)
    at ChildProcess.exithandler (node:child_process:417:12)
    at ChildProcess.emit (node:events:508:28)
    at maybeClose (node:internal/child_process:1100:16)
    at ChildProcess._handle.onexit (node:internal/child_process:305:5)
[2026-04-07T00:39:57.838Z] [INFO]   → Embedding new messages...
[2026-04-07T00:39:59.897Z] [INFO]   ✅ Embedded 0 new messages
[2026-04-07T00:39:59.897Z] [INFO]   → Running project detection...
[2026-04-07T00:40:00.907Z] [INFO]   ✅ Detected 0 projects
[2026-04-07T00:40:00.907Z] [INFO] Refresh cycle complete in 3.2s
[2026-04-07T00:40:27.721Z] [INFO] Starting refresh cycle...
[2026-04-07T00:40:27.721Z] [INFO]   → Scraping Canvas for new assignments...
[2026-04-07T00:40:27.842Z] [ERROR]   ⚠️  Canvas scrape failed: Command failed: node orchestration/scrape-canvas.mjs
❌ Missing --user-id parameter
Usage: node scrape-canvas.mjs --user-id=USER_ID

[2026-04-07T00:40:27.842Z] [ERROR] Error: Command failed: node orchestration/scrape-canvas.mjs
❌ Missing --user-id parameter
Usage: node scrape-canvas.mjs --user-id=USER_ID

    at genericNodeError (node:internal/errors:985:15)
    at wrappedFn (node:internal/errors:539:14)
    at ChildProcess.exithandler (node:child_process:417:12)
    at ChildProcess.emit (node:events:508:28)
    at maybeClose (node:internal/child_process:1100:16)
    at ChildProcess._handle.onexit (node:internal/child_process:305:5)
[2026-04-07T00:40:27.842Z] [INFO]   → Embedding new messages...
[2026-04-07T00:40:29.895Z] [INFO]   ✅ Embedded 0 new messages
[2026-04-07T00:40:29.895Z] [INFO]   → Running project detection...
[2026-04-07T00:40:30.894Z] [INFO]   ✅ Detected 0 projects
[2026-04-07T00:40:30.895Z] [INFO] Refresh cycle complete in 3.2s
[2026-04-07T00:40:57.724Z] [INFO] Starting refresh cycle...
[2026-04-07T00:40:57.725Z] [INFO]   → Scraping Canvas for new assignments...
[2026-04-07T00:40:57.856Z] [ERROR]   ⚠️  Canvas scrape failed: Command failed: node orchestration/scrape-canvas.mjs
❌ Missing --user-id parameter
Usage: node scrape-canvas.mjs --user-id=USER_ID

[2026-04-07T00:40:57.856Z] [ERROR] Error: Command failed: node orchestration/scrape-canvas.mjs
❌ Missing --user-id parameter
Usage: node scrape-canvas.mjs --user-id=USER_ID

    at genericNodeError (node:internal/errors:985:15)
    at wrappedFn (node:internal/errors:539:14)
    at ChildProcess.exithandler (node:child_process:417:12)
    at ChildProcess.emit (node:events:508:28)
    at maybeClose (node:internal/child_process:1100:16)
    at ChildProcess._handle.onexit (node:internal/child_process:305:5)
[2026-04-07T00:40:57.857Z] [INFO]   → Embedding new messages...
[2026-04-07T00:40:59.951Z] [INFO]   ✅ Embedded 0 new messages
[2026-04-07T00:40:59.951Z] [INFO]   → Running project detection...
[2026-04-07T00:41:00.982Z] [INFO]   ✅ Detected 0 projects
[2026-04-07T00:41:00.982Z] [INFO] Refresh cycle complete in 3.3s
[2026-04-07T00:41:27.726Z] [INFO] Starting refresh cycle...
[2026-04-07T00:41:27.726Z] [INFO]   → Scraping Canvas for new assignments...
[2026-04-07T00:41:27.848Z] [ERROR]   ⚠️  Canvas scrape failed: Command failed: node orchestration/scrape-canvas.mjs
❌ Missing --user-id parameter
Usage: node scrape-canvas.mjs --user-id=USER_ID

[2026-04-07T00:41:27.848Z] [ERROR] Error: Command failed: node orchestration/scrape-canvas.mjs
❌ Missing --user-id parameter
Usage: node scrape-canvas.mjs --user-id=USER_ID

    at genericNodeError (node:internal/errors:985:15)
    at wrappedFn (node:internal/errors:539:14)
    at ChildProcess.exithandler (node:child_process:417:12)
    at ChildProcess.emit (node:events:508:28)
    at maybeClose (node:internal/child_process:1100:16)
    at ChildProcess._handle.onexit (node:internal/child_process:305:5)
[2026-04-07T00:41:27.848Z] [INFO]   → Embedding new messages...
[2026-04-07T00:41:29.847Z] [INFO]   ✅ Embedded 0 new messages
[2026-04-07T00:41:29.847Z] [INFO]   → Running project detection...
[2026-04-07T00:41:30.851Z] [INFO]   ✅ Detected 0 projects
[2026-04-07T00:41:30.852Z] [INFO] Refresh cycle complete in 3.1s
[2026-04-07T00:41:57.730Z] [INFO] Starting refresh cycle...
[2026-04-07T00:41:57.730Z] [INFO]   → Scraping Canvas for new assignments...
[2026-04-07T00:41:57.852Z] [ERROR]   ⚠️  Canvas scrape failed: Command failed: node orchestration/scrape-canvas.mjs
❌ Missing --user-id parameter
Usage: node scrape-canvas.mjs --user-id=USER_ID

[2026-04-07T00:41:57.852Z] [ERROR] Error: Command failed: node orchestration/scrape-canvas.mjs
❌ Missing --user-id parameter
Usage: node scrape-canvas.mjs --user-id=USER_ID

    at genericNodeError (node:internal/errors:985:15)
    at wrappedFn (node:internal/errors:539:14)
    at ChildProcess.exithandler (node:child_process:417:12)
    at ChildProcess.emit (node:events:508:28)
    at maybeClose (node:internal/child_process:1100:16)
    at ChildProcess._handle.onexit (node:internal/child_process:305:5)
[2026-04-07T00:41:57.852Z] [INFO]   → Embedding new messages...
[2026-04-07T00:41:59.866Z] [INFO]   ✅ Embedded 0 new messages
[2026-04-07T00:41:59.866Z] [INFO]   → Running project detection...
[2026-04-07T00:42:00.880Z] [INFO]   ✅ Detected 0 projects
[2026-04-07T00:42:00.880Z] [INFO] Refresh cycle complete in 3.1s
[2026-04-07T01:04:28.330Z] [INFO] Starting refresh cycle...
[2026-04-07T01:04:28.330Z] [INFO]   → Scraping Canvas for new assignments...
[2026-04-07T01:04:29.019Z] [ERROR]   ⚠️  Canvas scrape failed: Command failed: node orchestration/scrape-canvas.mjs
❌ Missing --user-id parameter
Usage: node scrape-canvas.mjs --user-id=USER_ID

[2026-04-07T01:04:29.019Z] [ERROR] Error: Command failed: node orchestration/scrape-canvas.mjs
❌ Missing --user-id parameter
Usage: node scrape-canvas.mjs --user-id=USER_ID

    at genericNodeError (node:internal/errors:985:15)
    at wrappedFn (node:internal/errors:539:14)
    at ChildProcess.exithandler (node:child_process:417:12)
    at ChildProcess.emit (node:events:508:28)
    at maybeClose (node:internal/child_process:1100:16)
    at ChildProcess._handle.onexit (node:internal/child_process:305:5)
[2026-04-07T01:04:29.019Z] [INFO]   → Embedding new messages...
[2026-04-07T01:04:31.554Z] [INFO]   ✅ Embedded 0 new messages
[2026-04-07T01:04:31.554Z] [INFO]   → Running project detection...
[2026-04-07T01:04:32.600Z] [INFO]   ✅ Detected 0 projects
[2026-04-07T01:04:32.600Z] [INFO] Refresh cycle complete in 4.3s
[2026-04-07T01:04:58.343Z] [INFO] Starting refresh cycle...
[2026-04-07T01:04:58.343Z] [INFO]   → Scraping Canvas for new assignments...
[2026-04-07T01:04:58.464Z] [ERROR]   ⚠️  Canvas scrape failed: Command failed: node orchestration/scrape-canvas.mjs
❌ Missing --user-id parameter
Usage: node scrape-canvas.mjs --user-id=USER_ID

[2026-04-07T01:04:58.464Z] [ERROR] Error: Command failed: node orchestration/scrape-canvas.mjs
❌ Missing --user-id parameter
Usage: node scrape-canvas.mjs --user-id=USER_ID

    at genericNodeError (node:internal/errors:985:15)
    at wrappedFn (node:internal/errors:539:14)
    at ChildProcess.exithandler (node:child_process:417:12)
    at ChildProcess.emit (node:events:508:28)
    at maybeClose (node:internal/child_process:1100:16)
    at ChildProcess._handle.onexit (node:internal/child_process:305:5)
[2026-04-07T01:04:58.464Z] [INFO]   → Embedding new messages...
[2026-04-07T01:05:00.684Z] [INFO]   ✅ Embedded 0 new messages
[2026-04-07T01:05:00.684Z] [INFO]   → Running project detection...
[2026-04-07T01:05:01.762Z] [INFO]   ✅ Detected 0 projects
[2026-04-07T01:05:01.762Z] [INFO] Refresh cycle complete in 3.4s
[2026-04-07T01:05:28.355Z] [INFO] Starting refresh cycle...
[2026-04-07T01:05:28.355Z] [INFO]   → Scraping Canvas for new assignments...
[2026-04-07T01:05:28.479Z] [ERROR]   ⚠️  Canvas scrape failed: Command failed: node orchestration/scrape-canvas.mjs
❌ Missing --user-id parameter
Usage: node scrape-canvas.mjs --user-id=USER_ID

[2026-04-07T01:05:28.479Z] [ERROR] Error: Command failed: node orchestration/scrape-canvas.mjs
❌ Missing --user-id parameter
Usage: node scrape-canvas.mjs --user-id=USER_ID

    at genericNodeError (node:internal/errors:985:15)
    at wrappedFn (node:internal/errors:539:14)
    at ChildProcess.exithandler (node:child_process:417:12)
    at ChildProcess.emit (node:events:508:28)
    at maybeClose (node:internal/child_process:1100:16)
    at ChildProcess._handle.onexit (node:internal/child_process:305:5)
[2026-04-07T01:05:28.479Z] [INFO]   → Embedding new messages...
[2026-04-07T01:05:30.684Z] [INFO]   ✅ Embedded 0 new messages
[2026-04-07T01:05:30.684Z] [INFO]   → Running project detection...
[2026-04-07T01:05:31.704Z] [INFO]   ✅ Detected 0 projects
[2026-04-07T01:05:31.705Z] [INFO] Refresh cycle complete in 3.4s
[2026-04-07T01:05:58.360Z] [INFO] Starting refresh cycle...
[2026-04-07T01:05:58.361Z] [INFO]   → Scraping Canvas for new assignments...
[2026-04-07T01:05:58.527Z] [ERROR]   ⚠️  Canvas scrape failed: Command failed: node orchestration/scrape-canvas.mjs
❌ Missing --user-id parameter
Usage: node scrape-canvas.mjs --user-id=USER_ID

[2026-04-07T01:05:58.527Z] [ERROR] Error: Command failed: node orchestration/scrape-canvas.mjs
❌ Missing --user-id parameter
Usage: node scrape-canvas.mjs --user-id=USER_ID

    at genericNodeError (node:internal/errors:985:15)
    at wrappedFn (node:internal/errors:539:14)
    at ChildProcess.exithandler (node:child_process:417:12)
    at ChildProcess.emit (node:events:508:28)
    at maybeClose (node:internal/child_process:1100:16)
    at ChildProcess._handle.onexit (node:internal/child_process:305:5)
[2026-04-07T01:05:58.528Z] [INFO]   → Embedding new messages...
[2026-04-07T01:06:01.174Z] [INFO]   ✅ Embedded 0 new messages
[2026-04-07T01:06:01.175Z] [INFO]   → Running project detection...
[2026-04-07T01:06:02.293Z] [INFO]   ✅ Detected 0 projects
[2026-04-07T01:06:02.293Z] [INFO] Refresh cycle complete in 3.9s
[2026-04-07T01:06:28.370Z] [INFO] Starting refresh cycle...
[2026-04-07T01:06:28.371Z] [INFO]   → Scraping Canvas for new assignments...
[2026-04-07T01:06:28.497Z] [ERROR]   ⚠️  Canvas scrape failed: Command failed: node orchestration/scrape-canvas.mjs
❌ Missing --user-id parameter
Usage: node scrape-canvas.mjs --user-id=USER_ID

[2026-04-07T01:06:28.497Z] [ERROR] Error: Command failed: node orchestration/scrape-canvas.mjs
❌ Missing --user-id parameter
Usage: node scrape-canvas.mjs --user-id=USER_ID

    at genericNodeError (node:internal/errors:985:15)
    at wrappedFn (node:internal/errors:539:14)
    at ChildProcess.exithandler (node:child_process:417:12)
    at ChildProcess.emit (node:events:508:28)
    at maybeClose (node:internal/child_process:1100:16)
    at ChildProcess._handle.onexit (node:internal/child_process:305:5)
[2026-04-07T01:06:28.497Z] [INFO]   → Embedding new messages...
[2026-04-07T01:06:30.710Z] [INFO]   ✅ Embedded 0 new messages
[2026-04-07T01:06:30.711Z] [INFO]   → Running project detection...
[2026-04-07T01:06:31.754Z] [INFO]   ✅ Detected 0 projects
[2026-04-07T01:06:31.754Z] [INFO] Refresh cycle complete in 3.4s
[2026-04-07T01:06:58.381Z] [INFO] Starting refresh cycle...
[2026-04-07T01:06:58.381Z] [INFO]   → Scraping Canvas for new assignments...
[2026-04-07T01:06:58.515Z] [ERROR]   ⚠️  Canvas scrape failed: Command failed: node orchestration/scrape-canvas.mjs
❌ Missing --user-id parameter
Usage: node scrape-canvas.mjs --user-id=USER_ID

[2026-04-07T01:06:58.515Z] [ERROR] Error: Command failed: node orchestration/scrape-canvas.mjs
❌ Missing --user-id parameter
Usage: node scrape-canvas.mjs --user-id=USER_ID

    at genericNodeError (node:internal/errors:985:15)
    at wrappedFn (node:internal/errors:539:14)
    at ChildProcess.exithandler (node:child_process:417:12)
    at ChildProcess.emit (node:events:508:28)
    at maybeClose (node:internal/child_process:1100:16)
    at ChildProcess._handle.onexit (node:internal/child_process:305:5)
[2026-04-07T01:06:58.515Z] [INFO]   → Embedding new messages...
[2026-04-07T01:07:00.633Z] [INFO]   ✅ Embedded 0 new messages
[2026-04-07T01:07:00.633Z] [INFO]   → Running project detection...
[2026-04-07T01:07:01.645Z] [INFO]   ✅ Detected 0 projects
[2026-04-07T01:07:01.646Z] [INFO] Refresh cycle complete in 3.3s
[2026-04-07T01:07:28.382Z] [INFO] Starting refresh cycle...
[2026-04-07T01:07:28.382Z] [INFO]   → Scraping Canvas for new assignments...
[2026-04-07T01:07:28.516Z] [ERROR]   ⚠️  Canvas scrape failed: Command failed: node orchestration/scrape-canvas.mjs
❌ Missing --user-id parameter
Usage: node scrape-canvas.mjs --user-id=USER_ID

[2026-04-07T01:07:28.516Z] [ERROR] Error: Command failed: node orchestration/scrape-canvas.mjs
❌ Missing --user-id parameter
Usage: node scrape-canvas.mjs --user-id=USER_ID

    at genericNodeError (node:internal/errors:985:15)
    at wrappedFn (node:internal/errors:539:14)
    at ChildProcess.exithandler (node:child_process:417:12)
    at ChildProcess.emit (node:events:508:28)
    at maybeClose (node:internal/child_process:1100:16)
    at ChildProcess._handle.onexit (node:internal/child_process:305:5)
[2026-04-07T01:07:28.516Z] [INFO]   → Embedding new messages...
[2026-04-07T01:07:30.550Z] [INFO]   ✅ Embedded 0 new messages
[2026-04-07T01:07:30.551Z] [INFO]   → Running project detection...
[2026-04-07T01:07:31.548Z] [INFO]   ✅ Detected 0 projects
[2026-04-07T01:07:31.548Z] [INFO] Refresh cycle complete in 3.2s
[2026-04-07T01:07:58.396Z] [INFO] Starting refresh cycle...
[2026-04-07T01:07:58.397Z] [INFO]   → Scraping Canvas for new assignments...
[2026-04-07T01:07:58.515Z] [ERROR]   ⚠️  Canvas scrape failed: Command failed: node orchestration/scrape-canvas.mjs
❌ Missing --user-id parameter
Usage: node scrape-canvas.mjs --user-id=USER_ID

[2026-04-07T01:07:58.515Z] [ERROR] Error: Command failed: node orchestration/scrape-canvas.mjs
❌ Missing --user-id parameter
Usage: node scrape-canvas.mjs --user-id=USER_ID

    at genericNodeError (node:internal/errors:985:15)
    at wrappedFn (node:internal/errors:539:14)
    at ChildProcess.exithandler (node:child_process:417:12)
    at ChildProcess.emit (node:events:508:28)
    at maybeClose (node:internal/child_process:1100:16)
    at ChildProcess._handle.onexit (node:internal/child_process:305:5)
[2026-04-07T01:07:58.516Z] [INFO]   → Embedding new messages...
[2026-04-07T01:08:00.561Z] [INFO]   ✅ Embedded 0 new messages
[2026-04-07T01:08:00.561Z] [INFO]   → Running project detection...
[2026-04-07T01:08:01.588Z] [INFO]   ✅ Detected 0 projects
[2026-04-07T01:08:01.588Z] [INFO] Refresh cycle complete in 3.2s
[2026-04-07T01:08:28.403Z] [INFO] Starting refresh cycle...
[2026-04-07T01:08:28.403Z] [INFO]   → Scraping Canvas for new assignments...
[2026-04-07T01:08:28.526Z] [ERROR]   ⚠️  Canvas scrape failed: Command failed: node orchestration/scrape-canvas.mjs
❌ Missing --user-id parameter
Usage: node scrape-canvas.mjs --user-id=USER_ID

[2026-04-07T01:08:28.526Z] [ERROR] Error: Command failed: node orchestration/scrape-canvas.mjs
❌ Missing --user-id parameter
Usage: node scrape-canvas.mjs --user-id=USER_ID

    at genericNodeError (node:internal/errors:985:15)
    at wrappedFn (node:internal/errors:539:14)
    at ChildProcess.exithandler (node:child_process:417:12)
    at ChildProcess.emit (node:events:508:28)
    at maybeClose (node:internal/child_process:1100:16)
    at ChildProcess._handle.onexit (node:internal/child_process:305:5)
[2026-04-07T01:08:28.526Z] [INFO]   → Embedding new messages...
[2026-04-07T01:08:30.650Z] [INFO]   ✅ Embedded 0 new messages
[2026-04-07T01:08:30.650Z] [INFO]   → Running project detection...
[2026-04-07T01:08:31.653Z] [INFO]   ✅ Detected 0 projects
[2026-04-07T01:08:31.653Z] [INFO] Refresh cycle complete in 3.3s
[2026-04-07T01:08:58.407Z] [INFO] Starting refresh cycle...
[2026-04-07T01:08:58.407Z] [INFO]   → Scraping Canvas for new assignments...
[2026-04-07T01:08:58.528Z] [ERROR]   ⚠️  Canvas scrape failed: Command failed: node orchestration/scrape-canvas.mjs
❌ Missing --user-id parameter
Usage: node scrape-canvas.mjs --user-id=USER_ID

[2026-04-07T01:08:58.528Z] [ERROR] Error: Command failed: node orchestration/scrape-canvas.mjs
❌ Missing --user-id parameter
Usage: node scrape-canvas.mjs --user-id=USER_ID

    at genericNodeError (node:internal/errors:985:15)
    at wrappedFn (node:internal/errors:539:14)
    at ChildProcess.exithandler (node:child_process:417:12)
    at ChildProcess.emit (node:events:508:28)
    at maybeClose (node:internal/child_process:1100:16)
    at ChildProcess._handle.onexit (node:internal/child_process:305:5)
[2026-04-07T01:08:58.528Z] [INFO]   → Embedding new messages...
[2026-04-07T01:09:00.712Z] [INFO]   ✅ Embedded 0 new messages
[2026-04-07T01:09:00.712Z] [INFO]   → Running project detection...
[2026-04-07T01:09:01.722Z] [INFO]   ✅ Detected 0 projects
[2026-04-07T01:09:01.722Z] [INFO] Refresh cycle complete in 3.3s
[2026-04-07T01:09:28.411Z] [INFO] Starting refresh cycle...
[2026-04-07T01:09:28.411Z] [INFO]   → Scraping Canvas for new assignments...
[2026-04-07T01:09:28.537Z] [ERROR]   ⚠️  Canvas scrape failed: Command failed: node orchestration/scrape-canvas.mjs
❌ Missing --user-id parameter
Usage: node scrape-canvas.mjs --user-id=USER_ID

[2026-04-07T01:09:28.537Z] [ERROR] Error: Command failed: node orchestration/scrape-canvas.mjs
❌ Missing --user-id parameter
Usage: node scrape-canvas.mjs --user-id=USER_ID

    at genericNodeError (node:internal/errors:985:15)
    at wrappedFn (node:internal/errors:539:14)
    at ChildProcess.exithandler (node:child_process:417:12)
    at ChildProcess.emit (node:events:508:28)
    at maybeClose (node:internal/child_process:1100:16)
    at ChildProcess._handle.onexit (node:internal/child_process:305:5)
[2026-04-07T01:09:28.537Z] [INFO]   → Embedding new messages...
[2026-04-07T01:09:30.588Z] [INFO]   ✅ Embedded 0 new messages
[2026-04-07T01:09:30.588Z] [INFO]   → Running project detection...
[2026-04-07T01:09:31.594Z] [INFO]   ✅ Detected 0 projects
[2026-04-07T01:09:31.594Z] [INFO] Refresh cycle complete in 3.2s
[2026-04-07T01:09:58.422Z] [INFO] Starting refresh cycle...
[2026-04-07T01:09:58.422Z] [INFO]   → Scraping Canvas for new assignments...
[2026-04-07T01:09:58.542Z] [ERROR]   ⚠️  Canvas scrape failed: Command failed: node orchestration/scrape-canvas.mjs
❌ Missing --user-id parameter
Usage: node scrape-canvas.mjs --user-id=USER_ID

[2026-04-07T01:09:58.543Z] [ERROR] Error: Command failed: node orchestration/scrape-canvas.mjs
❌ Missing --user-id parameter
Usage: node scrape-canvas.mjs --user-id=USER_ID

    at genericNodeError (node:internal/errors:985:15)
    at wrappedFn (node:internal/errors:539:14)
    at ChildProcess.exithandler (node:child_process:417:12)
    at ChildProcess.emit (node:events:508:28)
    at maybeClose (node:internal/child_process:1100:16)
    at ChildProcess._handle.onexit (node:internal/child_process:305:5)
[2026-04-07T01:09:58.543Z] [INFO]   → Embedding new messages...
[2026-04-07T01:10:00.669Z] [INFO]   ✅ Embedded 0 new messages
[2026-04-07T01:10:00.669Z] [INFO]   → Running project detection...
[2026-04-07T01:10:01.751Z] [INFO]   ✅ Detected 0 projects
[2026-04-07T01:10:01.751Z] [INFO] Refresh cycle complete in 3.3s
[2026-04-07T01:10:28.423Z] [INFO] Starting refresh cycle...
[2026-04-07T01:10:28.423Z] [INFO]   → Scraping Canvas for new assignments...
[2026-04-07T01:10:28.548Z] [ERROR]   ⚠️  Canvas scrape failed: Command failed: node orchestration/scrape-canvas.mjs
❌ Missing --user-id parameter
Usage: node scrape-canvas.mjs --user-id=USER_ID

[2026-04-07T01:10:28.549Z] [ERROR] Error: Command failed: node orchestration/scrape-canvas.mjs
❌ Missing --user-id parameter
Usage: node scrape-canvas.mjs --user-id=USER_ID

    at genericNodeError (node:internal/errors:985:15)
    at wrappedFn (node:internal/errors:539:14)
    at ChildProcess.exithandler (node:child_process:417:12)
    at ChildProcess.emit (node:events:508:28)
    at maybeClose (node:internal/child_process:1100:16)
    at ChildProcess._handle.onexit (node:internal/child_process:305:5)
[2026-04-07T01:10:28.549Z] [INFO]   → Embedding new messages...
[2026-04-07T01:10:30.743Z] [INFO]   ✅ Embedded 0 new messages
[2026-04-07T01:10:30.743Z] [INFO]   → Running project detection...
[2026-04-07T01:10:31.820Z] [INFO]   ✅ Detected 0 projects
[2026-04-07T01:10:31.820Z] [INFO] Refresh cycle complete in 3.4s
[2026-04-07T01:10:58.434Z] [INFO] Starting refresh cycle...
[2026-04-07T01:10:58.435Z] [INFO]   → Scraping Canvas for new assignments...
[2026-04-07T01:10:58.557Z] [ERROR]   ⚠️  Canvas scrape failed: Command failed: node orchestration/scrape-canvas.mjs
❌ Missing --user-id parameter
Usage: node scrape-canvas.mjs --user-id=USER_ID

[2026-04-07T01:10:58.557Z] [ERROR] Error: Command failed: node orchestration/scrape-canvas.mjs
❌ Missing --user-id parameter
Usage: node scrape-canvas.mjs --user-id=USER_ID

    at genericNodeError (node:internal/errors:985:15)
    at wrappedFn (node:internal/errors:539:14)
    at ChildProcess.exithandler (node:child_process:417:12)
    at ChildProcess.emit (node:events:508:28)
    at maybeClose (node:internal/child_process:1100:16)
    at ChildProcess._handle.onexit (node:internal/child_process:305:5)
[2026-04-07T01:10:58.557Z] [INFO]   → Embedding new messages...
[2026-04-07T01:11:00.767Z] [INFO]   ✅ Embedded 0 new messages
[2026-04-07T01:11:00.767Z] [INFO]   → Running project detection...
[2026-04-07T01:11:01.832Z] [INFO]   ✅ Detected 0 projects
[2026-04-07T01:11:01.833Z] [INFO] Refresh cycle complete in 3.4s
[2026-04-07T01:11:28.447Z] [INFO] Starting refresh cycle...
[2026-04-07T01:11:28.448Z] [INFO]   → Scraping Canvas for new assignments...
[2026-04-07T01:11:28.585Z] [ERROR]   ⚠️  Canvas scrape failed: Command failed: node orchestration/scrape-canvas.mjs
❌ Missing --user-id parameter
Usage: node scrape-canvas.mjs --user-id=USER_ID

[2026-04-07T01:11:28.586Z] [ERROR] Error: Command failed: node orchestration/scrape-canvas.mjs
❌ Missing --user-id parameter
Usage: node scrape-canvas.mjs --user-id=USER_ID

    at genericNodeError (node:internal/errors:985:15)
    at wrappedFn (node:internal/errors:539:14)
    at ChildProcess.exithandler (node:child_process:417:12)
    at ChildProcess.emit (node:events:508:28)
    at maybeClose (node:internal/child_process:1100:16)
    at ChildProcess._handle.onexit (node:internal/child_process:305:5)
[2026-04-07T01:11:28.586Z] [INFO]   → Embedding new messages...
[2026-04-07T01:11:30.641Z] [INFO]   ✅ Embedded 0 new messages
[2026-04-07T01:11:30.641Z] [INFO]   → Running project detection...
[2026-04-07T01:11:31.663Z] [INFO]   ✅ Detected 0 projects
[2026-04-07T01:11:31.663Z] [INFO] Refresh cycle complete in 3.2s
[2026-04-07T01:11:58.460Z] [INFO] Starting refresh cycle...
[2026-04-07T01:11:58.460Z] [INFO]   → Scraping Canvas for new assignments...
[2026-04-07T01:11:58.583Z] [ERROR]   ⚠️  Canvas scrape failed: Command failed: node orchestration/scrape-canvas.mjs
❌ Missing --user-id parameter
Usage: node scrape-canvas.mjs --user-id=USER_ID

[2026-04-07T01:11:58.583Z] [ERROR] Error: Command failed: node orchestration/scrape-canvas.mjs
❌ Missing --user-id parameter
Usage: node scrape-canvas.mjs --user-id=USER_ID

    at genericNodeError (node:internal/errors:985:15)
    at wrappedFn (node:internal/errors:539:14)
    at ChildProcess.exithandler (node:child_process:417:12)
    at ChildProcess.emit (node:events:508:28)
    at maybeClose (node:internal/child_process:1100:16)
    at ChildProcess._handle.onexit (node:internal/child_process:305:5)
[2026-04-07T01:11:58.583Z] [INFO]   → Embedding new messages...
[2026-04-07T01:12:00.727Z] [INFO]   ✅ Embedded 0 new messages
[2026-04-07T01:12:00.727Z] [INFO]   → Running project detection...
[2026-04-07T01:12:01.742Z] [INFO]   ✅ Detected 0 projects
[2026-04-07T01:12:01.742Z] [INFO] Refresh cycle complete in 3.3s
[2026-04-07T01:12:28.474Z] [INFO] Starting refresh cycle...
[2026-04-07T01:12:28.474Z] [INFO]   → Scraping Canvas for new assignments...
[2026-04-07T01:12:28.612Z] [ERROR]   ⚠️  Canvas scrape failed: Command failed: node orchestration/scrape-canvas.mjs
❌ Missing --user-id parameter
Usage: node scrape-canvas.mjs --user-id=USER_ID

[2026-04-07T01:12:28.613Z] [ERROR] Error: Command failed: node orchestration/scrape-canvas.mjs
❌ Missing --user-id parameter
Usage: node scrape-canvas.mjs --user-id=USER_ID

    at genericNodeError (node:internal/errors:985:15)
    at wrappedFn (node:internal/errors:539:14)
    at ChildProcess.exithandler (node:child_process:417:12)
    at ChildProcess.emit (node:events:508:28)
    at maybeClose (node:internal/child_process:1100:16)
    at ChildProcess._handle.onexit (node:internal/child_process:305:5)
[2026-04-07T01:12:28.613Z] [INFO]   → Embedding new messages...
[2026-04-07T01:12:30.672Z] [INFO]   ✅ Embedded 0 new messages
[2026-04-07T01:12:30.672Z] [INFO]   → Running project detection...
[2026-04-07T01:12:31.722Z] [INFO]   ✅ Detected 0 projects
[2026-04-07T01:12:31.722Z] [INFO] Refresh cycle complete in 3.2s
[2026-04-07T01:12:58.477Z] [INFO] Starting refresh cycle...
[2026-04-07T01:12:58.477Z] [INFO]   → Scraping Canvas for new assignments...
[2026-04-07T01:12:58.601Z] [ERROR]   ⚠️  Canvas scrape failed: Command failed: node orchestration/scrape-canvas.mjs
❌ Missing --user-id parameter
Usage: node scrape-canvas.mjs --user-id=USER_ID

[2026-04-07T01:12:58.601Z] [ERROR] Error: Command failed: node orchestration/scrape-canvas.mjs
❌ Missing --user-id parameter
Usage: node scrape-canvas.mjs --user-id=USER_ID

    at genericNodeError (node:internal/errors:985:15)
    at wrappedFn (node:internal/errors:539:14)
    at ChildProcess.exithandler (node:child_process:417:12)
    at ChildProcess.emit (node:events:508:28)
    at maybeClose (node:internal/child_process:1100:16)
    at ChildProcess._handle.onexit (node:internal/child_process:305:5)
[2026-04-07T01:12:58.602Z] [INFO]   → Embedding new messages...
[2026-04-07T01:13:00.728Z] [INFO]   ✅ Embedded 0 new messages
[2026-04-07T01:13:00.728Z] [INFO]   → Running project detection...
[2026-04-07T01:13:01.752Z] [INFO]   ✅ Detected 0 projects
[2026-04-07T01:13:01.752Z] [INFO] Refresh cycle complete in 3.3s
[2026-04-07T01:13:28.483Z] [INFO] Starting refresh cycle...
[2026-04-07T01:13:28.483Z] [INFO]   → Scraping Canvas for new assignments...
[2026-04-07T01:13:28.616Z] [ERROR]   ⚠️  Canvas scrape failed: Command failed: node orchestration/scrape-canvas.mjs
❌ Missing --user-id parameter
Usage: node scrape-canvas.mjs --user-id=USER_ID

[2026-04-07T01:13:28.616Z] [ERROR] Error: Command failed: node orchestration/scrape-canvas.mjs
❌ Missing --user-id parameter
Usage: node scrape-canvas.mjs --user-id=USER_ID

    at genericNodeError (node:internal/errors:985:15)
    at wrappedFn (node:internal/errors:539:14)
    at ChildProcess.exithandler (node:child_process:417:12)
    at ChildProcess.emit (node:events:508:28)
    at maybeClose (node:internal/child_process:1100:16)
    at ChildProcess._handle.onexit (node:internal/child_process:305:5)
[2026-04-07T01:13:28.617Z] [INFO]   → Embedding new messages...
[2026-04-07T01:13:30.806Z] [INFO]   ✅ Embedded 0 new messages
[2026-04-07T01:13:30.807Z] [INFO]   → Running project detection...
[2026-04-07T01:13:31.849Z] [INFO]   ✅ Detected 0 projects
[2026-04-07T01:13:31.850Z] [INFO] Refresh cycle complete in 3.4s
[2026-04-07T01:13:58.496Z] [INFO] Starting refresh cycle...
[2026-04-07T01:13:58.496Z] [INFO]   → Scraping Canvas for new assignments...
[2026-04-07T01:13:58.619Z] [ERROR]   ⚠️  Canvas scrape failed: Command failed: node orchestration/scrape-canvas.mjs
❌ Missing --user-id parameter
Usage: node scrape-canvas.mjs --user-id=USER_ID

[2026-04-07T01:13:58.619Z] [ERROR] Error: Command failed: node orchestration/scrape-canvas.mjs
❌ Missing --user-id parameter
Usage: node scrape-canvas.mjs --user-id=USER_ID

    at genericNodeError (node:internal/errors:985:15)
    at wrappedFn (node:internal/errors:539:14)
    at ChildProcess.exithandler (node:child_process:417:12)
    at ChildProcess.emit (node:events:508:28)
    at maybeClose (node:internal/child_process:1100:16)
    at ChildProcess._handle.onexit (node:internal/child_process:305:5)
[2026-04-07T01:13:58.619Z] [INFO]   → Embedding new messages...
[2026-04-07T01:14:00.750Z] [INFO]   ✅ Embedded 0 new messages
[2026-04-07T01:14:00.750Z] [INFO]   → Running project detection...
[2026-04-07T01:14:01.762Z] [INFO]   ✅ Detected 0 projects
[2026-04-07T01:14:01.762Z] [INFO] Refresh cycle complete in 3.3s
[2026-04-07T01:14:28.509Z] [INFO] Starting refresh cycle...
[2026-04-07T01:14:28.509Z] [INFO]   → Scraping Canvas for new assignments...
[2026-04-07T01:14:28.646Z] [ERROR]   ⚠️  Canvas scrape failed: Command failed: node orchestration/scrape-canvas.mjs
❌ Missing --user-id parameter
Usage: node scrape-canvas.mjs --user-id=USER_ID

[2026-04-07T01:14:28.646Z] [ERROR] Error: Command failed: node orchestration/scrape-canvas.mjs
❌ Missing --user-id parameter
Usage: node scrape-canvas.mjs --user-id=USER_ID

    at genericNodeError (node:internal/errors:985:15)
    at wrappedFn (node:internal/errors:539:14)
    at ChildProcess.exithandler (node:child_process:417:12)
    at ChildProcess.emit (node:events:508:28)
    at maybeClose (node:internal/child_process:1100:16)
    at ChildProcess._handle.onexit (node:internal/child_process:305:5)
[2026-04-07T01:14:28.647Z] [INFO]   → Embedding new messages...
[2026-04-07T01:14:30.753Z] [INFO]   ✅ Embedded 0 new messages
[2026-04-07T01:14:30.753Z] [INFO]   → Running project detection...
[2026-04-07T01:14:31.778Z] [INFO]   ✅ Detected 0 projects
[2026-04-07T01:14:31.778Z] [INFO] Refresh cycle complete in 3.3s
[2026-04-07T01:14:58.522Z] [INFO] Starting refresh cycle...
[2026-04-07T01:14:58.522Z] [INFO]   → Scraping Canvas for new assignments...
[2026-04-07T01:14:58.646Z] [ERROR]   ⚠️  Canvas scrape failed: Command failed: node orchestration/scrape-canvas.mjs
❌ Missing --user-id parameter
Usage: node scrape-canvas.mjs --user-id=USER_ID

[2026-04-07T01:14:58.646Z] [ERROR] Error: Command failed: node orchestration/scrape-canvas.mjs
❌ Missing --user-id parameter
Usage: node scrape-canvas.mjs --user-id=USER_ID

    at genericNodeError (node:internal/errors:985:15)
    at wrappedFn (node:internal/errors:539:14)
    at ChildProcess.exithandler (node:child_process:417:12)
    at ChildProcess.emit (node:events:508:28)
    at maybeClose (node:internal/child_process:1100:16)
    at ChildProcess._handle.onexit (node:internal/child_process:305:5)
[2026-04-07T01:14:58.647Z] [INFO]   → Embedding new messages...
[2026-04-07T01:15:00.691Z] [INFO]   ✅ Embedded 0 new messages
[2026-04-07T01:15:00.691Z] [INFO]   → Running project detection...
[2026-04-07T01:15:01.721Z] [INFO]   ✅ Detected 0 projects
[2026-04-07T01:15:01.721Z] [INFO] Refresh cycle complete in 3.2s
[2026-04-07T01:15:28.535Z] [INFO] Starting refresh cycle...
[2026-04-07T01:15:28.536Z] [INFO]   → Scraping Canvas for new assignments...
[2026-04-07T01:15:28.658Z] [ERROR]   ⚠️  Canvas scrape failed: Command failed: node orchestration/scrape-canvas.mjs
❌ Missing --user-id parameter
Usage: node scrape-canvas.mjs --user-id=USER_ID

[2026-04-07T01:15:28.658Z] [ERROR] Error: Command failed: node orchestration/scrape-canvas.mjs
❌ Missing --user-id parameter
Usage: node scrape-canvas.mjs --user-id=USER_ID

    at genericNodeError (node:internal/errors:985:15)
    at wrappedFn (node:internal/errors:539:14)
    at ChildProcess.exithandler (node:child_process:417:12)
    at ChildProcess.emit (node:events:508:28)
    at maybeClose (node:internal/child_process:1100:16)
    at ChildProcess._handle.onexit (node:internal/child_process:305:5)
[2026-04-07T01:15:28.658Z] [INFO]   → Embedding new messages...
[2026-04-07T01:15:30.746Z] [INFO]   ✅ Embedded 0 new messages
[2026-04-07T01:15:30.746Z] [INFO]   → Running project detection...
[2026-04-07T01:15:31.823Z] [INFO]   ✅ Detected 0 projects
[2026-04-07T01:15:31.824Z] [INFO] Refresh cycle complete in 3.3s
[2026-04-07T01:15:58.547Z] [INFO] Starting refresh cycle...
[2026-04-07T01:15:58.547Z] [INFO]   → Scraping Canvas for new assignments...
[2026-04-07T01:15:58.667Z] [ERROR]   ⚠️  Canvas scrape failed: Command failed: node orchestration/scrape-canvas.mjs
❌ Missing --user-id parameter
Usage: node scrape-canvas.mjs --user-id=USER_ID

[2026-04-07T01:15:58.667Z] [ERROR] Error: Command failed: node orchestration/scrape-canvas.mjs
❌ Missing --user-id parameter
Usage: node scrape-canvas.mjs --user-id=USER_ID

    at genericNodeError (node:internal/errors:985:15)
    at wrappedFn (node:internal/errors:539:14)
    at ChildProcess.exithandler (node:child_process:417:12)
    at ChildProcess.emit (node:events:508:28)
    at maybeClose (node:internal/child_process:1100:16)
    at ChildProcess._handle.onexit (node:internal/child_process:305:5)
[2026-04-07T01:15:58.668Z] [INFO]   → Embedding new messages...
[2026-04-07T01:16:00.748Z] [INFO]   ✅ Embedded 0 new messages
[2026-04-07T01:16:00.748Z] [INFO]   → Running project detection...
[2026-04-07T01:16:01.766Z] [INFO]   ✅ Detected 0 projects
[2026-04-07T01:16:01.766Z] [INFO] Refresh cycle complete in 3.2s
[2026-04-07T01:16:28.561Z] [INFO] Starting refresh cycle...
[2026-04-07T01:16:28.562Z] [INFO]   → Scraping Canvas for new assignments...
[2026-04-07T01:16:28.700Z] [ERROR]   ⚠️  Canvas scrape failed: Command failed: node orchestration/scrape-canvas.mjs
❌ Missing --user-id parameter
Usage: node scrape-canvas.mjs --user-id=USER_ID

[2026-04-07T01:16:28.700Z] [ERROR] Error: Command failed: node orchestration/scrape-canvas.mjs
❌ Missing --user-id parameter
Usage: node scrape-canvas.mjs --user-id=USER_ID

    at genericNodeError (node:internal/errors:985:15)
    at wrappedFn (node:internal/errors:539:14)
    at ChildProcess.exithandler (node:child_process:417:12)
    at ChildProcess.emit (node:events:508:28)
    at maybeClose (node:internal/child_process:1100:16)
    at ChildProcess._handle.onexit (node:internal/child_process:305:5)
[2026-04-07T01:16:28.700Z] [INFO]   → Embedding new messages...
[2026-04-07T01:16:30.767Z] [INFO]   ✅ Embedded 0 new messages
[2026-04-07T01:16:30.767Z] [INFO]   → Running project detection...
[2026-04-07T01:16:31.792Z] [INFO]   ✅ Detected 0 projects
[2026-04-07T01:16:31.792Z] [INFO] Refresh cycle complete in 3.2s
[2026-04-07T01:16:58.572Z] [INFO] Starting refresh cycle...
[2026-04-07T01:16:58.572Z] [INFO]   → Scraping Canvas for new assignments...
[2026-04-07T01:16:58.696Z] [ERROR]   ⚠️  Canvas scrape failed: Command failed: node orchestration/scrape-canvas.mjs
❌ Missing --user-id parameter
Usage: node scrape-canvas.mjs --user-id=USER_ID

[2026-04-07T01:16:58.696Z] [ERROR] Error: Command failed: node orchestration/scrape-canvas.mjs
❌ Missing --user-id parameter
Usage: node scrape-canvas.mjs --user-id=USER_ID

    at genericNodeError (node:internal/errors:985:15)
    at wrappedFn (node:internal/errors:539:14)
    at ChildProcess.exithandler (node:child_process:417:12)
    at ChildProcess.emit (node:events:508:28)
    at maybeClose (node:internal/child_process:1100:16)
    at ChildProcess._handle.onexit (node:internal/child_process:305:5)
[2026-04-07T01:16:58.697Z] [INFO]   → Embedding new messages...
[2026-04-07T01:17:00.751Z] [INFO]   ✅ Embedded 0 new messages
[2026-04-07T01:17:00.751Z] [INFO]   → Running project detection...
[2026-04-07T01:17:01.771Z] [INFO]   ✅ Detected 0 projects
[2026-04-07T01:17:01.772Z] [INFO] Refresh cycle complete in 3.2s
[2026-04-07T01:17:28.572Z] [INFO] Starting refresh cycle...
[2026-04-07T01:17:28.572Z] [INFO]   → Scraping Canvas for new assignments...
[2026-04-07T01:17:28.694Z] [ERROR]   ⚠️  Canvas scrape failed: Command failed: node orchestration/scrape-canvas.mjs
❌ Missing --user-id parameter
Usage: node scrape-canvas.mjs --user-id=USER_ID

[2026-04-07T01:17:28.695Z] [ERROR] Error: Command failed: node orchestration/scrape-canvas.mjs
❌ Missing --user-id parameter
Usage: node scrape-canvas.mjs --user-id=USER_ID

    at genericNodeError (node:internal/errors:985:15)
    at wrappedFn (node:internal/errors:539:14)
    at ChildProcess.exithandler (node:child_process:417:12)
    at ChildProcess.emit (node:events:508:28)
    at maybeClose (node:internal/child_process:1100:16)
    at ChildProcess._handle.onexit (node:internal/child_process:305:5)
[2026-04-07T01:17:28.695Z] [INFO]   → Embedding new messages...
[2026-04-07T01:17:30.745Z] [INFO]   ✅ Embedded 0 new messages
[2026-04-07T01:17:30.746Z] [INFO]   → Running project detection...
[2026-04-07T01:17:31.768Z] [INFO]   ✅ Detected 0 projects
[2026-04-07T01:17:31.768Z] [INFO] Refresh cycle complete in 3.2s
[2026-04-07T01:17:58.584Z] [INFO] Starting refresh cycle...
[2026-04-07T01:17:58.584Z] [INFO]   → Scraping Canvas for new assignments...
[2026-04-07T01:17:58.705Z] [ERROR]   ⚠️  Canvas scrape failed: Command failed: node orchestration/scrape-canvas.mjs
❌ Missing --user-id parameter
Usage: node scrape-canvas.mjs --user-id=USER_ID

[2026-04-07T01:17:58.705Z] [ERROR] Error: Command failed: node orchestration/scrape-canvas.mjs
❌ Missing --user-id parameter
Usage: node scrape-canvas.mjs --user-id=USER_ID

    at genericNodeError (node:internal/errors:985:15)
    at wrappedFn (node:internal/errors:539:14)
    at ChildProcess.exithandler (node:child_process:417:12)
    at ChildProcess.emit (node:events:508:28)
    at maybeClose (node:internal/child_process:1100:16)
    at ChildProcess._handle.onexit (node:internal/child_process:305:5)
[2026-04-07T01:17:58.706Z] [INFO]   → Embedding new messages...
[2026-04-07T01:18:00.837Z] [INFO]   ✅ Embedded 0 new messages
[2026-04-07T01:18:00.837Z] [INFO]   → Running project detection...
[2026-04-07T01:18:01.849Z] [INFO]   ✅ Detected 0 projects
[2026-04-07T01:18:01.849Z] [INFO] Refresh cycle complete in 3.3s
[2026-04-07T01:18:28.597Z] [INFO] Starting refresh cycle...
[2026-04-07T01:18:28.597Z] [INFO]   → Scraping Canvas for new assignments...
[2026-04-07T01:18:28.736Z] [ERROR]   ⚠️  Canvas scrape failed: Command failed: node orchestration/scrape-canvas.mjs
❌ Missing --user-id parameter
Usage: node scrape-canvas.mjs --user-id=USER_ID

[2026-04-07T01:18:28.737Z] [ERROR] Error: Command failed: node orchestration/scrape-canvas.mjs
❌ Missing --user-id parameter
Usage: node scrape-canvas.mjs --user-id=USER_ID

    at genericNodeError (node:internal/errors:985:15)
    at wrappedFn (node:internal/errors:539:14)
    at ChildProcess.exithandler (node:child_process:417:12)
    at ChildProcess.emit (node:events:508:28)
    at maybeClose (node:internal/child_process:1100:16)
    at ChildProcess._handle.onexit (node:internal/child_process:305:5)
[2026-04-07T01:18:28.737Z] [INFO]   → Embedding new messages...
[2026-04-07T01:18:30.874Z] [INFO]   ✅ Embedded 0 new messages
[2026-04-07T01:18:30.874Z] [INFO]   → Running project detection...
[2026-04-07T01:18:31.895Z] [INFO]   ✅ Detected 0 projects
[2026-04-07T01:18:31.895Z] [INFO] Refresh cycle complete in 3.3s
[2026-04-07T01:18:58.610Z] [INFO] Starting refresh cycle...
[2026-04-07T01:18:58.610Z] [INFO]   → Scraping Canvas for new assignments...
[2026-04-07T01:18:58.731Z] [ERROR]   ⚠️  Canvas scrape failed: Command failed: node orchestration/scrape-canvas.mjs
❌ Missing --user-id parameter
Usage: node scrape-canvas.mjs --user-id=USER_ID

[2026-04-07T01:18:58.732Z] [ERROR] Error: Command failed: node orchestration/scrape-canvas.mjs
❌ Missing --user-id parameter
Usage: node scrape-canvas.mjs --user-id=USER_ID

    at genericNodeError (node:internal/errors:985:15)
    at wrappedFn (node:internal/errors:539:14)
    at ChildProcess.exithandler (node:child_process:417:12)
    at ChildProcess.emit (node:events:508:28)
    at maybeClose (node:internal/child_process:1100:16)
    at ChildProcess._handle.onexit (node:internal/child_process:305:5)
[2026-04-07T01:18:58.732Z] [INFO]   → Embedding new messages...
[2026-04-07T01:19:00.859Z] [INFO]   ✅ Embedded 0 new messages
[2026-04-07T01:19:00.859Z] [INFO]   → Running project detection...
[2026-04-07T01:19:01.875Z] [INFO]   ✅ Detected 0 projects
[2026-04-07T01:19:01.875Z] [INFO] Refresh cycle complete in 3.3s
[2026-04-07T01:19:28.623Z] [INFO] Starting refresh cycle...
[2026-04-07T01:19:28.624Z] [INFO]   → Scraping Canvas for new assignments...
[2026-04-07T01:19:28.747Z] [ERROR]   ⚠️  Canvas scrape failed: Command failed: node orchestration/scrape-canvas.mjs
❌ Missing --user-id parameter
Usage: node scrape-canvas.mjs --user-id=USER_ID

[2026-04-07T01:19:28.747Z] [ERROR] Error: Command failed: node orchestration/scrape-canvas.mjs
❌ Missing --user-id parameter
Usage: node scrape-canvas.mjs --user-id=USER_ID

    at genericNodeError (node:internal/errors:985:15)
    at wrappedFn (node:internal/errors:539:14)
    at ChildProcess.exithandler (node:child_process:417:12)
    at ChildProcess.emit (node:events:508:28)
    at maybeClose (node:internal/child_process:1100:16)
    at ChildProcess._handle.onexit (node:internal/child_process:305:5)
[2026-04-07T01:19:28.747Z] [INFO]   → Embedding new messages...
[2026-04-07T01:19:30.803Z] [INFO]   ✅ Embedded 0 new messages
[2026-04-07T01:19:30.803Z] [INFO]   → Running project detection...
[2026-04-07T01:19:31.821Z] [INFO]   ✅ Detected 0 projects
[2026-04-07T01:19:31.822Z] [INFO] Refresh cycle complete in 3.2s
[2026-04-07T01:19:58.637Z] [INFO] Starting refresh cycle...
[2026-04-07T01:19:58.637Z] [INFO]   → Scraping Canvas for new assignments...
[2026-04-07T01:19:58.759Z] [ERROR]   ⚠️  Canvas scrape failed: Command failed: node orchestration/scrape-canvas.mjs
❌ Missing --user-id parameter
Usage: node scrape-canvas.mjs --user-id=USER_ID

[2026-04-07T01:19:58.760Z] [ERROR] Error: Command failed: node orchestration/scrape-canvas.mjs
❌ Missing --user-id parameter
Usage: node scrape-canvas.mjs --user-id=USER_ID

    at genericNodeError (node:internal/errors:985:15)
    at wrappedFn (node:internal/errors:539:14)
    at ChildProcess.exithandler (node:child_process:417:12)
    at ChildProcess.emit (node:events:508:28)
    at maybeClose (node:internal/child_process:1100:16)
    at ChildProcess._handle.onexit (node:internal/child_process:305:5)
[2026-04-07T01:19:58.760Z] [INFO]   → Embedding new messages...
[2026-04-07T01:20:00.821Z] [INFO]   ✅ Embedded 0 new messages
[2026-04-07T01:20:00.821Z] [INFO]   → Running project detection...
[2026-04-07T01:20:01.833Z] [INFO]   ✅ Detected 0 projects
[2026-04-07T01:20:01.833Z] [INFO] Refresh cycle complete in 3.2s
[2026-04-07T01:20:28.649Z] [INFO] Starting refresh cycle...
[2026-04-07T01:20:28.649Z] [INFO]   → Scraping Canvas for new assignments...
[2026-04-07T01:20:28.771Z] [ERROR]   ⚠️  Canvas scrape failed: Command failed: node orchestration/scrape-canvas.mjs
❌ Missing --user-id parameter
Usage: node scrape-canvas.mjs --user-id=USER_ID

[2026-04-07T01:20:28.771Z] [ERROR] Error: Command failed: node orchestration/scrape-canvas.mjs
❌ Missing --user-id parameter
Usage: node scrape-canvas.mjs --user-id=USER_ID

    at genericNodeError (node:internal/errors:985:15)
    at wrappedFn (node:internal/errors:539:14)
    at ChildProcess.exithandler (node:child_process:417:12)
    at ChildProcess.emit (node:events:508:28)
    at maybeClose (node:internal/child_process:1100:16)
    at ChildProcess._handle.onexit (node:internal/child_process:305:5)
[2026-04-07T01:20:28.771Z] [INFO]   → Embedding new messages...
[2026-04-07T01:20:30.849Z] [INFO]   ✅ Embedded 0 new messages
[2026-04-07T01:20:30.849Z] [INFO]   → Running project detection...
[2026-04-07T01:20:31.869Z] [INFO]   ✅ Detected 0 projects
[2026-04-07T01:20:31.869Z] [INFO] Refresh cycle complete in 3.2s
[2026-04-07T01:20:58.655Z] [INFO] Starting refresh cycle...
[2026-04-07T01:20:58.655Z] [INFO]   → Scraping Canvas for new assignments...
[2026-04-07T01:20:58.775Z] [ERROR]   ⚠️  Canvas scrape failed: Command failed: node orchestration/scrape-canvas.mjs
❌ Missing --user-id parameter
Usage: node scrape-canvas.mjs --user-id=USER_ID

[2026-04-07T01:20:58.775Z] [ERROR] Error: Command failed: node orchestration/scrape-canvas.mjs
❌ Missing --user-id parameter
Usage: node scrape-canvas.mjs --user-id=USER_ID

    at genericNodeError (node:internal/errors:985:15)
    at wrappedFn (node:internal/errors:539:14)
    at ChildProcess.exithandler (node:child_process:417:12)
    at ChildProcess.emit (node:events:508:28)
    at maybeClose (node:internal/child_process:1100:16)
    at ChildProcess._handle.onexit (node:internal/child_process:305:5)
[2026-04-07T01:20:58.776Z] [INFO]   → Embedding new messages...
[2026-04-07T01:21:00.806Z] [INFO]   ✅ Embedded 0 new messages
[2026-04-07T01:21:00.806Z] [INFO]   → Running project detection...
[2026-04-07T01:21:01.805Z] [INFO]   ✅ Detected 0 projects
[2026-04-07T01:21:01.805Z] [INFO] Refresh cycle complete in 3.1s
[2026-04-07T01:21:28.667Z] [INFO] Starting refresh cycle...
[2026-04-07T01:21:28.668Z] [INFO]   → Scraping Canvas for new assignments...
[2026-04-07T01:21:28.789Z] [ERROR]   ⚠️  Canvas scrape failed: Command failed: node orchestration/scrape-canvas.mjs
❌ Missing --user-id parameter
Usage: node scrape-canvas.mjs --user-id=USER_ID

[2026-04-07T01:21:28.789Z] [ERROR] Error: Command failed: node orchestration/scrape-canvas.mjs
❌ Missing --user-id parameter
Usage: node scrape-canvas.mjs --user-id=USER_ID

    at genericNodeError (node:internal/errors:985:15)
    at wrappedFn (node:internal/errors:539:14)
    at ChildProcess.exithandler (node:child_process:417:12)
    at ChildProcess.emit (node:events:508:28)
    at maybeClose (node:internal/child_process:1100:16)
    at ChildProcess._handle.onexit (node:internal/child_process:305:5)
[2026-04-07T01:21:28.790Z] [INFO]   → Embedding new messages...
[2026-04-07T01:21:30.865Z] [INFO]   ✅ Embedded 0 new messages
[2026-04-07T01:21:30.865Z] [INFO]   → Running project detection...
[2026-04-07T01:21:31.864Z] [INFO]   ✅ Detected 0 projects
[2026-04-07T01:21:31.865Z] [INFO] Refresh cycle complete in 3.2s
[2026-04-07T01:21:58.667Z] [INFO] Starting refresh cycle...
[2026-04-07T01:21:58.667Z] [INFO]   → Scraping Canvas for new assignments...
[2026-04-07T01:21:58.800Z] [ERROR]   ⚠️  Canvas scrape failed: Command failed: node orchestration/scrape-canvas.mjs
❌ Missing --user-id parameter
Usage: node scrape-canvas.mjs --user-id=USER_ID

[2026-04-07T01:21:58.800Z] [ERROR] Error: Command failed: node orchestration/scrape-canvas.mjs
❌ Missing --user-id parameter
Usage: node scrape-canvas.mjs --user-id=USER_ID

    at genericNodeError (node:internal/errors:985:15)
    at wrappedFn (node:internal/errors:539:14)
    at ChildProcess.exithandler (node:child_process:417:12)
    at ChildProcess.emit (node:events:508:28)
    at maybeClose (node:internal/child_process:1100:16)
    at ChildProcess._handle.onexit (node:internal/child_process:305:5)
[2026-04-07T01:21:58.800Z] [INFO]   → Embedding new messages...
[2026-04-07T01:22:00.843Z] [INFO]   ✅ Embedded 0 new messages
[2026-04-07T01:22:00.844Z] [INFO]   → Running project detection...
[2026-04-07T01:22:01.849Z] [INFO]   ✅ Detected 0 projects
[2026-04-07T01:22:01.849Z] [INFO] Refresh cycle complete in 3.2s
[2026-04-07T01:22:28.672Z] [INFO] Starting refresh cycle...
[2026-04-07T01:22:28.672Z] [INFO]   → Scraping Canvas for new assignments...
[2026-04-07T01:22:28.793Z] [ERROR]   ⚠️  Canvas scrape failed: Command failed: node orchestration/scrape-canvas.mjs
❌ Missing --user-id parameter
Usage: node scrape-canvas.mjs --user-id=USER_ID

[2026-04-07T01:22:28.793Z] [ERROR] Error: Command failed: node orchestration/scrape-canvas.mjs
❌ Missing --user-id parameter
Usage: node scrape-canvas.mjs --user-id=USER_ID

    at genericNodeError (node:internal/errors:985:15)
    at wrappedFn (node:internal/errors:539:14)
    at ChildProcess.exithandler (node:child_process:417:12)
    at ChildProcess.emit (node:events:508:28)
    at maybeClose (node:internal/child_process:1100:16)
    at ChildProcess._handle.onexit (node:internal/child_process:305:5)
[2026-04-07T01:22:28.793Z] [INFO]   → Embedding new messages...
[2026-04-07T01:22:30.826Z] [INFO]   ✅ Embedded 0 new messages
[2026-04-07T01:22:30.826Z] [INFO]   → Running project detection...
[2026-04-07T01:22:31.827Z] [INFO]   ✅ Detected 0 projects
[2026-04-07T01:22:31.827Z] [INFO] Refresh cycle complete in 3.2s
[2026-04-07T01:22:58.678Z] [INFO] Starting refresh cycle...
[2026-04-07T01:22:58.678Z] [INFO]   → Scraping Canvas for new assignments...
[2026-04-07T01:22:58.800Z] [ERROR]   ⚠️  Canvas scrape failed: Command failed: node orchestration/scrape-canvas.mjs
❌ Missing --user-id parameter
Usage: node scrape-canvas.mjs --user-id=USER_ID

[2026-04-07T01:22:58.800Z] [ERROR] Error: Command failed: node orchestration/scrape-canvas.mjs
❌ Missing --user-id parameter
Usage: node scrape-canvas.mjs --user-id=USER_ID

    at genericNodeError (node:internal/errors:985:15)
    at wrappedFn (node:internal/errors:539:14)
    at ChildProcess.exithandler (node:child_process:417:12)
    at ChildProcess.emit (node:events:508:28)
    at maybeClose (node:internal/child_process:1100:16)
    at ChildProcess._handle.onexit (node:internal/child_process:305:5)
[2026-04-07T01:22:58.801Z] [INFO]   → Embedding new messages...
[2026-04-07T01:23:00.831Z] [INFO]   ✅ Embedded 0 new messages
[2026-04-07T01:23:00.832Z] [INFO]   → Running project detection...
[2026-04-07T01:23:01.833Z] [INFO]   ✅ Detected 0 projects
[2026-04-07T01:23:01.833Z] [INFO] Refresh cycle complete in 3.2s
[2026-04-07T01:23:28.684Z] [INFO] Starting refresh cycle...
[2026-04-07T01:23:28.685Z] [INFO]   → Scraping Canvas for new assignments...
[2026-04-07T01:23:28.816Z] [ERROR]   ⚠️  Canvas scrape failed: Command failed: node orchestration/scrape-canvas.mjs
❌ Missing --user-id parameter
Usage: node scrape-canvas.mjs --user-id=USER_ID

[2026-04-07T01:23:28.816Z] [ERROR] Error: Command failed: node orchestration/scrape-canvas.mjs
❌ Missing --user-id parameter
Usage: node scrape-canvas.mjs --user-id=USER_ID

    at genericNodeError (node:internal/errors:985:15)
    at wrappedFn (node:internal/errors:539:14)
    at ChildProcess.exithandler (node:child_process:417:12)
    at ChildProcess.emit (node:events:508:28)
    at maybeClose (node:internal/child_process:1100:16)
    at ChildProcess._handle.onexit (node:internal/child_process:305:5)
[2026-04-07T01:23:28.816Z] [INFO]   → Embedding new messages...
[2026-04-07T01:23:30.908Z] [INFO]   ✅ Embedded 0 new messages
[2026-04-07T01:23:30.908Z] [INFO]   → Running project detection...
[2026-04-07T01:23:31.915Z] [INFO]   ✅ Detected 0 projects
[2026-04-07T01:23:31.916Z] [INFO] Refresh cycle complete in 3.2s
[2026-04-07T01:23:58.685Z] [INFO] Starting refresh cycle...
[2026-04-07T01:23:58.685Z] [INFO]   → Scraping Canvas for new assignments...
[2026-04-07T01:23:58.806Z] [ERROR]   ⚠️  Canvas scrape failed: Command failed: node orchestration/scrape-canvas.mjs
❌ Missing --user-id parameter
Usage: node scrape-canvas.mjs --user-id=USER_ID

[2026-04-07T01:23:58.806Z] [ERROR] Error: Command failed: node orchestration/scrape-canvas.mjs
❌ Missing --user-id parameter
Usage: node scrape-canvas.mjs --user-id=USER_ID

    at genericNodeError (node:internal/errors:985:15)
    at wrappedFn (node:internal/errors:539:14)
    at ChildProcess.exithandler (node:child_process:417:12)
    at ChildProcess.emit (node:events:508:28)
    at maybeClose (node:internal/child_process:1100:16)
    at ChildProcess._handle.onexit (node:internal/child_process:305:5)
[2026-04-07T01:23:58.806Z] [INFO]   → Embedding new messages...
[2026-04-07T01:24:00.892Z] [INFO]   ✅ Embedded 0 new messages
[2026-04-07T01:24:00.892Z] [INFO]   → Running project detection...
[2026-04-07T01:24:01.895Z] [INFO]   ✅ Detected 0 projects
[2026-04-07T01:24:01.896Z] [INFO] Refresh cycle complete in 3.2s
[2026-04-07T01:24:28.699Z] [INFO] Starting refresh cycle...
[2026-04-07T01:24:28.700Z] [INFO]   → Scraping Canvas for new assignments...
[2026-04-07T01:24:28.831Z] [ERROR]   ⚠️  Canvas scrape failed: Command failed: node orchestration/scrape-canvas.mjs
❌ Missing --user-id parameter
Usage: node scrape-canvas.mjs --user-id=USER_ID

[2026-04-07T01:24:28.831Z] [ERROR] Error: Command failed: node orchestration/scrape-canvas.mjs
❌ Missing --user-id parameter
Usage: node scrape-canvas.mjs --user-id=USER_ID

    at genericNodeError (node:internal/errors:985:15)
    at wrappedFn (node:internal/errors:539:14)
    at ChildProcess.exithandler (node:child_process:417:12)
    at ChildProcess.emit (node:events:508:28)
    at maybeClose (node:internal/child_process:1100:16)
    at ChildProcess._handle.onexit (node:internal/child_process:305:5)
[2026-04-07T01:24:28.832Z] [INFO]   → Embedding new messages...
[2026-04-07T01:24:30.875Z] [INFO]   ✅ Embedded 0 new messages
[2026-04-07T01:24:30.875Z] [INFO]   → Running project detection...
[2026-04-07T01:24:31.883Z] [INFO]   ✅ Detected 0 projects
[2026-04-07T01:24:31.883Z] [INFO] Refresh cycle complete in 3.2s
[2026-04-07T01:24:58.713Z] [INFO] Starting refresh cycle...
[2026-04-07T01:24:58.713Z] [INFO]   → Scraping Canvas for new assignments...
[2026-04-07T01:24:58.844Z] [ERROR]   ⚠️  Canvas scrape failed: Command failed: node orchestration/scrape-canvas.mjs
❌ Missing --user-id parameter
Usage: node scrape-canvas.mjs --user-id=USER_ID

[2026-04-07T01:24:58.844Z] [ERROR] Error: Command failed: node orchestration/scrape-canvas.mjs
❌ Missing --user-id parameter
Usage: node scrape-canvas.mjs --user-id=USER_ID

    at genericNodeError (node:internal/errors:985:15)
    at wrappedFn (node:internal/errors:539:14)
    at ChildProcess.exithandler (node:child_process:417:12)
    at ChildProcess.emit (node:events:508:28)
    at maybeClose (node:internal/child_process:1100:16)
    at ChildProcess._handle.onexit (node:internal/child_process:305:5)
[2026-04-07T01:24:58.844Z] [INFO]   → Embedding new messages...
[2026-04-07T01:25:00.880Z] [INFO]   ✅ Embedded 0 new messages
[2026-04-07T01:25:00.880Z] [INFO]   → Running project detection...
[2026-04-07T01:25:01.898Z] [INFO]   ✅ Detected 0 projects
[2026-04-07T01:25:01.898Z] [INFO] Refresh cycle complete in 3.2s
[2026-04-07T01:25:28.716Z] [INFO] Starting refresh cycle...
[2026-04-07T01:25:28.716Z] [INFO]   → Scraping Canvas for new assignments...
[2026-04-07T01:25:28.840Z] [ERROR]   ⚠️  Canvas scrape failed: Command failed: node orchestration/scrape-canvas.mjs
❌ Missing --user-id parameter
Usage: node scrape-canvas.mjs --user-id=USER_ID

[2026-04-07T01:25:28.841Z] [ERROR] Error: Command failed: node orchestration/scrape-canvas.mjs
❌ Missing --user-id parameter
Usage: node scrape-canvas.mjs --user-id=USER_ID

    at genericNodeError (node:internal/errors:985:15)
    at wrappedFn (node:internal/errors:539:14)
    at ChildProcess.exithandler (node:child_process:417:12)
    at ChildProcess.emit (node:events:508:28)
    at maybeClose (node:internal/child_process:1100:16)
    at ChildProcess._handle.onexit (node:internal/child_process:305:5)
[2026-04-07T01:25:28.841Z] [INFO]   → Embedding new messages...
[2026-04-07T01:25:30.853Z] [INFO]   ✅ Embedded 0 new messages
[2026-04-07T01:25:30.853Z] [INFO]   → Running project detection...
[2026-04-07T01:25:31.869Z] [INFO]   ✅ Detected 0 projects
[2026-04-07T01:25:31.869Z] [INFO] Refresh cycle complete in 3.2s
[2026-04-07T01:25:58.719Z] [INFO] Starting refresh cycle...
[2026-04-07T01:25:58.719Z] [INFO]   → Scraping Canvas for new assignments...
[2026-04-07T01:25:58.851Z] [ERROR]   ⚠️  Canvas scrape failed: Command failed: node orchestration/scrape-canvas.mjs
❌ Missing --user-id parameter
Usage: node scrape-canvas.mjs --user-id=USER_ID

[2026-04-07T01:25:58.852Z] [ERROR] Error: Command failed: node orchestration/scrape-canvas.mjs
❌ Missing --user-id parameter
Usage: node scrape-canvas.mjs --user-id=USER_ID

    at genericNodeError (node:internal/errors:985:15)
    at wrappedFn (node:internal/errors:539:14)
    at ChildProcess.exithandler (node:child_process:417:12)
    at ChildProcess.emit (node:events:508:28)
    at maybeClose (node:internal/child_process:1100:16)
    at ChildProcess._handle.onexit (node:internal/child_process:305:5)
[2026-04-07T01:25:58.852Z] [INFO]   → Embedding new messages...
[2026-04-07T01:26:00.928Z] [INFO]   ✅ Embedded 0 new messages
[2026-04-07T01:26:00.928Z] [INFO]   → Running project detection...
[2026-04-07T01:26:01.962Z] [INFO]   ✅ Detected 0 projects
[2026-04-07T01:26:01.962Z] [INFO] Refresh cycle complete in 3.2s
[2026-04-07T01:26:28.720Z] [INFO] Starting refresh cycle...
[2026-04-07T01:26:28.720Z] [INFO]   → Scraping Canvas for new assignments...
[2026-04-07T01:26:28.850Z] [ERROR]   ⚠️  Canvas scrape failed: Command failed: node orchestration/scrape-canvas.mjs
❌ Missing --user-id parameter
Usage: node scrape-canvas.mjs --user-id=USER_ID

[2026-04-07T01:26:28.850Z] [ERROR] Error: Command failed: node orchestration/scrape-canvas.mjs
❌ Missing --user-id parameter
Usage: node scrape-canvas.mjs --user-id=USER_ID

    at genericNodeError (node:internal/errors:985:15)
    at wrappedFn (node:internal/errors:539:14)
    at ChildProcess.exithandler (node:child_process:417:12)
    at ChildProcess.emit (node:events:508:28)
    at maybeClose (node:internal/child_process:1100:16)
    at ChildProcess._handle.onexit (node:internal/child_process:305:5)
[2026-04-07T01:26:28.851Z] [INFO]   → Embedding new messages...
[2026-04-07T01:26:30.877Z] [INFO]   ✅ Embedded 0 new messages
[2026-04-07T01:26:30.877Z] [INFO]   → Running project detection...
[2026-04-07T01:26:31.887Z] [INFO]   ✅ Detected 0 projects
[2026-04-07T01:26:31.887Z] [INFO] Refresh cycle complete in 3.2s
[2026-04-07T01:26:58.725Z] [INFO] Starting refresh cycle...
[2026-04-07T01:26:58.725Z] [INFO]   → Scraping Canvas for new assignments...
[2026-04-07T01:26:58.858Z] [ERROR]   ⚠️  Canvas scrape failed: Command failed: node orchestration/scrape-canvas.mjs
❌ Missing --user-id parameter
Usage: node scrape-canvas.mjs --user-id=USER_ID

[2026-04-07T01:26:58.858Z] [ERROR] Error: Command failed: node orchestration/scrape-canvas.mjs
❌ Missing --user-id parameter
Usage: node scrape-canvas.mjs --user-id=USER_ID

    at genericNodeError (node:internal/errors:985:15)
    at wrappedFn (node:internal/errors:539:14)
    at ChildProcess.exithandler (node:child_process:417:12)
    at ChildProcess.emit (node:events:508:28)
    at maybeClose (node:internal/child_process:1100:16)
    at ChildProcess._handle.onexit (node:internal/child_process:305:5)
[2026-04-07T01:26:58.859Z] [INFO]   → Embedding new messages...
[2026-04-07T01:27:00.994Z] [INFO]   ✅ Embedded 0 new messages
[2026-04-07T01:27:00.994Z] [INFO]   → Running project detection...
[2026-04-07T01:27:02.017Z] [INFO]   ✅ Detected 0 projects
[2026-04-07T01:27:02.018Z] [INFO] Refresh cycle complete in 3.3s
[2026-04-07T01:27:28.728Z] [INFO] Starting refresh cycle...
[2026-04-07T01:27:28.728Z] [INFO]   → Scraping Canvas for new assignments...
[2026-04-07T01:27:28.847Z] [ERROR]   ⚠️  Canvas scrape failed: Command failed: node orchestration/scrape-canvas.mjs
❌ Missing --user-id parameter
Usage: node scrape-canvas.mjs --user-id=USER_ID

[2026-04-07T01:27:28.848Z] [ERROR] Error: Command failed: node orchestration/scrape-canvas.mjs
❌ Missing --user-id parameter
Usage: node scrape-canvas.mjs --user-id=USER_ID

    at genericNodeError (node:internal/errors:985:15)
    at wrappedFn (node:internal/errors:539:14)
    at ChildProcess.exithandler (node:child_process:417:12)
    at ChildProcess.emit (node:events:508:28)
    at maybeClose (node:internal/child_process:1100:16)
    at ChildProcess._handle.onexit (node:internal/child_process:305:5)
[2026-04-07T01:27:28.848Z] [INFO]   → Embedding new messages...
[2026-04-07T01:27:30.916Z] [INFO]   ✅ Embedded 0 new messages
[2026-04-07T01:27:30.916Z] [INFO]   → Running project detection...
[2026-04-07T01:27:31.916Z] [INFO]   ✅ Detected 0 projects
[2026-04-07T01:27:31.916Z] [INFO] Refresh cycle complete in 3.2s
[2026-04-07T01:27:58.740Z] [INFO] Starting refresh cycle...
[2026-04-07T01:27:58.740Z] [INFO]   → Scraping Canvas for new assignments...
[2026-04-07T01:27:58.860Z] [ERROR]   ⚠️  Canvas scrape failed: Command failed: node orchestration/scrape-canvas.mjs
❌ Missing --user-id parameter
Usage: node scrape-canvas.mjs --user-id=USER_ID

[2026-04-07T01:27:58.861Z] [ERROR] Error: Command failed: node orchestration/scrape-canvas.mjs
❌ Missing --user-id parameter
Usage: node scrape-canvas.mjs --user-id=USER_ID

    at genericNodeError (node:internal/errors:985:15)
    at wrappedFn (node:internal/errors:539:14)
    at ChildProcess.exithandler (node:child_process:417:12)
    at ChildProcess.emit (node:events:508:28)
    at maybeClose (node:internal/child_process:1100:16)
    at ChildProcess._handle.onexit (node:internal/child_process:305:5)
[2026-04-07T01:27:58.861Z] [INFO]   → Embedding new messages...
[2026-04-07T01:28:00.925Z] [INFO]   ✅ Embedded 0 new messages
[2026-04-07T01:28:00.925Z] [INFO]   → Running project detection...
[2026-04-07T01:28:01.935Z] [INFO]   ✅ Detected 0 projects
[2026-04-07T01:28:01.935Z] [INFO] Refresh cycle complete in 3.2s
[2026-04-07T01:28:28.743Z] [INFO] Starting refresh cycle...
[2026-04-07T01:28:28.743Z] [INFO]   → Scraping Canvas for new assignments...
[2026-04-07T01:28:28.865Z] [ERROR]   ⚠️  Canvas scrape failed: Command failed: node orchestration/scrape-canvas.mjs
❌ Missing --user-id parameter
Usage: node scrape-canvas.mjs --user-id=USER_ID

[2026-04-07T01:28:28.866Z] [ERROR] Error: Command failed: node orchestration/scrape-canvas.mjs
❌ Missing --user-id parameter
Usage: node scrape-canvas.mjs --user-id=USER_ID

    at genericNodeError (node:internal/errors:985:15)
    at wrappedFn (node:internal/errors:539:14)
    at ChildProcess.exithandler (node:child_process:417:12)
    at ChildProcess.emit (node:events:508:28)
    at maybeClose (node:internal/child_process:1100:16)
    at ChildProcess._handle.onexit (node:internal/child_process:305:5)
[2026-04-07T01:28:28.866Z] [INFO]   → Embedding new messages...
[2026-04-07T01:28:30.922Z] [INFO]   ✅ Embedded 0 new messages
[2026-04-07T01:28:30.922Z] [INFO]   → Running project detection...
[2026-04-07T01:28:31.938Z] [INFO]   ✅ Detected 0 projects
[2026-04-07T01:28:31.938Z] [INFO] Refresh cycle complete in 3.2s
[2026-04-07T01:28:58.747Z] [INFO] Starting refresh cycle...
[2026-04-07T01:28:58.747Z] [INFO]   → Scraping Canvas for new assignments...
[2026-04-07T01:28:58.868Z] [ERROR]   ⚠️  Canvas scrape failed: Command failed: node orchestration/scrape-canvas.mjs
❌ Missing --user-id parameter
Usage: node scrape-canvas.mjs --user-id=USER_ID

[2026-04-07T01:28:58.868Z] [ERROR] Error: Command failed: node orchestration/scrape-canvas.mjs
❌ Missing --user-id parameter
Usage: node scrape-canvas.mjs --user-id=USER_ID

    at genericNodeError (node:internal/errors:985:15)
    at wrappedFn (node:internal/errors:539:14)
    at ChildProcess.exithandler (node:child_process:417:12)
    at ChildProcess.emit (node:events:508:28)
    at maybeClose (node:internal/child_process:1100:16)
    at ChildProcess._handle.onexit (node:internal/child_process:305:5)
[2026-04-07T01:28:58.868Z] [INFO]   → Embedding new messages...
[2026-04-07T01:29:00.971Z] [INFO]   ✅ Embedded 0 new messages
[2026-04-07T01:29:00.971Z] [INFO]   → Running project detection...
[2026-04-07T01:29:01.983Z] [INFO]   ✅ Detected 0 projects
[2026-04-07T01:29:01.984Z] [INFO] Refresh cycle complete in 3.2s
[2026-04-07T01:29:28.752Z] [INFO] Starting refresh cycle...
[2026-04-07T01:29:28.752Z] [INFO]   → Scraping Canvas for new assignments...
[2026-04-07T01:29:28.873Z] [ERROR]   ⚠️  Canvas scrape failed: Command failed: node orchestration/scrape-canvas.mjs
❌ Missing --user-id parameter
Usage: node scrape-canvas.mjs --user-id=USER_ID

[2026-04-07T01:29:28.873Z] [ERROR] Error: Command failed: node orchestration/scrape-canvas.mjs
❌ Missing --user-id parameter
Usage: node scrape-canvas.mjs --user-id=USER_ID

    at genericNodeError (node:internal/errors:985:15)
    at wrappedFn (node:internal/errors:539:14)
    at ChildProcess.exithandler (node:child_process:417:12)
    at ChildProcess.emit (node:events:508:28)
    at maybeClose (node:internal/child_process:1100:16)
    at ChildProcess._handle.onexit (node:internal/child_process:305:5)
[2026-04-07T01:29:28.874Z] [INFO]   → Embedding new messages...
[2026-04-07T01:29:30.901Z] [INFO]   ✅ Embedded 0 new messages
[2026-04-07T01:29:30.901Z] [INFO]   → Running project detection...
[2026-04-07T01:29:31.900Z] [INFO]   ✅ Detected 0 projects
[2026-04-07T01:29:31.900Z] [INFO] Refresh cycle complete in 3.1s
[2026-04-07T01:29:58.764Z] [INFO] Starting refresh cycle...
[2026-04-07T01:29:58.764Z] [INFO]   → Scraping Canvas for new assignments...
[2026-04-07T01:29:58.897Z] [ERROR]   ⚠️  Canvas scrape failed: Command failed: node orchestration/scrape-canvas.mjs
❌ Missing --user-id parameter
Usage: node scrape-canvas.mjs --user-id=USER_ID

[2026-04-07T01:29:58.897Z] [ERROR] Error: Command failed: node orchestration/scrape-canvas.mjs
❌ Missing --user-id parameter
Usage: node scrape-canvas.mjs --user-id=USER_ID

    at genericNodeError (node:internal/errors:985:15)
    at wrappedFn (node:internal/errors:539:14)
    at ChildProcess.exithandler (node:child_process:417:12)
    at ChildProcess.emit (node:events:508:28)
    at maybeClose (node:internal/child_process:1100:16)
    at ChildProcess._handle.onexit (node:internal/child_process:305:5)
[2026-04-07T01:29:58.897Z] [INFO]   → Embedding new messages...
[2026-04-07T01:30:00.897Z] [INFO]   ✅ Embedded 0 new messages
[2026-04-07T01:30:00.898Z] [INFO]   → Running project detection...
[2026-04-07T01:30:01.892Z] [INFO]   ✅ Detected 0 projects
[2026-04-07T01:30:01.892Z] [INFO] Refresh cycle complete in 3.1s
[2026-04-07T01:30:28.773Z] [INFO] Starting refresh cycle...
[2026-04-07T01:30:28.774Z] [INFO]   → Scraping Canvas for new assignments...
[2026-04-07T01:30:28.892Z] [ERROR]   ⚠️  Canvas scrape failed: Command failed: node orchestration/scrape-canvas.mjs
❌ Missing --user-id parameter
Usage: node scrape-canvas.mjs --user-id=USER_ID

[2026-04-07T01:30:28.892Z] [ERROR] Error: Command failed: node orchestration/scrape-canvas.mjs
❌ Missing --user-id parameter
Usage: node scrape-canvas.mjs --user-id=USER_ID

    at genericNodeError (node:internal/errors:985:15)
    at wrappedFn (node:internal/errors:539:14)
    at ChildProcess.exithandler (node:child_process:417:12)
    at ChildProcess.emit (node:events:508:28)
    at maybeClose (node:internal/child_process:1100:16)
    at ChildProcess._handle.onexit (node:internal/child_process:305:5)
[2026-04-07T01:30:28.892Z] [INFO]   → Embedding new messages...
[2026-04-07T01:30:30.915Z] [INFO]   ✅ Embedded 0 new messages
[2026-04-07T01:30:30.915Z] [INFO]   → Running project detection...
[2026-04-07T01:30:31.925Z] [INFO]   ✅ Detected 0 projects
[2026-04-07T01:30:31.926Z] [INFO] Refresh cycle complete in 3.2s
[2026-04-07T01:30:58.788Z] [INFO] Starting refresh cycle...
[2026-04-07T01:30:58.788Z] [INFO]   → Scraping Canvas for new assignments...
[2026-04-07T01:30:58.908Z] [ERROR]   ⚠️  Canvas scrape failed: Command failed: node orchestration/scrape-canvas.mjs
❌ Missing --user-id parameter
Usage: node scrape-canvas.mjs --user-id=USER_ID

[2026-04-07T01:30:58.908Z] [ERROR] Error: Command failed: node orchestration/scrape-canvas.mjs
❌ Missing --user-id parameter
Usage: node scrape-canvas.mjs --user-id=USER_ID

    at genericNodeError (node:internal/errors:985:15)
    at wrappedFn (node:internal/errors:539:14)
    at ChildProcess.exithandler (node:child_process:417:12)
    at ChildProcess.emit (node:events:508:28)
    at maybeClose (node:internal/child_process:1100:16)
    at ChildProcess._handle.onexit (node:internal/child_process:305:5)
[2026-04-07T01:30:58.908Z] [INFO]   → Embedding new messages...
[2026-04-07T01:31:00.948Z] [INFO]   ✅ Embedded 0 new messages
[2026-04-07T01:31:00.948Z] [INFO]   → Running project detection...
[2026-04-07T01:31:01.968Z] [INFO]   ✅ Detected 0 projects
[2026-04-07T01:31:01.968Z] [INFO] Refresh cycle complete in 3.2s
[2026-04-07T05:52:21.766Z] [INFO] Starting refresh cycle...
[2026-04-07T05:52:21.766Z] [INFO]   → Scraping Canvas for new assignments...
[2026-04-07T05:52:24.279Z] [ERROR]   ⚠️  Canvas scrape failed: Command failed: node orchestration/scrape-canvas.mjs
❌ Missing --user-id parameter
Usage: node scrape-canvas.mjs --user-id=USER_ID

[2026-04-07T05:52:24.280Z] [ERROR] Error: Command failed: node orchestration/scrape-canvas.mjs
❌ Missing --user-id parameter
Usage: node scrape-canvas.mjs --user-id=USER_ID

    at genericNodeError (node:internal/errors:985:15)
    at wrappedFn (node:internal/errors:539:14)
    at ChildProcess.exithandler (node:child_process:417:12)
    at ChildProcess.emit (node:events:508:28)
    at maybeClose (node:internal/child_process:1100:16)
    at ChildProcess._handle.onexit (node:internal/child_process:305:5)
[2026-04-07T05:52:24.280Z] [INFO]   → Embedding new messages...
[2026-04-07T05:52:27.426Z] [INFO]   ✅ Embedded 0 new messages
[2026-04-07T05:52:27.426Z] [INFO]   → Running project detection...
[2026-04-07T05:52:28.519Z] [INFO]   ✅ Detected 0 projects
[2026-04-07T05:52:28.519Z] [INFO] Refresh cycle complete in 6.8s
[2026-04-07T05:52:51.767Z] [INFO] Starting refresh cycle...
[2026-04-07T05:52:51.767Z] [INFO]   → Scraping Canvas for new assignments...
[2026-04-07T05:52:51.902Z] [ERROR]   ⚠️  Canvas scrape failed: Command failed: node orchestration/scrape-canvas.mjs
❌ Missing --user-id parameter
Usage: node scrape-canvas.mjs --user-id=USER_ID

[2026-04-07T05:52:51.903Z] [ERROR] Error: Command failed: node orchestration/scrape-canvas.mjs
❌ Missing --user-id parameter
Usage: node scrape-canvas.mjs --user-id=USER_ID

    at genericNodeError (node:internal/errors:985:15)
    at wrappedFn (node:internal/errors:539:14)
    at ChildProcess.exithandler (node:child_process:417:12)
    at ChildProcess.emit (node:events:508:28)
    at maybeClose (node:internal/child_process:1100:16)
    at ChildProcess._handle.onexit (node:internal/child_process:305:5)
[2026-04-07T05:52:51.903Z] [INFO]   → Embedding new messages...
[2026-04-07T05:52:54.036Z] [INFO]   ✅ Embedded 0 new messages
[2026-04-07T05:52:54.036Z] [INFO]   → Running project detection...
[2026-04-07T05:52:55.056Z] [INFO]   ✅ Detected 0 projects
[2026-04-07T05:52:55.056Z] [INFO] Refresh cycle complete in 3.3s
[2026-04-07T05:53:21.780Z] [INFO] Starting refresh cycle...
[2026-04-07T05:53:21.781Z] [INFO]   → Scraping Canvas for new assignments...
[2026-04-07T05:53:21.901Z] [ERROR]   ⚠️  Canvas scrape failed: Command failed: node orchestration/scrape-canvas.mjs
❌ Missing --user-id parameter
Usage: node scrape-canvas.mjs --user-id=USER_ID

[2026-04-07T05:53:21.902Z] [ERROR] Error: Command failed: node orchestration/scrape-canvas.mjs
❌ Missing --user-id parameter
Usage: node scrape-canvas.mjs --user-id=USER_ID

    at genericNodeError (node:internal/errors:985:15)
    at wrappedFn (node:internal/errors:539:14)
    at ChildProcess.exithandler (node:child_process:417:12)
    at ChildProcess.emit (node:events:508:28)
    at maybeClose (node:internal/child_process:1100:16)
    at ChildProcess._handle.onexit (node:internal/child_process:305:5)
[2026-04-07T05:53:21.902Z] [INFO]   → Embedding new messages...
[2026-04-07T05:53:23.939Z] [INFO]   ✅ Embedded 0 new messages
[2026-04-07T05:53:23.939Z] [INFO]   → Running project detection...
[2026-04-07T05:53:24.947Z] [INFO]   ✅ Detected 0 projects
[2026-04-07T05:53:24.947Z] [INFO] Refresh cycle complete in 3.2s
[2026-04-07T05:53:51.781Z] [INFO] Starting refresh cycle...
[2026-04-07T05:53:51.781Z] [INFO]   → Scraping Canvas for new assignments...
[2026-04-07T05:53:51.911Z] [ERROR]   ⚠️  Canvas scrape failed: Command failed: node orchestration/scrape-canvas.mjs
❌ Missing --user-id parameter
Usage: node scrape-canvas.mjs --user-id=USER_ID

[2026-04-07T05:53:51.911Z] [ERROR] Error: Command failed: node orchestration/scrape-canvas.mjs
❌ Missing --user-id parameter
Usage: node scrape-canvas.mjs --user-id=USER_ID

    at genericNodeError (node:internal/errors:985:15)
    at wrappedFn (node:internal/errors:539:14)
    at ChildProcess.exithandler (node:child_process:417:12)
    at ChildProcess.emit (node:events:508:28)
    at maybeClose (node:internal/child_process:1100:16)
    at ChildProcess._handle.onexit (node:internal/child_process:305:5)
[2026-04-07T05:53:51.911Z] [INFO]   → Embedding new messages...
[2026-04-07T05:53:53.900Z] [INFO]   ✅ Embedded 0 new messages
[2026-04-07T05:53:53.900Z] [INFO]   → Running project detection...
[2026-04-07T05:53:54.889Z] [INFO]   ✅ Detected 0 projects
[2026-04-07T05:53:54.889Z] [INFO] Refresh cycle complete in 3.1s
[2026-04-07T05:54:21.785Z] [INFO] Starting refresh cycle...
[2026-04-07T05:54:21.786Z] [INFO]   → Scraping Canvas for new assignments...
[2026-04-07T05:54:21.905Z] [ERROR]   ⚠️  Canvas scrape failed: Command failed: node orchestration/scrape-canvas.mjs
❌ Missing --user-id parameter
Usage: node scrape-canvas.mjs --user-id=USER_ID

[2026-04-07T05:54:21.905Z] [ERROR] Error: Command failed: node orchestration/scrape-canvas.mjs
❌ Missing --user-id parameter
Usage: node scrape-canvas.mjs --user-id=USER_ID

    at genericNodeError (node:internal/errors:985:15)
    at wrappedFn (node:internal/errors:539:14)
    at ChildProcess.exithandler (node:child_process:417:12)
    at ChildProcess.emit (node:events:508:28)
    at maybeClose (node:internal/child_process:1100:16)
    at ChildProcess._handle.onexit (node:internal/child_process:305:5)
[2026-04-07T05:54:21.906Z] [INFO]   → Embedding new messages...
[2026-04-07T05:54:23.886Z] [INFO]   ✅ Embedded 0 new messages
[2026-04-07T05:54:23.886Z] [INFO]   → Running project detection...
[2026-04-07T05:54:24.876Z] [INFO]   ✅ Detected 0 projects
[2026-04-07T05:54:24.876Z] [INFO] Refresh cycle complete in 3.1s
[2026-04-07T05:54:51.793Z] [INFO] Starting refresh cycle...
[2026-04-07T05:54:51.793Z] [INFO]   → Scraping Canvas for new assignments...
[2026-04-07T05:54:51.911Z] [ERROR]   ⚠️  Canvas scrape failed: Command failed: node orchestration/scrape-canvas.mjs
❌ Missing --user-id parameter
Usage: node scrape-canvas.mjs --user-id=USER_ID

[2026-04-07T05:54:51.912Z] [ERROR] Error: Command failed: node orchestration/scrape-canvas.mjs
❌ Missing --user-id parameter
Usage: node scrape-canvas.mjs --user-id=USER_ID

    at genericNodeError (node:internal/errors:985:15)
    at wrappedFn (node:internal/errors:539:14)
    at ChildProcess.exithandler (node:child_process:417:12)
    at ChildProcess.emit (node:events:508:28)
    at maybeClose (node:internal/child_process:1100:16)
    at ChildProcess._handle.onexit (node:internal/child_process:305:5)
[2026-04-07T05:54:51.912Z] [INFO]   → Embedding new messages...
[2026-04-07T05:54:53.929Z] [INFO]   ✅ Embedded 0 new messages
[2026-04-07T05:54:53.929Z] [INFO]   → Running project detection...
[2026-04-07T05:54:54.918Z] [INFO]   ✅ Detected 0 projects
[2026-04-07T05:54:54.918Z] [INFO] Refresh cycle complete in 3.1s
[2026-04-07T05:55:21.807Z] [INFO] Starting refresh cycle...
[2026-04-07T05:55:21.807Z] [INFO]   → Scraping Canvas for new assignments...
[2026-04-07T05:55:21.924Z] [ERROR]   ⚠️  Canvas scrape failed: Command failed: node orchestration/scrape-canvas.mjs
❌ Missing --user-id parameter
Usage: node scrape-canvas.mjs --user-id=USER_ID

[2026-04-07T05:55:21.924Z] [ERROR] Error: Command failed: node orchestration/scrape-canvas.mjs
❌ Missing --user-id parameter
Usage: node scrape-canvas.mjs --user-id=USER_ID

    at genericNodeError (node:internal/errors:985:15)
    at wrappedFn (node:internal/errors:539:14)
    at ChildProcess.exithandler (node:child_process:417:12)
    at ChildProcess.emit (node:events:508:28)
    at maybeClose (node:internal/child_process:1100:16)
    at ChildProcess._handle.onexit (node:internal/child_process:305:5)
[2026-04-07T05:55:21.924Z] [INFO]   → Embedding new messages...
[2026-04-07T05:55:23.941Z] [INFO]   ✅ Embedded 0 new messages
[2026-04-07T05:55:23.941Z] [INFO]   → Running project detection...
[2026-04-07T05:55:24.938Z] [INFO]   ✅ Detected 0 projects
[2026-04-07T05:55:24.938Z] [INFO] Refresh cycle complete in 3.1s
[2026-04-07T05:55:51.814Z] [INFO] Starting refresh cycle...
[2026-04-07T05:55:51.814Z] [INFO]   → Scraping Canvas for new assignments...
[2026-04-07T05:55:51.944Z] [ERROR]   ⚠️  Canvas scrape failed: Command failed: node orchestration/scrape-canvas.mjs
❌ Missing --user-id parameter
Usage: node scrape-canvas.mjs --user-id=USER_ID

[2026-04-07T05:55:51.944Z] [ERROR] Error: Command failed: node orchestration/scrape-canvas.mjs
❌ Missing --user-id parameter
Usage: node scrape-canvas.mjs --user-id=USER_ID

    at genericNodeError (node:internal/errors:985:15)
    at wrappedFn (node:internal/errors:539:14)
    at ChildProcess.exithandler (node:child_process:417:12)
    at ChildProcess.emit (node:events:508:28)
    at maybeClose (node:internal/child_process:1100:16)
    at ChildProcess._handle.onexit (node:internal/child_process:305:5)
[2026-04-07T05:55:51.944Z] [INFO]   → Embedding new messages...
[2026-04-07T05:55:53.943Z] [INFO]   ✅ Embedded 0 new messages
[2026-04-07T05:55:53.943Z] [INFO]   → Running project detection...
[2026-04-07T05:55:54.939Z] [INFO]   ✅ Detected 0 projects
[2026-04-07T05:55:54.939Z] [INFO] Refresh cycle complete in 3.1s
[2026-04-07T05:56:21.817Z] [INFO] Starting refresh cycle...
[2026-04-07T05:56:21.817Z] [INFO]   → Scraping Canvas for new assignments...
[2026-04-07T05:56:21.939Z] [ERROR]   ⚠️  Canvas scrape failed: Command failed: node orchestration/scrape-canvas.mjs
❌ Missing --user-id parameter
Usage: node scrape-canvas.mjs --user-id=USER_ID

[2026-04-07T05:56:21.940Z] [ERROR] Error: Command failed: node orchestration/scrape-canvas.mjs
❌ Missing --user-id parameter
Usage: node scrape-canvas.mjs --user-id=USER_ID

    at genericNodeError (node:internal/errors:985:15)
    at wrappedFn (node:internal/errors:539:14)
    at ChildProcess.exithandler (node:child_process:417:12)
    at ChildProcess.emit (node:events:508:28)
    at maybeClose (node:internal/child_process:1100:16)
    at ChildProcess._handle.onexit (node:internal/child_process:305:5)
[2026-04-07T05:56:21.940Z] [INFO]   → Embedding new messages...
[2026-04-07T05:56:23.933Z] [INFO]   ✅ Embedded 0 new messages
[2026-04-07T05:56:23.934Z] [INFO]   → Running project detection...
[2026-04-07T05:56:24.924Z] [INFO]   ✅ Detected 0 projects
[2026-04-07T05:56:24.924Z] [INFO] Refresh cycle complete in 3.1s
[2026-04-07T05:56:51.822Z] [INFO] Starting refresh cycle...
[2026-04-07T05:56:51.822Z] [INFO]   → Scraping Canvas for new assignments...
[2026-04-07T05:56:51.953Z] [ERROR]   ⚠️  Canvas scrape failed: Command failed: node orchestration/scrape-canvas.mjs
❌ Missing --user-id parameter
Usage: node scrape-canvas.mjs --user-id=USER_ID

[2026-04-07T05:56:51.954Z] [ERROR] Error: Command failed: node orchestration/scrape-canvas.mjs
❌ Missing --user-id parameter
Usage: node scrape-canvas.mjs --user-id=USER_ID

    at genericNodeError (node:internal/errors:985:15)
    at wrappedFn (node:internal/errors:539:14)
    at ChildProcess.exithandler (node:child_process:417:12)
    at ChildProcess.emit (node:events:508:28)
    at maybeClose (node:internal/child_process:1100:16)
    at ChildProcess._handle.onexit (node:internal/child_process:305:5)
[2026-04-07T05:56:51.954Z] [INFO]   → Embedding new messages...
[2026-04-07T05:56:53.941Z] [INFO]   ✅ Embedded 0 new messages
[2026-04-07T05:56:53.941Z] [INFO]   → Running project detection...
[2026-04-07T05:56:54.935Z] [INFO]   ✅ Detected 0 projects
[2026-04-07T05:56:54.935Z] [INFO] Refresh cycle complete in 3.1s
[2026-04-07T05:57:21.834Z] [INFO] Starting refresh cycle...
[2026-04-07T05:57:21.834Z] [INFO]   → Scraping Canvas for new assignments...
[2026-04-07T05:57:21.955Z] [ERROR]   ⚠️  Canvas scrape failed: Command failed: node orchestration/scrape-canvas.mjs
❌ Missing --user-id parameter
Usage: node scrape-canvas.mjs --user-id=USER_ID

[2026-04-07T05:57:21.955Z] [ERROR] Error: Command failed: node orchestration/scrape-canvas.mjs
❌ Missing --user-id parameter
Usage: node scrape-canvas.mjs --user-id=USER_ID

    at genericNodeError (node:internal/errors:985:15)
    at wrappedFn (node:internal/errors:539:14)
    at ChildProcess.exithandler (node:child_process:417:12)
    at ChildProcess.emit (node:events:508:28)
    at maybeClose (node:internal/child_process:1100:16)
    at ChildProcess._handle.onexit (node:internal/child_process:305:5)
[2026-04-07T05:57:21.955Z] [INFO]   → Embedding new messages...
[2026-04-07T05:57:23.982Z] [INFO]   ✅ Embedded 0 new messages
[2026-04-07T05:57:23.983Z] [INFO]   → Running project detection...
[2026-04-07T05:57:24.978Z] [INFO]   ✅ Detected 0 projects
[2026-04-07T05:57:24.978Z] [INFO] Refresh cycle complete in 3.1s
[2026-04-07T05:57:51.841Z] [INFO] Starting refresh cycle...
[2026-04-07T05:57:51.841Z] [INFO]   → Scraping Canvas for new assignments...
[2026-04-07T05:57:51.971Z] [ERROR]   ⚠️  Canvas scrape failed: Command failed: node orchestration/scrape-canvas.mjs
❌ Missing --user-id parameter
Usage: node scrape-canvas.mjs --user-id=USER_ID

[2026-04-07T05:57:51.972Z] [ERROR] Error: Command failed: node orchestration/scrape-canvas.mjs
❌ Missing --user-id parameter
Usage: node scrape-canvas.mjs --user-id=USER_ID

    at genericNodeError (node:internal/errors:985:15)
    at wrappedFn (node:internal/errors:539:14)
    at ChildProcess.exithandler (node:child_process:417:12)
    at ChildProcess.emit (node:events:508:28)
    at maybeClose (node:internal/child_process:1100:16)
    at ChildProcess._handle.onexit (node:internal/child_process:305:5)
[2026-04-07T05:57:51.972Z] [INFO]   → Embedding new messages...
[2026-04-07T05:57:54.008Z] [INFO]   ✅ Embedded 0 new messages
[2026-04-07T05:57:54.008Z] [INFO]   → Running project detection...
[2026-04-07T05:57:54.993Z] [INFO]   ✅ Detected 0 projects
[2026-04-07T05:57:54.994Z] [INFO] Refresh cycle complete in 3.2s
[2026-04-07T05:58:21.854Z] [INFO] Starting refresh cycle...
[2026-04-07T05:58:21.855Z] [INFO]   → Scraping Canvas for new assignments...
[2026-04-07T05:58:21.997Z] [ERROR]   ⚠️  Canvas scrape failed: Command failed: node orchestration/scrape-canvas.mjs
❌ Missing --user-id parameter
Usage: node scrape-canvas.mjs --user-id=USER_ID

[2026-04-07T05:58:21.998Z] [ERROR] Error: Command failed: node orchestration/scrape-canvas.mjs
❌ Missing --user-id parameter
Usage: node scrape-canvas.mjs --user-id=USER_ID

    at genericNodeError (node:internal/errors:985:15)
    at wrappedFn (node:internal/errors:539:14)
    at ChildProcess.exithandler (node:child_process:417:12)
    at ChildProcess.emit (node:events:508:28)
    at maybeClose (node:internal/child_process:1100:16)
    at ChildProcess._handle.onexit (node:internal/child_process:305:5)
[2026-04-07T05:58:21.998Z] [INFO]   → Embedding new messages...
[2026-04-07T05:58:24.059Z] [INFO]   ✅ Embedded 0 new messages
[2026-04-07T05:58:24.059Z] [INFO]   → Running project detection...
[2026-04-07T05:58:25.099Z] [INFO]   ✅ Detected 0 projects
[2026-04-07T05:58:25.099Z] [INFO] Refresh cycle complete in 3.2s
[2026-04-07T05:58:51.868Z] [INFO] Starting refresh cycle...
[2026-04-07T05:58:51.868Z] [INFO]   → Scraping Canvas for new assignments...
[2026-04-07T05:58:51.988Z] [ERROR]   ⚠️  Canvas scrape failed: Command failed: node orchestration/scrape-canvas.mjs
❌ Missing --user-id parameter
Usage: node scrape-canvas.mjs --user-id=USER_ID

[2026-04-07T05:58:51.988Z] [ERROR] Error: Command failed: node orchestration/scrape-canvas.mjs
❌ Missing --user-id parameter
Usage: node scrape-canvas.mjs --user-id=USER_ID

    at genericNodeError (node:internal/errors:985:15)
    at wrappedFn (node:internal/errors:539:14)
    at ChildProcess.exithandler (node:child_process:417:12)
    at ChildProcess.emit (node:events:508:28)
    at maybeClose (node:internal/child_process:1100:16)
    at ChildProcess._handle.onexit (node:internal/child_process:305:5)
[2026-04-07T05:58:51.989Z] [INFO]   → Embedding new messages...
[2026-04-07T05:58:53.964Z] [INFO]   ✅ Embedded 0 new messages
[2026-04-07T05:58:53.964Z] [INFO]   → Running project detection...
[2026-04-07T05:58:54.971Z] [INFO]   ✅ Detected 0 projects
[2026-04-07T05:58:54.971Z] [INFO] Refresh cycle complete in 3.1s
[2026-04-07T05:59:21.868Z] [INFO] Starting refresh cycle...
[2026-04-07T05:59:21.869Z] [INFO]   → Scraping Canvas for new assignments...
[2026-04-07T05:59:21.998Z] [ERROR]   ⚠️  Canvas scrape failed: Command failed: node orchestration/scrape-canvas.mjs
❌ Missing --user-id parameter
Usage: node scrape-canvas.mjs --user-id=USER_ID

[2026-04-07T05:59:21.998Z] [ERROR] Error: Command failed: node orchestration/scrape-canvas.mjs
❌ Missing --user-id parameter
Usage: node scrape-canvas.mjs --user-id=USER_ID

    at genericNodeError (node:internal/errors:985:15)
    at wrappedFn (node:internal/errors:539:14)
    at ChildProcess.exithandler (node:child_process:417:12)
    at ChildProcess.emit (node:events:508:28)
    at maybeClose (node:internal/child_process:1100:16)
    at ChildProcess._handle.onexit (node:internal/child_process:305:5)
[2026-04-07T05:59:21.998Z] [INFO]   → Embedding new messages...
[2026-04-07T05:59:23.985Z] [INFO]   ✅ Embedded 0 new messages
[2026-04-07T05:59:23.985Z] [INFO]   → Running project detection...
[2026-04-07T05:59:25.008Z] [INFO]   ✅ Detected 0 projects
[2026-04-07T05:59:25.009Z] [INFO] Refresh cycle complete in 3.1s
[2026-04-07T05:59:51.884Z] [INFO] Starting refresh cycle...
[2026-04-07T05:59:51.884Z] [INFO]   → Scraping Canvas for new assignments...
[2026-04-07T05:59:52.002Z] [ERROR]   ⚠️  Canvas scrape failed: Command failed: node orchestration/scrape-canvas.mjs
❌ Missing --user-id parameter
Usage: node scrape-canvas.mjs --user-id=USER_ID

[2026-04-07T05:59:52.002Z] [ERROR] Error: Command failed: node orchestration/scrape-canvas.mjs
❌ Missing --user-id parameter
Usage: node scrape-canvas.mjs --user-id=USER_ID

    at genericNodeError (node:internal/errors:985:15)
    at wrappedFn (node:internal/errors:539:14)
    at ChildProcess.exithandler (node:child_process:417:12)
    at ChildProcess.emit (node:events:508:28)
    at maybeClose (node:internal/child_process:1100:16)
    at ChildProcess._handle.onexit (node:internal/child_process:305:5)
[2026-04-07T05:59:52.003Z] [INFO]   → Embedding new messages...
[2026-04-07T05:59:53.989Z] [INFO]   ✅ Embedded 0 new messages
[2026-04-07T05:59:53.990Z] [INFO]   → Running project detection...
[2026-04-07T05:59:54.986Z] [INFO]   ✅ Detected 0 projects
[2026-04-07T05:59:54.986Z] [INFO] Refresh cycle complete in 3.1s
[2026-04-07T06:00:21.885Z] [INFO] Starting refresh cycle...
[2026-04-07T06:00:21.885Z] [INFO]   → Scraping Canvas for new assignments...
[2026-04-07T06:00:22.004Z] [ERROR]   ⚠️  Canvas scrape failed: Command failed: node orchestration/scrape-canvas.mjs
❌ Missing --user-id parameter
Usage: node scrape-canvas.mjs --user-id=USER_ID

[2026-04-07T06:00:22.005Z] [ERROR] Error: Command failed: node orchestration/scrape-canvas.mjs
❌ Missing --user-id parameter
Usage: node scrape-canvas.mjs --user-id=USER_ID

    at genericNodeError (node:internal/errors:985:15)
    at wrappedFn (node:internal/errors:539:14)
    at ChildProcess.exithandler (node:child_process:417:12)
    at ChildProcess.emit (node:events:508:28)
    at maybeClose (node:internal/child_process:1100:16)
    at ChildProcess._handle.onexit (node:internal/child_process:305:5)
[2026-04-07T06:00:22.005Z] [INFO]   → Embedding new messages...
[2026-04-07T06:00:23.995Z] [INFO]   ✅ Embedded 0 new messages
[2026-04-07T06:00:23.995Z] [INFO]   → Running project detection...
[2026-04-07T06:00:25.005Z] [INFO]   ✅ Detected 0 projects
[2026-04-07T06:00:25.005Z] [INFO] Refresh cycle complete in 3.1s
[2026-04-07T06:00:51.891Z] [INFO] Starting refresh cycle...
[2026-04-07T06:00:51.892Z] [INFO]   → Scraping Canvas for new assignments...
[2026-04-07T06:00:52.012Z] [ERROR]   ⚠️  Canvas scrape failed: Command failed: node orchestration/scrape-canvas.mjs
❌ Missing --user-id parameter
Usage: node scrape-canvas.mjs --user-id=USER_ID

[2026-04-07T06:00:52.013Z] [ERROR] Error: Command failed: node orchestration/scrape-canvas.mjs
❌ Missing --user-id parameter
Usage: node scrape-canvas.mjs --user-id=USER_ID

    at genericNodeError (node:internal/errors:985:15)
    at wrappedFn (node:internal/errors:539:14)
    at ChildProcess.exithandler (node:child_process:417:12)
    at ChildProcess.emit (node:events:508:28)
    at maybeClose (node:internal/child_process:1100:16)
    at ChildProcess._handle.onexit (node:internal/child_process:305:5)
[2026-04-07T06:00:52.013Z] [INFO]   → Embedding new messages...
[2026-04-07T06:00:53.989Z] [INFO]   ✅ Embedded 0 new messages
[2026-04-07T06:00:53.990Z] [INFO]   → Running project detection...
[2026-04-07T06:00:54.992Z] [INFO]   ✅ Detected 0 projects
[2026-04-07T06:00:54.992Z] [INFO] Refresh cycle complete in 3.1s
[2026-04-07T06:01:21.892Z] [INFO] Starting refresh cycle...
[2026-04-07T06:01:21.892Z] [INFO]   → Scraping Canvas for new assignments...
[2026-04-07T06:01:22.011Z] [ERROR]   ⚠️  Canvas scrape failed: Command failed: node orchestration/scrape-canvas.mjs
❌ Missing --user-id parameter
Usage: node scrape-canvas.mjs --user-id=USER_ID

[2026-04-07T06:01:22.011Z] [ERROR] Error: Command failed: node orchestration/scrape-canvas.mjs
❌ Missing --user-id parameter
Usage: node scrape-canvas.mjs --user-id=USER_ID

    at genericNodeError (node:internal/errors:985:15)
    at wrappedFn (node:internal/errors:539:14)
    at ChildProcess.exithandler (node:child_process:417:12)
    at ChildProcess.emit (node:events:508:28)
    at maybeClose (node:internal/child_process:1100:16)
    at ChildProcess._handle.onexit (node:internal/child_process:305:5)
[2026-04-07T06:01:22.012Z] [INFO]   → Embedding new messages...
[2026-04-07T06:01:24.011Z] [INFO]   ✅ Embedded 0 new messages
[2026-04-07T06:01:24.011Z] [INFO]   → Running project detection...
[2026-04-07T06:01:25.010Z] [INFO]   ✅ Detected 0 projects
[2026-04-07T06:01:25.010Z] [INFO] Refresh cycle complete in 3.1s
[2026-04-07T06:01:51.896Z] [INFO] Starting refresh cycle...
[2026-04-07T06:01:51.896Z] [INFO]   → Scraping Canvas for new assignments...
[2026-04-07T06:01:52.017Z] [ERROR]   ⚠️  Canvas scrape failed: Command failed: node orchestration/scrape-canvas.mjs
❌ Missing --user-id parameter
Usage: node scrape-canvas.mjs --user-id=USER_ID

[2026-04-07T06:01:52.017Z] [ERROR] Error: Command failed: node orchestration/scrape-canvas.mjs
❌ Missing --user-id parameter
Usage: node scrape-canvas.mjs --user-id=USER_ID

    at genericNodeError (node:internal/errors:985:15)
    at wrappedFn (node:internal/errors:539:14)
    at ChildProcess.exithandler (node:child_process:417:12)
    at ChildProcess.emit (node:events:508:28)
    at maybeClose (node:internal/child_process:1100:16)
    at ChildProcess._handle.onexit (node:internal/child_process:305:5)
[2026-04-07T06:01:52.017Z] [INFO]   → Embedding new messages...
[2026-04-07T06:01:54.003Z] [INFO]   ✅ Embedded 0 new messages
[2026-04-07T06:01:54.003Z] [INFO]   → Running project detection...
[2026-04-07T06:01:54.998Z] [INFO]   ✅ Detected 0 projects
[2026-04-07T06:01:54.998Z] [INFO] Refresh cycle complete in 3.1s
[2026-04-07T06:02:21.898Z] [INFO] Starting refresh cycle...
[2026-04-07T06:02:21.899Z] [INFO]   → Scraping Canvas for new assignments...
[2026-04-07T06:02:22.017Z] [ERROR]   ⚠️  Canvas scrape failed: Command failed: node orchestration/scrape-canvas.mjs
❌ Missing --user-id parameter
Usage: node scrape-canvas.mjs --user-id=USER_ID

[2026-04-07T06:02:22.017Z] [ERROR] Error: Command failed: node orchestration/scrape-canvas.mjs
❌ Missing --user-id parameter
Usage: node scrape-canvas.mjs --user-id=USER_ID

    at genericNodeError (node:internal/errors:985:15)
    at wrappedFn (node:internal/errors:539:14)
    at ChildProcess.exithandler (node:child_process:417:12)
    at ChildProcess.emit (node:events:508:28)
    at maybeClose (node:internal/child_process:1100:16)
    at ChildProcess._handle.onexit (node:internal/child_process:305:5)
[2026-04-07T06:02:22.017Z] [INFO]   → Embedding new messages...
[2026-04-07T06:02:24.102Z] [INFO]   ✅ Embedded 0 new messages
[2026-04-07T06:02:24.103Z] [INFO]   → Running project detection...
[2026-04-07T06:02:25.104Z] [INFO]   ✅ Detected 0 projects
[2026-04-07T06:02:25.104Z] [INFO] Refresh cycle complete in 3.2s
[2026-04-07T06:02:51.913Z] [INFO] Starting refresh cycle...
[2026-04-07T06:02:51.914Z] [INFO]   → Scraping Canvas for new assignments...
[2026-04-07T06:02:52.043Z] [ERROR]   ⚠️  Canvas scrape failed: Command failed: node orchestration/scrape-canvas.mjs
❌ Missing --user-id parameter
Usage: node scrape-canvas.mjs --user-id=USER_ID

[2026-04-07T06:02:52.043Z] [ERROR] Error: Command failed: node orchestration/scrape-canvas.mjs
❌ Missing --user-id parameter
Usage: node scrape-canvas.mjs --user-id=USER_ID

    at genericNodeError (node:internal/errors:985:15)
    at wrappedFn (node:internal/errors:539:14)
    at ChildProcess.exithandler (node:child_process:417:12)
    at ChildProcess.emit (node:events:508:28)
    at maybeClose (node:internal/child_process:1100:16)
    at ChildProcess._handle.onexit (node:internal/child_process:305:5)
[2026-04-07T06:02:52.044Z] [INFO]   → Embedding new messages...
[2026-04-07T06:02:54.104Z] [INFO]   ✅ Embedded 0 new messages
[2026-04-07T06:02:54.104Z] [INFO]   → Running project detection...
[2026-04-07T06:02:55.105Z] [INFO]   ✅ Detected 0 projects
[2026-04-07T06:02:55.105Z] [INFO] Refresh cycle complete in 3.2s
[2026-04-07T06:03:21.918Z] [INFO] Starting refresh cycle...
[2026-04-07T06:03:21.918Z] [INFO]   → Scraping Canvas for new assignments...
[2026-04-07T06:03:22.046Z] [ERROR]   ⚠️  Canvas scrape failed: Command failed: node orchestration/scrape-canvas.mjs
❌ Missing --user-id parameter
Usage: node scrape-canvas.mjs --user-id=USER_ID

[2026-04-07T06:03:22.047Z] [ERROR] Error: Command failed: node orchestration/scrape-canvas.mjs
❌ Missing --user-id parameter
Usage: node scrape-canvas.mjs --user-id=USER_ID

    at genericNodeError (node:internal/errors:985:15)
    at wrappedFn (node:internal/errors:539:14)
    at ChildProcess.exithandler (node:child_process:417:12)
    at ChildProcess.emit (node:events:508:28)
    at maybeClose (node:internal/child_process:1100:16)
    at ChildProcess._handle.onexit (node:internal/child_process:305:5)
[2026-04-07T06:03:22.047Z] [INFO]   → Embedding new messages...
[2026-04-07T06:03:24.063Z] [INFO]   ✅ Embedded 0 new messages
[2026-04-07T06:03:24.063Z] [INFO]   → Running project detection...
[2026-04-07T06:03:25.061Z] [INFO]   ✅ Detected 0 projects
[2026-04-07T06:03:25.062Z] [INFO] Refresh cycle complete in 3.1s
[2026-04-07T06:03:51.933Z] [INFO] Starting refresh cycle...
[2026-04-07T06:03:51.933Z] [INFO]   → Scraping Canvas for new assignments...
[2026-04-07T06:03:52.064Z] [ERROR]   ⚠️  Canvas scrape failed: Command failed: node orchestration/scrape-canvas.mjs
❌ Missing --user-id parameter
Usage: node scrape-canvas.mjs --user-id=USER_ID

[2026-04-07T06:03:52.065Z] [ERROR] Error: Command failed: node orchestration/scrape-canvas.mjs
❌ Missing --user-id parameter
Usage: node scrape-canvas.mjs --user-id=USER_ID

    at genericNodeError (node:internal/errors:985:15)
    at wrappedFn (node:internal/errors:539:14)
    at ChildProcess.exithandler (node:child_process:417:12)
    at ChildProcess.emit (node:events:508:28)
    at maybeClose (node:internal/child_process:1100:16)
    at ChildProcess._handle.onexit (node:internal/child_process:305:5)
[2026-04-07T06:03:52.065Z] [INFO]   → Embedding new messages...
[2026-04-07T06:03:54.067Z] [INFO]   ✅ Embedded 0 new messages
[2026-04-07T06:03:54.067Z] [INFO]   → Running project detection...
[2026-04-07T06:03:55.074Z] [INFO]   ✅ Detected 0 projects
[2026-04-07T06:03:55.075Z] [INFO] Refresh cycle complete in 3.1s
[2026-04-07T06:04:21.943Z] [INFO] Starting refresh cycle...
[2026-04-07T06:04:21.943Z] [INFO]   → Scraping Canvas for new assignments...
[2026-04-07T06:04:22.074Z] [ERROR]   ⚠️  Canvas scrape failed: Command failed: node orchestration/scrape-canvas.mjs
❌ Missing --user-id parameter
Usage: node scrape-canvas.mjs --user-id=USER_ID

[2026-04-07T06:04:22.074Z] [ERROR] Error: Command failed: node orchestration/scrape-canvas.mjs
❌ Missing --user-id parameter
Usage: node scrape-canvas.mjs --user-id=USER_ID

    at genericNodeError (node:internal/errors:985:15)
    at wrappedFn (node:internal/errors:539:14)
    at ChildProcess.exithandler (node:child_process:417:12)
    at ChildProcess.emit (node:events:508:28)
    at maybeClose (node:internal/child_process:1100:16)
    at ChildProcess._handle.onexit (node:internal/child_process:305:5)
[2026-04-07T06:04:22.074Z] [INFO]   → Embedding new messages...
[2026-04-07T06:04:24.079Z] [INFO]   ✅ Embedded 0 new messages
[2026-04-07T06:04:24.079Z] [INFO]   → Running project detection...
[2026-04-07T06:04:25.088Z] [INFO]   ✅ Detected 0 projects
[2026-04-07T06:04:25.088Z] [INFO] Refresh cycle complete in 3.1s
[2026-04-07T06:04:51.943Z] [INFO] Starting refresh cycle...
[2026-04-07T06:04:51.943Z] [INFO]   → Scraping Canvas for new assignments...
[2026-04-07T06:04:52.061Z] [ERROR]   ⚠️  Canvas scrape failed: Command failed: node orchestration/scrape-canvas.mjs
❌ Missing --user-id parameter
Usage: node scrape-canvas.mjs --user-id=USER_ID

[2026-04-07T06:04:52.061Z] [ERROR] Error: Command failed: node orchestration/scrape-canvas.mjs
❌ Missing --user-id parameter
Usage: node scrape-canvas.mjs --user-id=USER_ID

    at genericNodeError (node:internal/errors:985:15)
    at wrappedFn (node:internal/errors:539:14)
    at ChildProcess.exithandler (node:child_process:417:12)
    at ChildProcess.emit (node:events:508:28)
    at maybeClose (node:internal/child_process:1100:16)
    at ChildProcess._handle.onexit (node:internal/child_process:305:5)
[2026-04-07T06:04:52.062Z] [INFO]   → Embedding new messages...
[2026-04-07T06:04:54.052Z] [INFO]   ✅ Embedded 0 new messages
[2026-04-07T06:04:54.052Z] [INFO]   → Running project detection...
[2026-04-07T06:04:55.050Z] [INFO]   ✅ Detected 0 projects
[2026-04-07T06:04:55.050Z] [INFO] Refresh cycle complete in 3.1s
[2026-04-07T06:05:21.952Z] [INFO] Starting refresh cycle...
[2026-04-07T06:05:21.952Z] [INFO]   → Scraping Canvas for new assignments...
[2026-04-07T06:05:22.083Z] [ERROR]   ⚠️  Canvas scrape failed: Command failed: node orchestration/scrape-canvas.mjs
❌ Missing --user-id parameter
Usage: node scrape-canvas.mjs --user-id=USER_ID

[2026-04-07T06:05:22.083Z] [ERROR] Error: Command failed: node orchestration/scrape-canvas.mjs
❌ Missing --user-id parameter
Usage: node scrape-canvas.mjs --user-id=USER_ID

    at genericNodeError (node:internal/errors:985:15)
    at wrappedFn (node:internal/errors:539:14)
    at ChildProcess.exithandler (node:child_process:417:12)
    at ChildProcess.emit (node:events:508:28)
    at maybeClose (node:internal/child_process:1100:16)
    at ChildProcess._handle.onexit (node:internal/child_process:305:5)
[2026-04-07T06:05:22.084Z] [INFO]   → Embedding new messages...
[2026-04-07T06:05:24.087Z] [INFO]   ✅ Embedded 0 new messages
[2026-04-07T06:05:24.087Z] [INFO]   → Running project detection...
[2026-04-07T06:05:25.082Z] [INFO]   ✅ Detected 0 projects
[2026-04-07T06:05:25.082Z] [INFO] Refresh cycle complete in 3.1s
[2026-04-07T06:05:51.966Z] [INFO] Starting refresh cycle...
[2026-04-07T06:05:51.967Z] [INFO]   → Scraping Canvas for new assignments...
[2026-04-07T06:05:52.097Z] [ERROR]   ⚠️  Canvas scrape failed: Command failed: node orchestration/scrape-canvas.mjs
❌ Missing --user-id parameter
Usage: node scrape-canvas.mjs --user-id=USER_ID

[2026-04-07T06:05:52.097Z] [ERROR] Error: Command failed: node orchestration/scrape-canvas.mjs
❌ Missing --user-id parameter
Usage: node scrape-canvas.mjs --user-id=USER_ID

    at genericNodeError (node:internal/errors:985:15)
    at wrappedFn (node:internal/errors:539:14)
    at ChildProcess.exithandler (node:child_process:417:12)
    at ChildProcess.emit (node:events:508:28)
    at maybeClose (node:internal/child_process:1100:16)
    at ChildProcess._handle.onexit (node:internal/child_process:305:5)
[2026-04-07T06:05:52.097Z] [INFO]   → Embedding new messages...
[2026-04-07T06:05:54.097Z] [INFO]   ✅ Embedded 0 new messages
[2026-04-07T06:05:54.097Z] [INFO]   → Running project detection...
[2026-04-07T06:05:55.097Z] [INFO]   ✅ Detected 0 projects
[2026-04-07T06:05:55.098Z] [INFO] Refresh cycle complete in 3.1s
[2026-04-07T06:06:21.980Z] [INFO] Starting refresh cycle...
[2026-04-07T06:06:21.980Z] [INFO]   → Scraping Canvas for new assignments...
[2026-04-07T06:06:22.114Z] [ERROR]   ⚠️  Canvas scrape failed: Command failed: node orchestration/scrape-canvas.mjs
❌ Missing --user-id parameter
Usage: node scrape-canvas.mjs --user-id=USER_ID

[2026-04-07T06:06:22.115Z] [ERROR] Error: Command failed: node orchestration/scrape-canvas.mjs
❌ Missing --user-id parameter
Usage: node scrape-canvas.mjs --user-id=USER_ID

    at genericNodeError (node:internal/errors:985:15)
    at wrappedFn (node:internal/errors:539:14)
    at ChildProcess.exithandler (node:child_process:417:12)
    at ChildProcess.emit (node:events:508:28)
    at maybeClose (node:internal/child_process:1100:16)
    at ChildProcess._handle.onexit (node:internal/child_process:305:5)
[2026-04-07T06:06:22.115Z] [INFO]   → Embedding new messages...
[2026-04-07T06:06:24.142Z] [INFO]   ✅ Embedded 0 new messages
[2026-04-07T06:06:24.142Z] [INFO]   → Running project detection...
[2026-04-07T06:06:25.135Z] [INFO]   ✅ Detected 0 projects
[2026-04-07T06:06:25.135Z] [INFO] Refresh cycle complete in 3.2s
[2026-04-07T06:06:51.984Z] [INFO] Starting refresh cycle...
[2026-04-07T06:06:51.984Z] [INFO]   → Scraping Canvas for new assignments...
[2026-04-07T06:06:52.117Z] [ERROR]   ⚠️  Canvas scrape failed: Command failed: node orchestration/scrape-canvas.mjs
❌ Missing --user-id parameter
Usage: node scrape-canvas.mjs --user-id=USER_ID

[2026-04-07T06:06:52.117Z] [ERROR] Error: Command failed: node orchestration/scrape-canvas.mjs
❌ Missing --user-id parameter
Usage: node scrape-canvas.mjs --user-id=USER_ID

    at genericNodeError (node:internal/errors:985:15)
    at wrappedFn (node:internal/errors:539:14)
    at ChildProcess.exithandler (node:child_process:417:12)
    at ChildProcess.emit (node:events:508:28)
    at maybeClose (node:internal/child_process:1100:16)
    at ChildProcess._handle.onexit (node:internal/child_process:305:5)
[2026-04-07T06:06:52.118Z] [INFO]   → Embedding new messages...
[2026-04-07T06:06:54.097Z] [INFO]   ✅ Embedded 0 new messages
[2026-04-07T06:06:54.097Z] [INFO]   → Running project detection...
[2026-04-07T06:06:55.095Z] [INFO]   ✅ Detected 0 projects
[2026-04-07T06:06:55.095Z] [INFO] Refresh cycle complete in 3.1s
[2026-04-07T06:07:21.994Z] [INFO] Starting refresh cycle...
[2026-04-07T06:07:21.994Z] [INFO]   → Scraping Canvas for new assignments...
[2026-04-07T06:07:22.113Z] [ERROR]   ⚠️  Canvas scrape failed: Command failed: node orchestration/scrape-canvas.mjs
❌ Missing --user-id parameter
Usage: node scrape-canvas.mjs --user-id=USER_ID

[2026-04-07T06:07:22.114Z] [ERROR] Error: Command failed: node orchestration/scrape-canvas.mjs
❌ Missing --user-id parameter
Usage: node scrape-canvas.mjs --user-id=USER_ID

    at genericNodeError (node:internal/errors:985:15)
    at wrappedFn (node:internal/errors:539:14)
    at ChildProcess.exithandler (node:child_process:417:12)
    at ChildProcess.emit (node:events:508:28)
    at maybeClose (node:internal/child_process:1100:16)
    at ChildProcess._handle.onexit (node:internal/child_process:305:5)
[2026-04-07T06:07:22.114Z] [INFO]   → Embedding new messages...
[2026-04-07T06:07:24.170Z] [INFO]   ✅ Embedded 0 new messages
[2026-04-07T06:07:24.170Z] [INFO]   → Running project detection...
[2026-04-07T06:07:25.158Z] [INFO]   ✅ Detected 0 projects
[2026-04-07T06:07:25.158Z] [INFO] Refresh cycle complete in 3.2s
[2026-04-07T06:32:11.826Z] [INFO] Starting refresh cycle...
[2026-04-07T06:32:11.826Z] [INFO]   → Scraping Canvas for new assignments...
[2026-04-07T06:32:12.208Z] [ERROR]   ⚠️  Canvas scrape failed: Command failed: node orchestration/scrape-canvas.mjs
❌ Missing --user-id parameter
Usage: node scrape-canvas.mjs --user-id=USER_ID

[2026-04-07T06:32:12.208Z] [ERROR] Error: Command failed: node orchestration/scrape-canvas.mjs
❌ Missing --user-id parameter
Usage: node scrape-canvas.mjs --user-id=USER_ID

    at genericNodeError (node:internal/errors:985:15)
    at wrappedFn (node:internal/errors:539:14)
    at ChildProcess.exithandler (node:child_process:417:12)
    at ChildProcess.emit (node:events:508:28)
    at maybeClose (node:internal/child_process:1100:16)
    at ChildProcess._handle.onexit (node:internal/child_process:305:5)
[2026-04-07T06:32:12.208Z] [INFO]   → Embedding new messages...
[2026-04-07T06:32:14.875Z] [INFO]   ✅ Embedded 0 new messages
[2026-04-07T06:32:14.875Z] [INFO]   → Running project detection...
[2026-04-07T06:32:15.893Z] [INFO]   ✅ Detected 0 projects
[2026-04-07T06:32:15.893Z] [INFO] Refresh cycle complete in 4.1s
[2026-04-07T06:32:41.830Z] [INFO] Starting refresh cycle...
[2026-04-07T06:32:41.830Z] [INFO]   → Scraping Canvas for new assignments...
[2026-04-07T06:32:41.964Z] [ERROR]   ⚠️  Canvas scrape failed: Command failed: node orchestration/scrape-canvas.mjs
❌ Missing --user-id parameter
Usage: node scrape-canvas.mjs --user-id=USER_ID

[2026-04-07T06:32:41.964Z] [ERROR] Error: Command failed: node orchestration/scrape-canvas.mjs
❌ Missing --user-id parameter
Usage: node scrape-canvas.mjs --user-id=USER_ID

    at genericNodeError (node:internal/errors:985:15)
    at wrappedFn (node:internal/errors:539:14)
    at ChildProcess.exithandler (node:child_process:417:12)
    at ChildProcess.emit (node:events:508:28)
    at maybeClose (node:internal/child_process:1100:16)
    at ChildProcess._handle.onexit (node:internal/child_process:305:5)
[2026-04-07T06:32:41.964Z] [INFO]   → Embedding new messages...
[2026-04-07T06:32:44.014Z] [INFO]   ✅ Embedded 0 new messages
[2026-04-07T06:32:44.014Z] [INFO]   → Running project detection...
[2026-04-07T06:32:45.026Z] [INFO]   ✅ Detected 0 projects
[2026-04-07T06:32:45.026Z] [INFO] Refresh cycle complete in 3.2s
[2026-04-07T06:33:11.844Z] [INFO] Starting refresh cycle...
[2026-04-07T06:33:11.844Z] [INFO]   → Scraping Canvas for new assignments...
[2026-04-07T06:33:11.964Z] [ERROR]   ⚠️  Canvas scrape failed: Command failed: node orchestration/scrape-canvas.mjs
❌ Missing --user-id parameter
Usage: node scrape-canvas.mjs --user-id=USER_ID

[2026-04-07T06:33:11.964Z] [ERROR] Error: Command failed: node orchestration/scrape-canvas.mjs
❌ Missing --user-id parameter
Usage: node scrape-canvas.mjs --user-id=USER_ID

    at genericNodeError (node:internal/errors:985:15)
    at wrappedFn (node:internal/errors:539:14)
    at ChildProcess.exithandler (node:child_process:417:12)
    at ChildProcess.emit (node:events:508:28)
    at maybeClose (node:internal/child_process:1100:16)
    at ChildProcess._handle.onexit (node:internal/child_process:305:5)
[2026-04-07T06:33:11.965Z] [INFO]   → Embedding new messages...
[2026-04-07T06:33:14.005Z] [INFO]   ✅ Embedded 0 new messages
[2026-04-07T06:33:14.005Z] [INFO]   → Running project detection...
[2026-04-07T06:33:15.013Z] [INFO]   ✅ Detected 0 projects
[2026-04-07T06:33:15.013Z] [INFO] Refresh cycle complete in 3.2s
[2026-04-07T06:33:41.853Z] [INFO] Starting refresh cycle...
[2026-04-07T06:33:41.853Z] [INFO]   → Scraping Canvas for new assignments...
[2026-04-07T06:33:41.969Z] [ERROR]   ⚠️  Canvas scrape failed: Command failed: node orchestration/scrape-canvas.mjs
❌ Missing --user-id parameter
Usage: node scrape-canvas.mjs --user-id=USER_ID

[2026-04-07T06:33:41.969Z] [ERROR] Error: Command failed: node orchestration/scrape-canvas.mjs
❌ Missing --user-id parameter
Usage: node scrape-canvas.mjs --user-id=USER_ID

    at genericNodeError (node:internal/errors:985:15)
    at wrappedFn (node:internal/errors:539:14)
    at ChildProcess.exithandler (node:child_process:417:12)
    at ChildProcess.emit (node:events:508:28)
    at maybeClose (node:internal/child_process:1100:16)
    at ChildProcess._handle.onexit (node:internal/child_process:305:5)
[2026-04-07T06:33:41.970Z] [INFO]   → Embedding new messages...
[2026-04-07T06:33:43.937Z] [INFO]   ✅ Embedded 0 new messages
[2026-04-07T06:33:43.938Z] [INFO]   → Running project detection...
[2026-04-07T06:33:44.940Z] [INFO]   ✅ Detected 0 projects
[2026-04-07T06:33:44.941Z] [INFO] Refresh cycle complete in 3.1s
[2026-04-07T06:34:11.866Z] [INFO] Starting refresh cycle...
[2026-04-07T06:34:11.866Z] [INFO]   → Scraping Canvas for new assignments...
[2026-04-07T06:34:11.998Z] [ERROR]   ⚠️  Canvas scrape failed: Command failed: node orchestration/scrape-canvas.mjs
❌ Missing --user-id parameter
Usage: node scrape-canvas.mjs --user-id=USER_ID

[2026-04-07T06:34:11.998Z] [ERROR] Error: Command failed: node orchestration/scrape-canvas.mjs
❌ Missing --user-id parameter
Usage: node scrape-canvas.mjs --user-id=USER_ID

    at genericNodeError (node:internal/errors:985:15)
    at wrappedFn (node:internal/errors:539:14)
    at ChildProcess.exithandler (node:child_process:417:12)
    at ChildProcess.emit (node:events:508:28)
    at maybeClose (node:internal/child_process:1100:16)
    at ChildProcess._handle.onexit (node:internal/child_process:305:5)
[2026-04-07T06:34:11.998Z] [INFO]   → Embedding new messages...
[2026-04-07T06:34:14.021Z] [INFO]   ✅ Embedded 0 new messages
[2026-04-07T06:34:14.021Z] [INFO]   → Running project detection...
[2026-04-07T06:34:15.043Z] [INFO]   ✅ Detected 0 projects
[2026-04-07T06:34:15.043Z] [INFO] Refresh cycle complete in 3.2s
[2026-04-07T06:34:41.869Z] [INFO] Starting refresh cycle...
[2026-04-07T06:34:41.870Z] [INFO]   → Scraping Canvas for new assignments...
[2026-04-07T06:34:42.000Z] [ERROR]   ⚠️  Canvas scrape failed: Command failed: node orchestration/scrape-canvas.mjs
❌ Missing --user-id parameter
Usage: node scrape-canvas.mjs --user-id=USER_ID

[2026-04-07T06:34:42.000Z] [ERROR] Error: Command failed: node orchestration/scrape-canvas.mjs
❌ Missing --user-id parameter
Usage: node scrape-canvas.mjs --user-id=USER_ID

    at genericNodeError (node:internal/errors:985:15)
    at wrappedFn (node:internal/errors:539:14)
    at ChildProcess.exithandler (node:child_process:417:12)
    at ChildProcess.emit (node:events:508:28)
    at maybeClose (node:internal/child_process:1100:16)
    at ChildProcess._handle.onexit (node:internal/child_process:305:5)
[2026-04-07T06:34:42.001Z] [INFO]   → Embedding new messages...
[2026-04-07T06:34:43.984Z] [INFO]   ✅ Embedded 0 new messages
[2026-04-07T06:34:43.984Z] [INFO]   → Running project detection...
[2026-04-07T06:34:44.986Z] [INFO]   ✅ Detected 0 projects
[2026-04-07T06:34:44.986Z] [INFO] Refresh cycle complete in 3.1s
[2026-04-07T06:35:11.873Z] [INFO] Starting refresh cycle...
[2026-04-07T06:35:11.874Z] [INFO]   → Scraping Canvas for new assignments...
[2026-04-07T06:35:11.995Z] [ERROR]   ⚠️  Canvas scrape failed: Command failed: node orchestration/scrape-canvas.mjs
❌ Missing --user-id parameter
Usage: node scrape-canvas.mjs --user-id=USER_ID

[2026-04-07T06:35:11.995Z] [ERROR] Error: Command failed: node orchestration/scrape-canvas.mjs
❌ Missing --user-id parameter
Usage: node scrape-canvas.mjs --user-id=USER_ID

    at genericNodeError (node:internal/errors:985:15)
    at wrappedFn (node:internal/errors:539:14)
    at ChildProcess.exithandler (node:child_process:417:12)
    at ChildProcess.emit (node:events:508:28)
    at maybeClose (node:internal/child_process:1100:16)
    at ChildProcess._handle.onexit (node:internal/child_process:305:5)
[2026-04-07T06:35:11.995Z] [INFO]   → Embedding new messages...
[2026-04-07T06:35:13.991Z] [INFO]   ✅ Embedded 0 new messages
[2026-04-07T06:35:13.991Z] [INFO]   → Running project detection...
[2026-04-07T06:35:14.994Z] [INFO]   ✅ Detected 0 projects
[2026-04-07T06:35:14.994Z] [INFO] Refresh cycle complete in 3.1s
[2026-04-07T06:35:41.878Z] [INFO] Starting refresh cycle...
[2026-04-07T06:35:41.878Z] [INFO]   → Scraping Canvas for new assignments...
[2026-04-07T06:35:42.008Z] [ERROR]   ⚠️  Canvas scrape failed: Command failed: node orchestration/scrape-canvas.mjs
❌ Missing --user-id parameter
Usage: node scrape-canvas.mjs --user-id=USER_ID

[2026-04-07T06:35:42.009Z] [ERROR] Error: Command failed: node orchestration/scrape-canvas.mjs
❌ Missing --user-id parameter
Usage: node scrape-canvas.mjs --user-id=USER_ID

    at genericNodeError (node:internal/errors:985:15)
    at wrappedFn (node:internal/errors:539:14)
    at ChildProcess.exithandler (node:child_process:417:12)
    at ChildProcess.emit (node:events:508:28)
    at maybeClose (node:internal/child_process:1100:16)
    at ChildProcess._handle.onexit (node:internal/child_process:305:5)
[2026-04-07T06:35:42.009Z] [INFO]   → Embedding new messages...
[2026-04-07T06:35:44.001Z] [INFO]   ✅ Embedded 0 new messages
[2026-04-07T06:35:44.001Z] [INFO]   → Running project detection...
[2026-04-07T06:35:45.010Z] [INFO]   ✅ Detected 0 projects
[2026-04-07T06:35:45.010Z] [INFO] Refresh cycle complete in 3.1s
[2026-04-07T06:36:11.890Z] [INFO] Starting refresh cycle...
[2026-04-07T06:36:11.890Z] [INFO]   → Scraping Canvas for new assignments...
[2026-04-07T06:36:12.022Z] [ERROR]   ⚠️  Canvas scrape failed: Command failed: node orchestration/scrape-canvas.mjs
❌ Missing --user-id parameter
Usage: node scrape-canvas.mjs --user-id=USER_ID

[2026-04-07T06:36:12.022Z] [ERROR] Error: Command failed: node orchestration/scrape-canvas.mjs
❌ Missing --user-id parameter
Usage: node scrape-canvas.mjs --user-id=USER_ID

    at genericNodeError (node:internal/errors:985:15)
    at wrappedFn (node:internal/errors:539:14)
    at ChildProcess.exithandler (node:child_process:417:12)
    at ChildProcess.emit (node:events:508:28)
    at maybeClose (node:internal/child_process:1100:16)
    at ChildProcess._handle.onexit (node:internal/child_process:305:5)
[2026-04-07T06:36:12.022Z] [INFO]   → Embedding new messages...
[2026-04-07T06:36:14.023Z] [INFO]   ✅ Embedded 0 new messages
[2026-04-07T06:36:14.024Z] [INFO]   → Running project detection...
[2026-04-07T06:36:15.034Z] [INFO]   ✅ Detected 0 projects
[2026-04-07T06:36:15.034Z] [INFO] Refresh cycle complete in 3.1s
[2026-04-07T06:36:41.892Z] [INFO] Starting refresh cycle...
[2026-04-07T06:36:41.892Z] [INFO]   → Scraping Canvas for new assignments...
[2026-04-07T06:36:42.022Z] [ERROR]   ⚠️  Canvas scrape failed: Command failed: node orchestration/scrape-canvas.mjs
❌ Missing --user-id parameter
Usage: node scrape-canvas.mjs --user-id=USER_ID

[2026-04-07T06:36:42.022Z] [ERROR] Error: Command failed: node orchestration/scrape-canvas.mjs
❌ Missing --user-id parameter
Usage: node scrape-canvas.mjs --user-id=USER_ID

    at genericNodeError (node:internal/errors:985:15)
    at wrappedFn (node:internal/errors:539:14)
    at ChildProcess.exithandler (node:child_process:417:12)
    at ChildProcess.emit (node:events:508:28)
    at maybeClose (node:internal/child_process:1100:16)
    at ChildProcess._handle.onexit (node:internal/child_process:305:5)
[2026-04-07T06:36:42.022Z] [INFO]   → Embedding new messages...
[2026-04-07T06:36:44.008Z] [INFO]   ✅ Embedded 0 new messages
[2026-04-07T06:36:44.008Z] [INFO]   → Running project detection...
[2026-04-07T06:36:45.006Z] [INFO]   ✅ Detected 0 projects
[2026-04-07T06:36:45.006Z] [INFO] Refresh cycle complete in 3.1s
[2026-04-07T06:37:11.898Z] [INFO] Starting refresh cycle...
[2026-04-07T06:37:11.898Z] [INFO]   → Scraping Canvas for new assignments...
[2026-04-07T06:37:12.029Z] [ERROR]   ⚠️  Canvas scrape failed: Command failed: node orchestration/scrape-canvas.mjs
❌ Missing --user-id parameter
Usage: node scrape-canvas.mjs --user-id=USER_ID

[2026-04-07T06:37:12.029Z] [ERROR] Error: Command failed: node orchestration/scrape-canvas.mjs
❌ Missing --user-id parameter
Usage: node scrape-canvas.mjs --user-id=USER_ID

    at genericNodeError (node:internal/errors:985:15)
    at wrappedFn (node:internal/errors:539:14)
    at ChildProcess.exithandler (node:child_process:417:12)
    at ChildProcess.emit (node:events:508:28)
    at maybeClose (node:internal/child_process:1100:16)
    at ChildProcess._handle.onexit (node:internal/child_process:305:5)
[2026-04-07T06:37:12.029Z] [INFO]   → Embedding new messages...
[2026-04-07T06:37:14.035Z] [INFO]   ✅ Embedded 0 new messages
[2026-04-07T06:37:14.035Z] [INFO]   → Running project detection...
[2026-04-07T06:37:15.050Z] [INFO]   ✅ Detected 0 projects
[2026-04-07T06:37:15.050Z] [INFO] Refresh cycle complete in 3.2s
[2026-04-07T06:37:41.914Z] [INFO] Starting refresh cycle...
[2026-04-07T06:37:41.914Z] [INFO]   → Scraping Canvas for new assignments...
[2026-04-07T06:37:42.032Z] [ERROR]   ⚠️  Canvas scrape failed: Command failed: node orchestration/scrape-canvas.mjs
❌ Missing --user-id parameter
Usage: node scrape-canvas.mjs --user-id=USER_ID

[2026-04-07T06:37:42.032Z] [ERROR] Error: Command failed: node orchestration/scrape-canvas.mjs
❌ Missing --user-id parameter
Usage: node scrape-canvas.mjs --user-id=USER_ID

    at genericNodeError (node:internal/errors:985:15)
    at wrappedFn (node:internal/errors:539:14)
    at ChildProcess.exithandler (node:child_process:417:12)
    at ChildProcess.emit (node:events:508:28)
    at maybeClose (node:internal/child_process:1100:16)
    at ChildProcess._handle.onexit (node:internal/child_process:305:5)
[2026-04-07T06:37:42.033Z] [INFO]   → Embedding new messages...
[2026-04-07T06:37:44.014Z] [INFO]   ✅ Embedded 0 new messages
[2026-04-07T06:37:44.015Z] [INFO]   → Running project detection...
[2026-04-07T06:37:45.028Z] [INFO]   ✅ Detected 0 projects
[2026-04-07T06:37:45.029Z] [INFO] Refresh cycle complete in 3.1s
[2026-04-07T06:38:11.916Z] [INFO] Starting refresh cycle...
[2026-04-07T06:38:11.917Z] [INFO]   → Scraping Canvas for new assignments...
[2026-04-07T06:38:12.046Z] [ERROR]   ⚠️  Canvas scrape failed: Command failed: node orchestration/scrape-canvas.mjs
❌ Missing --user-id parameter
Usage: node scrape-canvas.mjs --user-id=USER_ID

[2026-04-07T06:38:12.047Z] [ERROR] Error: Command failed: node orchestration/scrape-canvas.mjs
❌ Missing --user-id parameter
Usage: node scrape-canvas.mjs --user-id=USER_ID

    at genericNodeError (node:internal/errors:985:15)
    at wrappedFn (node:internal/errors:539:14)
    at ChildProcess.exithandler (node:child_process:417:12)
    at ChildProcess.emit (node:events:508:28)
    at maybeClose (node:internal/child_process:1100:16)
    at ChildProcess._handle.onexit (node:internal/child_process:305:5)
[2026-04-07T06:38:12.047Z] [INFO]   → Embedding new messages...
[2026-04-07T06:38:14.061Z] [INFO]   ✅ Embedded 0 new messages
[2026-04-07T06:38:14.061Z] [INFO]   → Running project detection...
[2026-04-07T06:38:15.065Z] [INFO]   ✅ Detected 0 projects
[2026-04-07T06:38:15.065Z] [INFO] Refresh cycle complete in 3.1s
[2026-04-07T06:38:41.923Z] [INFO] Starting refresh cycle...
[2026-04-07T06:38:41.924Z] [INFO]   → Scraping Canvas for new assignments...
[2026-04-07T06:38:42.055Z] [ERROR]   ⚠️  Canvas scrape failed: Command failed: node orchestration/scrape-canvas.mjs
❌ Missing --user-id parameter
Usage: node scrape-canvas.mjs --user-id=USER_ID

[2026-04-07T06:38:42.056Z] [ERROR] Error: Command failed: node orchestration/scrape-canvas.mjs
❌ Missing --user-id parameter
Usage: node scrape-canvas.mjs --user-id=USER_ID

    at genericNodeError (node:internal/errors:985:15)
    at wrappedFn (node:internal/errors:539:14)
    at ChildProcess.exithandler (node:child_process:417:12)
    at ChildProcess.emit (node:events:508:28)
    at maybeClose (node:internal/child_process:1100:16)
    at ChildProcess._handle.onexit (node:internal/child_process:305:5)
[2026-04-07T06:38:42.056Z] [INFO]   → Embedding new messages...
[2026-04-07T06:38:44.050Z] [INFO]   ✅ Embedded 0 new messages
[2026-04-07T06:38:44.050Z] [INFO]   → Running project detection...
[2026-04-07T06:38:45.046Z] [INFO]   ✅ Detected 0 projects
[2026-04-07T06:38:45.046Z] [INFO] Refresh cycle complete in 3.1s
[2026-04-07T06:39:11.925Z] [INFO] Starting refresh cycle...
[2026-04-07T06:39:11.926Z] [INFO]   → Scraping Canvas for new assignments...
[2026-04-07T06:39:12.047Z] [ERROR]   ⚠️  Canvas scrape failed: Command failed: node orchestration/scrape-canvas.mjs
❌ Missing --user-id parameter
Usage: node scrape-canvas.mjs --user-id=USER_ID

[2026-04-07T06:39:12.047Z] [ERROR] Error: Command failed: node orchestration/scrape-canvas.mjs
❌ Missing --user-id parameter
Usage: node scrape-canvas.mjs --user-id=USER_ID

    at genericNodeError (node:internal/errors:985:15)
    at wrappedFn (node:internal/errors:539:14)
    at ChildProcess.exithandler (node:child_process:417:12)
    at ChildProcess.emit (node:events:508:28)
    at maybeClose (node:internal/child_process:1100:16)
    at ChildProcess._handle.onexit (node:internal/child_process:305:5)
[2026-04-07T06:39:12.047Z] [INFO]   → Embedding new messages...
[2026-04-07T06:39:14.023Z] [INFO]   ✅ Embedded 0 new messages
[2026-04-07T06:39:14.023Z] [INFO]   → Running project detection...
[2026-04-07T06:39:15.031Z] [INFO]   ✅ Detected 0 projects
[2026-04-07T06:39:15.031Z] [INFO] Refresh cycle complete in 3.1s
[2026-04-07T06:39:41.941Z] [INFO] Starting refresh cycle...
[2026-04-07T06:39:41.941Z] [INFO]   → Scraping Canvas for new assignments...
[2026-04-07T06:39:42.062Z] [ERROR]   ⚠️  Canvas scrape failed: Command failed: node orchestration/scrape-canvas.mjs
❌ Missing --user-id parameter
Usage: node scrape-canvas.mjs --user-id=USER_ID

[2026-04-07T06:39:42.063Z] [ERROR] Error: Command failed: node orchestration/scrape-canvas.mjs
❌ Missing --user-id parameter
Usage: node scrape-canvas.mjs --user-id=USER_ID

    at genericNodeError (node:internal/errors:985:15)
    at wrappedFn (node:internal/errors:539:14)
    at ChildProcess.exithandler (node:child_process:417:12)
    at ChildProcess.emit (node:events:508:28)
    at maybeClose (node:internal/child_process:1100:16)
    at ChildProcess._handle.onexit (node:internal/child_process:305:5)
[2026-04-07T06:39:42.063Z] [INFO]   → Embedding new messages...
[2026-04-07T06:39:44.092Z] [INFO]   ✅ Embedded 0 new messages
[2026-04-07T06:39:44.092Z] [INFO]   → Running project detection...
[2026-04-07T06:39:45.104Z] [INFO]   ✅ Detected 0 projects
[2026-04-07T06:39:45.104Z] [INFO] Refresh cycle complete in 3.2s
[2026-04-07T06:40:11.952Z] [INFO] Starting refresh cycle...
[2026-04-07T06:40:11.952Z] [INFO]   → Scraping Canvas for new assignments...
[2026-04-07T06:40:12.081Z] [ERROR]   ⚠️  Canvas scrape failed: Command failed: node orchestration/scrape-canvas.mjs
❌ Missing --user-id parameter
Usage: node scrape-canvas.mjs --user-id=USER_ID

[2026-04-07T06:40:12.081Z] [ERROR] Error: Command failed: node orchestration/scrape-canvas.mjs
❌ Missing --user-id parameter
Usage: node scrape-canvas.mjs --user-id=USER_ID

    at genericNodeError (node:internal/errors:985:15)
    at wrappedFn (node:internal/errors:539:14)
    at ChildProcess.exithandler (node:child_process:417:12)
    at ChildProcess.emit (node:events:508:28)
    at maybeClose (node:internal/child_process:1100:16)
    at ChildProcess._handle.onexit (node:internal/child_process:305:5)
[2026-04-07T06:40:12.081Z] [INFO]   → Embedding new messages...
[2026-04-07T06:40:14.071Z] [INFO]   ✅ Embedded 0 new messages
[2026-04-07T06:40:14.071Z] [INFO]   → Running project detection...
[2026-04-07T06:40:15.081Z] [INFO]   ✅ Detected 0 projects
[2026-04-07T06:40:15.081Z] [INFO] Refresh cycle complete in 3.1s
[2026-04-07T06:40:41.953Z] [INFO] Starting refresh cycle...
[2026-04-07T06:40:41.953Z] [INFO]   → Scraping Canvas for new assignments...
[2026-04-07T06:40:42.073Z] [ERROR]   ⚠️  Canvas scrape failed: Command failed: node orchestration/scrape-canvas.mjs
❌ Missing --user-id parameter
Usage: node scrape-canvas.mjs --user-id=USER_ID

[2026-04-07T06:40:42.073Z] [ERROR] Error: Command failed: node orchestration/scrape-canvas.mjs
❌ Missing --user-id parameter
Usage: node scrape-canvas.mjs --user-id=USER_ID

    at genericNodeError (node:internal/errors:985:15)
    at wrappedFn (node:internal/errors:539:14)
    at ChildProcess.exithandler (node:child_process:417:12)
    at ChildProcess.emit (node:events:508:28)
    at maybeClose (node:internal/child_process:1100:16)
    at ChildProcess._handle.onexit (node:internal/child_process:305:5)
[2026-04-07T06:40:42.073Z] [INFO]   → Embedding new messages...
[2026-04-07T06:40:44.064Z] [INFO]   ✅ Embedded 0 new messages
[2026-04-07T06:40:44.064Z] [INFO]   → Running project detection...
[2026-04-07T06:40:45.065Z] [INFO]   ✅ Detected 0 projects
[2026-04-07T06:40:45.065Z] [INFO] Refresh cycle complete in 3.1s
[2026-04-07T06:41:11.955Z] [INFO] Starting refresh cycle...
[2026-04-07T06:41:11.955Z] [INFO]   → Scraping Canvas for new assignments...
[2026-04-07T06:41:12.075Z] [ERROR]   ⚠️  Canvas scrape failed: Command failed: node orchestration/scrape-canvas.mjs
❌ Missing --user-id parameter
Usage: node scrape-canvas.mjs --user-id=USER_ID

[2026-04-07T06:41:12.075Z] [ERROR] Error: Command failed: node orchestration/scrape-canvas.mjs
❌ Missing --user-id parameter
Usage: node scrape-canvas.mjs --user-id=USER_ID

    at genericNodeError (node:internal/errors:985:15)
    at wrappedFn (node:internal/errors:539:14)
    at ChildProcess.exithandler (node:child_process:417:12)
    at ChildProcess.emit (node:events:508:28)
    at maybeClose (node:internal/child_process:1100:16)
    at ChildProcess._handle.onexit (node:internal/child_process:305:5)
[2026-04-07T06:41:12.075Z] [INFO]   → Embedding new messages...
[2026-04-07T06:41:14.070Z] [INFO]   ✅ Embedded 0 new messages
[2026-04-07T06:41:14.071Z] [INFO]   → Running project detection...
[2026-04-07T06:41:15.070Z] [INFO]   ✅ Detected 0 projects
[2026-04-07T06:41:15.071Z] [INFO] Refresh cycle complete in 3.1s
[2026-04-07T06:41:41.966Z] [INFO] Starting refresh cycle...
[2026-04-07T06:41:41.966Z] [INFO]   → Scraping Canvas for new assignments...
[2026-04-07T06:41:42.097Z] [ERROR]   ⚠️  Canvas scrape failed: Command failed: node orchestration/scrape-canvas.mjs
❌ Missing --user-id parameter
Usage: node scrape-canvas.mjs --user-id=USER_ID

[2026-04-07T06:41:42.097Z] [ERROR] Error: Command failed: node orchestration/scrape-canvas.mjs
❌ Missing --user-id parameter
Usage: node scrape-canvas.mjs --user-id=USER_ID

    at genericNodeError (node:internal/errors:985:15)
    at wrappedFn (node:internal/errors:539:14)
    at ChildProcess.exithandler (node:child_process:417:12)
    at ChildProcess.emit (node:events:508:28)
    at maybeClose (node:internal/child_process:1100:16)
    at ChildProcess._handle.onexit (node:internal/child_process:305:5)
[2026-04-07T06:41:42.098Z] [INFO]   → Embedding new messages...
[2026-04-07T06:41:44.148Z] [INFO]   ✅ Embedded 0 new messages
[2026-04-07T06:41:44.148Z] [INFO]   → Running project detection...
[2026-04-07T06:41:45.160Z] [INFO]   ✅ Detected 0 projects
[2026-04-07T06:41:45.161Z] [INFO] Refresh cycle complete in 3.2s
[2026-04-07T06:42:11.978Z] [INFO] Starting refresh cycle...
[2026-04-07T06:42:11.978Z] [INFO]   → Scraping Canvas for new assignments...
[2026-04-07T06:42:12.111Z] [ERROR]   ⚠️  Canvas scrape failed: Command failed: node orchestration/scrape-canvas.mjs
❌ Missing --user-id parameter
Usage: node scrape-canvas.mjs --user-id=USER_ID

[2026-04-07T06:42:12.112Z] [ERROR] Error: Command failed: node orchestration/scrape-canvas.mjs
❌ Missing --user-id parameter
Usage: node scrape-canvas.mjs --user-id=USER_ID

    at genericNodeError (node:internal/errors:985:15)
    at wrappedFn (node:internal/errors:539:14)
    at ChildProcess.exithandler (node:child_process:417:12)
    at ChildProcess.emit (node:events:508:28)
    at maybeClose (node:internal/child_process:1100:16)
    at ChildProcess._handle.onexit (node:internal/child_process:305:5)
[2026-04-07T06:42:12.112Z] [INFO]   → Embedding new messages...
[2026-04-07T06:42:14.112Z] [INFO]   ✅ Embedded 0 new messages
[2026-04-07T06:42:14.112Z] [INFO]   → Running project detection...
[2026-04-07T06:42:15.097Z] [INFO]   ✅ Detected 0 projects
[2026-04-07T06:42:15.097Z] [INFO] Refresh cycle complete in 3.1s
[2026-04-07T06:42:41.985Z] [INFO] Starting refresh cycle...
[2026-04-07T06:42:41.985Z] [INFO]   → Scraping Canvas for new assignments...
[2026-04-07T06:42:42.119Z] [ERROR]   ⚠️  Canvas scrape failed: Command failed: node orchestration/scrape-canvas.mjs
❌ Missing --user-id parameter
Usage: node scrape-canvas.mjs --user-id=USER_ID

[2026-04-07T06:42:42.119Z] [ERROR] Error: Command failed: node orchestration/scrape-canvas.mjs
❌ Missing --user-id parameter
Usage: node scrape-canvas.mjs --user-id=USER_ID

    at genericNodeError (node:internal/errors:985:15)
    at wrappedFn (node:internal/errors:539:14)
    at ChildProcess.exithandler (node:child_process:417:12)
    at ChildProcess.emit (node:events:508:28)
    at maybeClose (node:internal/child_process:1100:16)
    at ChildProcess._handle.onexit (node:internal/child_process:305:5)
[2026-04-07T06:42:42.119Z] [INFO]   → Embedding new messages...
[2026-04-07T06:42:44.103Z] [INFO]   ✅ Embedded 0 new messages
[2026-04-07T06:42:44.103Z] [INFO]   → Running project detection...
[2026-04-07T06:42:45.105Z] [INFO]   ✅ Detected 0 projects
[2026-04-07T06:42:45.106Z] [INFO] Refresh cycle complete in 3.1s
[2026-04-07T06:43:11.991Z] [INFO] Starting refresh cycle...
[2026-04-07T06:43:11.991Z] [INFO]   → Scraping Canvas for new assignments...
[2026-04-07T06:43:12.109Z] [ERROR]   ⚠️  Canvas scrape failed: Command failed: node orchestration/scrape-canvas.mjs
❌ Missing --user-id parameter
Usage: node scrape-canvas.mjs --user-id=USER_ID

[2026-04-07T06:43:12.109Z] [ERROR] Error: Command failed: node orchestration/scrape-canvas.mjs
❌ Missing --user-id parameter
Usage: node scrape-canvas.mjs --user-id=USER_ID

    at genericNodeError (node:internal/errors:985:15)
    at wrappedFn (node:internal/errors:539:14)
    at ChildProcess.exithandler (node:child_process:417:12)
    at ChildProcess.emit (node:events:508:28)
    at maybeClose (node:internal/child_process:1100:16)
    at ChildProcess._handle.onexit (node:internal/child_process:305:5)
[2026-04-07T06:43:12.110Z] [INFO]   → Embedding new messages...
[2026-04-07T06:43:14.103Z] [INFO]   ✅ Embedded 0 new messages
[2026-04-07T06:43:14.103Z] [INFO]   → Running project detection...
[2026-04-07T06:43:15.107Z] [INFO]   ✅ Detected 0 projects
[2026-04-07T06:43:15.107Z] [INFO] Refresh cycle complete in 3.1s
[2026-04-07T06:43:42.004Z] [INFO] Starting refresh cycle...
[2026-04-07T06:43:42.004Z] [INFO]   → Scraping Canvas for new assignments...
[2026-04-07T06:43:42.124Z] [ERROR]   ⚠️  Canvas scrape failed: Command failed: node orchestration/scrape-canvas.mjs
❌ Missing --user-id parameter
Usage: node scrape-canvas.mjs --user-id=USER_ID

[2026-04-07T06:43:42.124Z] [ERROR] Error: Command failed: node orchestration/scrape-canvas.mjs
❌ Missing --user-id parameter
Usage: node scrape-canvas.mjs --user-id=USER_ID

    at genericNodeError (node:internal/errors:985:15)
    at wrappedFn (node:internal/errors:539:14)
    at ChildProcess.exithandler (node:child_process:417:12)
    at ChildProcess.emit (node:events:508:28)
    at maybeClose (node:internal/child_process:1100:16)
    at ChildProcess._handle.onexit (node:internal/child_process:305:5)
[2026-04-07T06:43:42.125Z] [INFO]   → Embedding new messages...
[2026-04-07T06:43:44.108Z] [INFO]   ✅ Embedded 0 new messages
[2026-04-07T06:43:44.108Z] [INFO]   → Running project detection...
[2026-04-07T06:43:45.107Z] [INFO]   ✅ Detected 0 projects
[2026-04-07T06:43:45.107Z] [INFO] Refresh cycle complete in 3.1s
[2026-04-07T06:44:12.004Z] [INFO] Starting refresh cycle...
[2026-04-07T06:44:12.005Z] [INFO]   → Scraping Canvas for new assignments...
[2026-04-07T06:44:12.124Z] [ERROR]   ⚠️  Canvas scrape failed: Command failed: node orchestration/scrape-canvas.mjs
❌ Missing --user-id parameter
Usage: node scrape-canvas.mjs --user-id=USER_ID

[2026-04-07T06:44:12.124Z] [ERROR] Error: Command failed: node orchestration/scrape-canvas.mjs
❌ Missing --user-id parameter
Usage: node scrape-canvas.mjs --user-id=USER_ID

    at genericNodeError (node:internal/errors:985:15)
    at wrappedFn (node:internal/errors:539:14)
    at ChildProcess.exithandler (node:child_process:417:12)
    at ChildProcess.emit (node:events:508:28)
    at maybeClose (node:internal/child_process:1100:16)
    at ChildProcess._handle.onexit (node:internal/child_process:305:5)
[2026-04-07T06:44:12.124Z] [INFO]   → Embedding new messages...
[2026-04-07T06:44:14.130Z] [INFO]   ✅ Embedded 0 new messages
[2026-04-07T06:44:14.130Z] [INFO]   → Running project detection...
[2026-04-07T06:44:15.133Z] [INFO]   ✅ Detected 0 projects
[2026-04-07T06:44:15.134Z] [INFO] Refresh cycle complete in 3.1s
[2026-04-07T06:44:42.015Z] [INFO] Starting refresh cycle...
[2026-04-07T06:44:42.015Z] [INFO]   → Scraping Canvas for new assignments...
[2026-04-07T06:44:42.135Z] [ERROR]   ⚠️  Canvas scrape failed: Command failed: node orchestration/scrape-canvas.mjs
❌ Missing --user-id parameter
Usage: node scrape-canvas.mjs --user-id=USER_ID

[2026-04-07T06:44:42.135Z] [ERROR] Error: Command failed: node orchestration/scrape-canvas.mjs
❌ Missing --user-id parameter
Usage: node scrape-canvas.mjs --user-id=USER_ID

    at genericNodeError (node:internal/errors:985:15)
    at wrappedFn (node:internal/errors:539:14)
    at ChildProcess.exithandler (node:child_process:417:12)
    at ChildProcess.emit (node:events:508:28)
    at maybeClose (node:internal/child_process:1100:16)
    at ChildProcess._handle.onexit (node:internal/child_process:305:5)
[2026-04-07T06:44:42.135Z] [INFO]   → Embedding new messages...
[2026-04-07T06:44:44.131Z] [INFO]   ✅ Embedded 0 new messages
[2026-04-07T06:44:44.132Z] [INFO]   → Running project detection...
[2026-04-07T06:44:45.136Z] [INFO]   ✅ Detected 0 projects
[2026-04-07T06:44:45.136Z] [INFO] Refresh cycle complete in 3.1s
[2026-04-07T06:45:12.030Z] [INFO] Starting refresh cycle...
[2026-04-07T06:45:12.030Z] [INFO]   → Scraping Canvas for new assignments...
[2026-04-07T06:45:12.149Z] [ERROR]   ⚠️  Canvas scrape failed: Command failed: node orchestration/scrape-canvas.mjs
❌ Missing --user-id parameter
Usage: node scrape-canvas.mjs --user-id=USER_ID

[2026-04-07T06:45:12.149Z] [ERROR] Error: Command failed: node orchestration/scrape-canvas.mjs
❌ Missing --user-id parameter
Usage: node scrape-canvas.mjs --user-id=USER_ID

    at genericNodeError (node:internal/errors:985:15)
    at wrappedFn (node:internal/errors:539:14)
    at ChildProcess.exithandler (node:child_process:417:12)
    at ChildProcess.emit (node:events:508:28)
    at maybeClose (node:internal/child_process:1100:16)
    at ChildProcess._handle.onexit (node:internal/child_process:305:5)
[2026-04-07T06:45:12.149Z] [INFO]   → Embedding new messages...
[2026-04-07T06:45:14.151Z] [INFO]   ✅ Embedded 0 new messages
[2026-04-07T06:45:14.151Z] [INFO]   → Running project detection...
[2026-04-07T06:45:15.137Z] [INFO]   ✅ Detected 0 projects
[2026-04-07T06:45:15.137Z] [INFO] Refresh cycle complete in 3.1s
[2026-04-07T06:45:42.045Z] [INFO] Starting refresh cycle...
[2026-04-07T06:45:42.045Z] [INFO]   → Scraping Canvas for new assignments...
[2026-04-07T06:45:42.164Z] [ERROR]   ⚠️  Canvas scrape failed: Command failed: node orchestration/scrape-canvas.mjs
❌ Missing --user-id parameter
Usage: node scrape-canvas.mjs --user-id=USER_ID

[2026-04-07T06:45:42.165Z] [ERROR] Error: Command failed: node orchestration/scrape-canvas.mjs
❌ Missing --user-id parameter
Usage: node scrape-canvas.mjs --user-id=USER_ID

    at genericNodeError (node:internal/errors:985:15)
    at wrappedFn (node:internal/errors:539:14)
    at ChildProcess.exithandler (node:child_process:417:12)
    at ChildProcess.emit (node:events:508:28)
    at maybeClose (node:internal/child_process:1100:16)
    at ChildProcess._handle.onexit (node:internal/child_process:305:5)
[2026-04-07T06:45:42.165Z] [INFO]   → Embedding new messages...
[2026-04-07T06:45:44.142Z] [INFO]   ✅ Embedded 0 new messages
[2026-04-07T06:45:44.142Z] [INFO]   → Running project detection...
[2026-04-07T06:45:45.130Z] [INFO]   ✅ Detected 0 projects
[2026-04-07T06:45:45.130Z] [INFO] Refresh cycle complete in 3.1s
[2026-04-07T06:46:12.058Z] [INFO] Starting refresh cycle...
[2026-04-07T06:46:12.058Z] [INFO]   → Scraping Canvas for new assignments...
[2026-04-07T06:46:12.190Z] [ERROR]   ⚠️  Canvas scrape failed: Command failed: node orchestration/scrape-canvas.mjs
❌ Missing --user-id parameter
Usage: node scrape-canvas.mjs --user-id=USER_ID

[2026-04-07T06:46:12.190Z] [ERROR] Error: Command failed: node orchestration/scrape-canvas.mjs
❌ Missing --user-id parameter
Usage: node scrape-canvas.mjs --user-id=USER_ID

    at genericNodeError (node:internal/errors:985:15)
    at wrappedFn (node:internal/errors:539:14)
    at ChildProcess.exithandler (node:child_process:417:12)
    at ChildProcess.emit (node:events:508:28)
    at maybeClose (node:internal/child_process:1100:16)
    at ChildProcess._handle.onexit (node:internal/child_process:305:5)
[2026-04-07T06:46:12.190Z] [INFO]   → Embedding new messages...
[2026-04-07T06:46:14.251Z] [INFO]   ✅ Embedded 0 new messages
[2026-04-07T06:46:14.251Z] [INFO]   → Running project detection...
[2026-04-07T06:46:15.234Z] [INFO]   ✅ Detected 0 projects
[2026-04-07T06:46:15.234Z] [INFO] Refresh cycle complete in 3.2s
[2026-04-07T06:46:42.059Z] [INFO] Starting refresh cycle...
[2026-04-07T06:46:42.060Z] [INFO]   → Scraping Canvas for new assignments...
[2026-04-07T06:46:42.178Z] [ERROR]   ⚠️  Canvas scrape failed: Command failed: node orchestration/scrape-canvas.mjs
❌ Missing --user-id parameter
Usage: node scrape-canvas.mjs --user-id=USER_ID

[2026-04-07T06:46:42.179Z] [ERROR] Error: Command failed: node orchestration/scrape-canvas.mjs
❌ Missing --user-id parameter
Usage: node scrape-canvas.mjs --user-id=USER_ID

    at genericNodeError (node:internal/errors:985:15)
    at wrappedFn (node:internal/errors:539:14)
    at ChildProcess.exithandler (node:child_process:417:12)
    at ChildProcess.emit (node:events:508:28)
    at maybeClose (node:internal/child_process:1100:16)
    at ChildProcess._handle.onexit (node:internal/child_process:305:5)
[2026-04-07T06:46:42.179Z] [INFO]   → Embedding new messages...
[2026-04-07T06:46:44.175Z] [INFO]   ✅ Embedded 0 new messages
[2026-04-07T06:46:44.176Z] [INFO]   → Running project detection...
[2026-04-07T06:46:45.176Z] [INFO]   ✅ Detected 0 projects
[2026-04-07T06:46:45.176Z] [INFO] Refresh cycle complete in 3.1s
[2026-04-07T06:47:12.069Z] [INFO] Starting refresh cycle...
[2026-04-07T06:47:12.069Z] [INFO]   → Scraping Canvas for new assignments...
[2026-04-07T06:47:12.205Z] [ERROR]   ⚠️  Canvas scrape failed: Command failed: node orchestration/scrape-canvas.mjs
❌ Missing --user-id parameter
Usage: node scrape-canvas.mjs --user-id=USER_ID

[2026-04-07T06:47:12.205Z] [ERROR] Error: Command failed: node orchestration/scrape-canvas.mjs
❌ Missing --user-id parameter
Usage: node scrape-canvas.mjs --user-id=USER_ID

    at genericNodeError (node:internal/errors:985:15)
    at wrappedFn (node:internal/errors:539:14)
    at ChildProcess.exithandler (node:child_process:417:12)
    at ChildProcess.emit (node:events:508:28)
    at maybeClose (node:internal/child_process:1100:16)
    at ChildProcess._handle.onexit (node:internal/child_process:305:5)
[2026-04-07T06:47:12.205Z] [INFO]   → Embedding new messages...
[2026-04-07T06:47:14.209Z] [INFO]   ✅ Embedded 0 new messages
[2026-04-07T06:47:14.209Z] [INFO]   → Running project detection...
[2026-04-07T06:47:15.202Z] [INFO]   ✅ Detected 0 projects
[2026-04-07T06:47:15.202Z] [INFO] Refresh cycle complete in 3.1s
